zone,pickup_hour,trips
Arat Kilo,2025-10-18 00:00:00,3
Ayat,2025-10-18 00:00:00,7
Bole,2025-10-18 00:00:00,81
CMC,2025-10-18 00:00:00,4
Gerji,2025-10-18 00:00:00,5
Kazanchis,2025-10-18 00:00:00,9
Kolfe,2025-10-18 00:00:00,10
Lideta,2025-10-18 00:00:00,7
Megenagna,2025-10-18 00:00:00,11
Merkato,2025-10-18 00:00:00,4
Piassa,2025-10-18 00:00:00,5
Sarbet,2025-10-18 00:00:00,14
Arat Kilo,2025-10-18 01:00:00,2
Ayat,2025-10-18 01:00:00,1
Bole,2025-10-18 01:00:00,66
CMC,2025-10-18 01:00:00,9
Gerji,2025-10-18 01:00:00,4
Kazanchis,2025-10-18 01:00:00,7
Kolfe,2025-10-18 01:00:00,4
Lideta,2025-10-18 01:00:00,12
Megenagna,2025-10-18 01:00:00,7
Merkato,2025-10-18 01:00:00,12
Piassa,2025-10-18 01:00:00,4
Sarbet,2025-10-18 01:00:00,2
Arat Kilo,2025-10-18 02:00:00,3
Ayat,2025-10-18 02:00:00,1
Bole,2025-10-18 02:00:00,43
CMC,2025-10-18 02:00:00,7
Gerji,2025-10-18 02:00:00,3
Kazanchis,2025-10-18 02:00:00,5
Kolfe,2025-10-18 02:00:00,1
Lideta,2025-10-18 02:00:00,9
Megenagna,2025-10-18 02:00:00,9
Merkato,2025-10-18 02:00:00,5
Piassa,2025-10-18 02:00:00,5
Sarbet,2025-10-18 02:00:00,3
Arat Kilo,2025-10-18 03:00:00,6
Ayat,2025-10-18 03:00:00,6
Bole,2025-10-18 03:00:00,27
CMC,2025-10-18 03:00:00,2
Gerji,2025-10-18 03:00:00,2
Kazanchis,2025-10-18 03:00:00,6
Kolfe,2025-10-18 03:00:00,9
Lideta,2025-10-18 03:00:00,8
Megenagna,2025-10-18 03:00:00,15
Merkato,2025-10-18 03:00:00,2
Piassa,2025-10-18 03:00:00,9
Arat Kilo,2025-10-18 04:00:00,2
Ayat,2025-10-18 04:00:00,6
Bole,2025-10-18 04:00:00,22
CMC,2025-10-18 04:00:00,8
Gerji,2025-10-18 04:00:00,9
Kazanchis,2025-10-18 04:00:00,4
Kolfe,2025-10-18 04:00:00,6
Megenagna,2025-10-18 04:00:00,7
Merkato,2025-10-18 04:00:00,13
Piassa,2025-10-18 04:00:00,1
Sarbet,2025-10-18 04:00:00,4
Arat Kilo,2025-10-18 05:00:00,7
Ayat,2025-10-18 05:00:00,5
Bole,2025-10-18 05:00:00,52
CMC,2025-10-18 05:00:00,16
Gerji,2025-10-18 05:00:00,2
Kazanchis,2025-10-18 05:00:00,7
Kolfe,2025-10-18 05:00:00,4
Lideta,2025-10-18 05:00:00,11
Megenagna,2025-10-18 05:00:00,20
Merkato,2025-10-18 05:00:00,28
Piassa,2025-10-18 05:00:00,7
Sarbet,2025-10-18 05:00:00,5
Arat Kilo,2025-10-18 06:00:00,8
Ayat,2025-10-18 06:00:00,10
Bole,2025-10-18 06:00:00,48
CMC,2025-10-18 06:00:00,12
Gerji,2025-10-18 06:00:00,11
Kazanchis,2025-10-18 06:00:00,5
Kolfe,2025-10-18 06:00:00,12
Lideta,2025-10-18 06:00:00,12
Megenagna,2025-10-18 06:00:00,23
Merkato,2025-10-18 06:00:00,66
Piassa,2025-10-18 06:00:00,5
Sarbet,2025-10-18 06:00:00,10
Arat Kilo,2025-10-18 07:00:00,6
Ayat,2025-10-18 07:00:00,16
Bole,2025-10-18 07:00:00,38
CMC,2025-10-18 07:00:00,20
Gerji,2025-10-18 07:00:00,23
Kazanchis,2025-10-18 07:00:00,6
Kolfe,2025-10-18 07:00:00,24
Lideta,2025-10-18 07:00:00,21
Merkato,2025-10-18 07:00:00,137
Piassa,2025-10-18 07:00:00,12
Sarbet,2025-10-18 07:00:00,20
Arat Kilo,2025-10-18 08:00:00,17
Ayat,2025-10-18 08:00:00,20
Bole,2025-10-18 08:00:00,13
CMC,2025-10-18 08:00:00,27
Gerji,2025-10-18 08:00:00,23
Kazanchis,2025-10-18 08:00:00,15
Kolfe,2025-10-18 08:00:00,23
Lideta,2025-10-18 08:00:00,18
Megenagna,2025-10-18 08:00:00,39
Merkato,2025-10-18 08:00:00,95
Piassa,2025-10-18 08:00:00,14
Sarbet,2025-10-18 08:00:00,27
Arat Kilo,2025-10-18 09:00:00,10
Ayat,2025-10-18 09:00:00,26
Bole,2025-10-18 09:00:00,20
CMC,2025-10-18 09:00:00,37
Gerji,2025-10-18 09:00:00,24
Kazanchis,2025-10-18 09:00:00,15
Kolfe,2025-10-18 09:00:00,31
Lideta,2025-10-18 09:00:00,34
Megenagna,2025-10-18 09:00:00,40
Merkato,2025-10-18 09:00:00,66
Piassa,2025-10-18 09:00:00,23
Sarbet,2025-10-18 09:00:00,32
Arat Kilo,2025-10-18 10:00:00,14
Ayat,2025-10-18 10:00:00,40
Bole,2025-10-18 10:00:00,37
CMC,2025-10-18 10:00:00,30
Gerji,2025-10-18 10:00:00,40
Kazanchis,2025-10-18 10:00:00,25
Kolfe,2025-10-18 10:00:00,44
Lideta,2025-10-18 10:00:00,34
Megenagna,2025-10-18 10:00:00,51
Merkato,2025-10-18 10:00:00,104
Piassa,2025-10-18 10:00:00,26
Sarbet,2025-10-18 10:00:00,37
Arat Kilo,2025-10-18 11:00:00,28
Ayat,2025-10-18 11:00:00,34
Bole,2025-10-18 11:00:00,28
CMC,2025-10-18 11:00:00,39
Gerji,2025-10-18 11:00:00,55
Kazanchis,2025-10-18 11:00:00,26
Kolfe,2025-10-18 11:00:00,48
Megenagna,2025-10-18 11:00:00,55
Merkato,2025-10-18 11:00:00,134
Piassa,2025-10-18 11:00:00,21
Sarbet,2025-10-18 11:00:00,34
Arat Kilo,2025-10-18 12:00:00,14
Ayat,2025-10-18 12:00:00,44
Bole,2025-10-18 12:00:00,48
CMC,2025-10-18 12:00:00,49
Gerji,2025-10-18 12:00:00,39
Kazanchis,2025-10-18 12:00:00,24
Kolfe,2025-10-18 12:00:00,36
Lideta,2025-10-18 12:00:00,33
Megenagna,2025-10-18 12:00:00,53
Merkato,2025-10-18 12:00:00,131
Piassa,2025-10-18 12:00:00,24
Sarbet,2025-10-18 12:00:00,50
Arat Kilo,2025-10-18 13:00:00,23
Ayat,2025-10-18 13:00:00,37
Bole,2025-10-18 13:00:00,38
Gerji,2025-10-18 13:00:00,41
Kazanchis,2025-10-18 13:00:00,28
Kolfe,2025-10-18 13:00:00,46
Megenagna,2025-10-18 13:00:00,66
Merkato,2025-10-18 13:00:00,146
Piassa,2025-10-18 13:00:00,26
Sarbet,2025-10-18 13:00:00,34
Arat Kilo,2025-10-18 14:00:00,22
Ayat,2025-10-18 14:00:00,29
Bole,2025-10-18 14:00:00,39
CMC,2025-10-18 14:00:00,56
Gerji,2025-10-18 14:00:00,50
Kazanchis,2025-10-18 14:00:00,39
Lideta,2025-10-18 14:00:00,49
Megenagna,2025-10-18 14:00:00,65
Merkato,2025-10-18 14:00:00,158
Piassa,2025-10-18 14:00:00,26
Sarbet,2025-10-18 14:00:00,51
Arat Kilo,2025-10-18 15:00:00,17
Ayat,2025-10-18 15:00:00,27
Bole,2025-10-18 15:00:00,42
CMC,2025-10-18 15:00:00,51
Gerji,2025-10-18 15:00:00,57
Kazanchis,2025-10-18 15:00:00,31
Kolfe,2025-10-18 15:00:00,31
Lideta,2025-10-18 15:00:00,40
Megenagna,2025-10-18 15:00:00,46
Merkato,2025-10-18 15:00:00,120
Piassa,2025-10-18 15:00:00,31
Sarbet,2025-10-18 15:00:00,34
Arat Kilo,2025-10-18 16:00:00,14
Ayat,2025-10-18 16:00:00,27
CMC,2025-10-18 16:00:00,41
Gerji,2025-10-18 16:00:00,46
Kazanchis,2025-10-18 16:00:00,36
Kolfe,2025-10-18 16:00:00,50
Lideta,2025-10-18 16:00:00,53
Megenagna,2025-10-18 16:00:00,59
Merkato,2025-10-18 16:00:00,89
Sarbet,2025-10-18 16:00:00,30
Arat Kilo,2025-10-18 17:00:00,15
Ayat,2025-10-18 17:00:00,35
Bole,2025-10-18 17:00:00,46
Gerji,2025-10-18 17:00:00,48
Kazanchis,2025-10-18 17:00:00,36
Kolfe,2025-10-18 17:00:00,28
Lideta,2025-10-18 17:00:00,45
Megenagna,2025-10-18 17:00:00,47
Merkato,2025-10-18 17:00:00,106
Piassa,2025-10-18 17:00:00,28
Sarbet,2025-10-18 17:00:00,33
Arat Kilo,2025-10-18 18:00:00,25
Ayat,2025-10-18 18:00:00,45
Bole,2025-10-18 18:00:00,54
CMC,2025-10-18 18:00:00,63
Gerji,2025-10-18 18:00:00,40
Kazanchis,2025-10-18 18:00:00,61
Kolfe,2025-10-18 18:00:00,57
Lideta,2025-10-18 18:00:00,39
Megenagna,2025-10-18 18:00:00,49
Merkato,2025-10-18 18:00:00,67
Piassa,2025-10-18 18:00:00,46
Sarbet,2025-10-18 18:00:00,31
Arat Kilo,2025-10-18 19:00:00,29
Ayat,2025-10-18 19:00:00,38
Bole,2025-10-18 19:00:00,58
CMC,2025-10-18 19:00:00,55
Gerji,2025-10-18 19:00:00,53
Kazanchis,2025-10-18 19:00:00,45
Kolfe,2025-10-18 19:00:00,47
Lideta,2025-10-18 19:00:00,37
Megenagna,2025-10-18 19:00:00,47
Merkato,2025-10-18 19:00:00,41
Piassa,2025-10-18 19:00:00,40
Sarbet,2025-10-18 19:00:00,46
Arat Kilo,2025-10-18 20:00:00,19
Ayat,2025-10-18 20:00:00,28
Bole,2025-10-18 20:00:00,72
CMC,2025-10-18 20:00:00,35
Gerji,2025-10-18 20:00:00,36
Kazanchis,2025-10-18 20:00:00,29
Kolfe,2025-10-18 20:00:00,41
Lideta,2025-10-18 20:00:00,32
Megenagna,2025-10-18 20:00:00,46
Merkato,2025-10-18 20:00:00,14
Sarbet,2025-10-18 20:00:00,26
Arat Kilo,2025-10-18 21:00:00,16
Ayat,2025-10-18 21:00:00,25
Bole,2025-10-18 21:00:00,115
CMC,2025-10-18 21:00:00,29
Gerji,2025-10-18 21:00:00,31
Kazanchis,2025-10-18 21:00:00,28
Kolfe,2025-10-18 21:00:00,34
Lideta,2025-10-18 21:00:00,18
Megenagna,2025-10-18 21:00:00,26
Merkato,2025-10-18 21:00:00,4
Piassa,2025-10-18 21:00:00,24
Sarbet,2025-10-18 21:00:00,44
Arat Kilo,2025-10-18 22:00:00,19
Ayat,2025-10-18 22:00:00,16
Bole,2025-10-18 22:00:00,137
CMC,2025-10-18 22:00:00,20
Kazanchis,2025-10-18 22:00:00,16
Kolfe,2025-10-18 22:00:00,12
Lideta,2025-10-18 22:00:00,23
Megenagna,2025-10-18 22:00:00,21
Merkato,2025-10-18 22:00:00,5
Piassa,2025-10-18 22:00:00,12
Arat Kilo,2025-10-18 23:00:00,4
Ayat,2025-10-18 23:00:00,20
Bole,2025-10-18 23:00:00,109
CMC,2025-10-18 23:00:00,14
Gerji,2025-10-18 23:00:00,17
Kazanchis,2025-10-18 23:00:00,14
Kolfe,2025-10-18 23:00:00,11
Lideta,2025-10-18 23:00:00,6
Megenagna,2025-10-18 23:00:00,19
Merkato,2025-10-18 23:00:00,8
Sarbet,2025-10-18 23:00:00,4
Arat Kilo,2025-10-19 00:00:00,3
Ayat,2025-10-19 00:00:00,6
Bole,2025-10-19 00:00:00,130
CMC,2025-10-19 00:00:00,4
Gerji,2025-10-19 00:00:00,6
Kazanchis,2025-10-19 00:00:00,10
Kolfe,2025-10-19 00:00:00,7
Lideta,2025-10-19 00:00:00,7
Megenagna,2025-10-19 00:00:00,14
Merkato,2025-10-19 00:00:00,0
Piassa,2025-10-19 00:00:00,10
Sarbet,2025-10-19 00:00:00,4
Arat Kilo,2025-10-19 01:00:00,8
Ayat,2025-10-19 01:00:00,9
Bole,2025-10-19 01:00:00,72
CMC,2025-10-19 01:00:00,0
Gerji,2025-10-19 01:00:00,5
Kazanchis,2025-10-19 01:00:00,5
Kolfe,2025-10-19 01:00:00,12
Lideta,2025-10-19 01:00:00,11
Megenagna,2025-10-19 01:00:00,5
Merkato,2025-10-19 01:00:00,3
Piassa,2025-10-19 01:00:00,2
Sarbet,2025-10-19 01:00:00,6
Arat Kilo,2025-10-19 02:00:00,4
Ayat,2025-10-19 02:00:00,5
Bole,2025-10-19 02:00:00,34
CMC,2025-10-19 02:00:00,7
Gerji,2025-10-19 02:00:00,4
Kazanchis,2025-10-19 02:00:00,6
Kolfe,2025-10-19 02:00:00,3
Lideta,2025-10-19 02:00:00,6
Megenagna,2025-10-19 02:00:00,15
Merkato,2025-10-19 02:00:00,3
Piassa,2025-10-19 02:00:00,4
Sarbet,2025-10-19 02:00:00,6
Arat Kilo,2025-10-19 03:00:00,1
Ayat,2025-10-19 03:00:00,1
Bole,2025-10-19 03:00:00,18
CMC,2025-10-19 03:00:00,11
Gerji,2025-10-19 03:00:00,5
Kazanchis,2025-10-19 03:00:00,10
Kolfe,2025-10-19 03:00:00,7
Lideta,2025-10-19 03:00:00,10
Megenagna,2025-10-19 03:00:00,14
Merkato,2025-10-19 03:00:00,2
Piassa,2025-10-19 03:00:00,1
Sarbet,2025-10-19 03:00:00,7
Arat Kilo,2025-10-19 04:00:00,3
Bole,2025-10-19 04:00:00,33
CMC,2025-10-19 04:00:00,8
Gerji,2025-10-19 04:00:00,4
Kazanchis,2025-10-19 04:00:00,5
Kolfe,2025-10-19 04:00:00,4
Lideta,2025-10-19 04:00:00,5
Megenagna,2025-10-19 04:00:00,12
Merkato,2025-10-19 04:00:00,7
Piassa,2025-10-19 04:00:00,2
Sarbet,2025-10-19 04:00:00,5
Arat Kilo,2025-10-19 05:00:00,3
Ayat,2025-10-19 05:00:00,2
Bole,2025-10-19 05:00:00,35
CMC,2025-10-19 05:00:00,5
Gerji,2025-10-19 05:00:00,9
Kazanchis,2025-10-19 05:00:00,11
Kolfe,2025-10-19 05:00:00,6
Lideta,2025-10-19 05:00:00,13
Megenagna,2025-10-19 05:00:00,18
Merkato,2025-10-19 05:00:00,3
Piassa,2025-10-19 05:00:00,4
Sarbet,2025-10-19 05:00:00,4
Arat Kilo,2025-10-19 06:00:00,5
Ayat,2025-10-19 06:00:00,8
Bole,2025-10-19 06:00:00,55
CMC,2025-10-19 06:00:00,9
Gerji,2025-10-19 06:00:00,14
Kazanchis,2025-10-19 06:00:00,14
Kolfe,2025-10-19 06:00:00,7
Lideta,2025-10-19 06:00:00,19
Megenagna,2025-10-19 06:00:00,25
Merkato,2025-10-19 06:00:00,16
Piassa,2025-10-19 06:00:00,11
Sarbet,2025-10-19 06:00:00,17
Arat Kilo,2025-10-19 07:00:00,9
Ayat,2025-10-19 07:00:00,9
Bole,2025-10-19 07:00:00,49
CMC,2025-10-19 07:00:00,22
Gerji,2025-10-19 07:00:00,15
Kazanchis,2025-10-19 07:00:00,13
Kolfe,2025-10-19 07:00:00,16
Lideta,2025-10-19 07:00:00,17
Megenagna,2025-10-19 07:00:00,42
Merkato,2025-10-19 07:00:00,49
Piassa,2025-10-19 07:00:00,9
Sarbet,2025-10-19 07:00:00,14
Arat Kilo,2025-10-19 08:00:00,10
Ayat,2025-10-19 08:00:00,16
Bole,2025-10-19 08:00:00,22
CMC,2025-10-19 08:00:00,29
Gerji,2025-10-19 08:00:00,29
Kazanchis,2025-10-19 08:00:00,16
Kolfe,2025-10-19 08:00:00,17
Lideta,2025-10-19 08:00:00,34
Megenagna,2025-10-19 08:00:00,32
Merkato,2025-10-19 08:00:00,44
Piassa,2025-10-19 08:00:00,14
Sarbet,2025-10-19 08:00:00,31
Arat Kilo,2025-10-19 09:00:00,15
Ayat,2025-10-19 09:00:00,33
Bole,2025-10-19 09:00:00,22
CMC,2025-10-19 09:00:00,25
Gerji,2025-10-19 09:00:00,42
Kazanchis,2025-10-19 09:00:00,17
Kolfe,2025-10-19 09:00:00,35
Lideta,2025-10-19 09:00:00,39
Megenagna,2025-10-19 09:00:00,47
Merkato,2025-10-19 09:00:00,46
Piassa,2025-10-19 09:00:00,21
Sarbet,2025-10-19 09:00:00,18
Arat Kilo,2025-10-19 10:00:00,7
Ayat,2025-10-19 10:00:00,32
Bole,2025-10-19 10:00:00,29
CMC,2025-10-19 10:00:00,51
Gerji,2025-10-19 10:00:00,42
Kazanchis,2025-10-19 10:00:00,25
Kolfe,2025-10-19 10:00:00,29
Lideta,2025-10-19 10:00:00,36
Megenagna,2025-10-19 10:00:00,56
Merkato,2025-10-19 10:00:00,50
Piassa,2025-10-19 10:00:00,17
Sarbet,2025-10-19 10:00:00,28
Arat Kilo,2025-10-19 11:00:00,10
Ayat,2025-10-19 11:00:00,42
Bole,2025-10-19 11:00:00,31
CMC,2025-10-19 11:00:00,33
Gerji,2025-10-19 11:00:00,30
Kazanchis,2025-10-19 11:00:00,21
Kolfe,2025-10-19 11:00:00,38
Lideta,2025-10-19 11:00:00,50
Merkato,2025-10-19 11:00:00,61
Piassa,2025-10-19 11:00:00,21
Sarbet,2025-10-19 11:00:00,41
Arat Kilo,2025-10-19 12:00:00,16
Ayat,2025-10-19 12:00:00,43
CMC,2025-10-19 12:00:00,34
Gerji,2025-10-19 12:00:00,52
Kazanchis,2025-10-19 12:00:00,20
Kolfe,2025-10-19 12:00:00,45
Megenagna,2025-10-19 12:00:00,51
Merkato,2025-10-19 12:00:00,44
Piassa,2025-10-19 12:00:00,29
Sarbet,2025-10-19 12:00:00,35
Arat Kilo,2025-10-19 13:00:00,21
Ayat,2025-10-19 13:00:00,21
Bole,2025-10-19 13:00:00,39
CMC,2025-10-19 13:00:00,49
Gerji,2025-10-19 13:00:00,44
Kazanchis,2025-10-19 13:00:00,35
Kolfe,2025-10-19 13:00:00,45
Lideta,2025-10-19 13:00:00,50
Megenagna,2025-10-19 13:00:00,75
Merkato,2025-10-19 13:00:00,64
Piassa,2025-10-19 13:00:00,23
Sarbet,2025-10-19 13:00:00,45
Arat Kilo,2025-10-19 14:00:00,16
Ayat,2025-10-19 14:00:00,29
Bole,2025-10-19 14:00:00,49
CMC,2025-10-19 14:00:00,32
Gerji,2025-10-19 14:00:00,44
Kazanchis,2025-10-19 14:00:00,33
Kolfe,2025-10-19 14:00:00,33
Lideta,2025-10-19 14:00:00,49
Megenagna,2025-10-19 14:00:00,54
Merkato,2025-10-19 14:00:00,53
Piassa,2025-10-19 14:00:00,23
Sarbet,2025-10-19 14:00:00,40
Arat Kilo,2025-10-19 15:00:00,11
Ayat,2025-10-19 15:00:00,32
Bole,2025-10-19 15:00:00,44
CMC,2025-10-19 15:00:00,43
Gerji,2025-10-19 15:00:00,50
Kazanchis,2025-10-19 15:00:00,17
Kolfe,2025-10-19 15:00:00,35
Lideta,2025-10-19 15:00:00,42
Megenagna,2025-10-19 15:00:00,47
Merkato,2025-10-19 15:00:00,40
Piassa,2025-10-19 15:00:00,9
Sarbet,2025-10-19 15:00:00,44
Arat Kilo,2025-10-19 16:00:00,17
Ayat,2025-10-19 16:00:00,37
Bole,2025-10-19 16:00:00,51
CMC,2025-10-19 16:00:00,36
Kazanchis,2025-10-19 16:00:00,28
Lideta,2025-10-19 16:00:00,64
Megenagna,2025-10-19 16:00:00,45
Merkato,2025-10-19 16:00:00,23
Piassa,2025-10-19 16:00:00,25
Sarbet,2025-10-19 16:00:00,49
Arat Kilo,2025-10-19 17:00:00,26
Ayat,2025-10-19 17:00:00,40
Bole,2025-10-19 17:00:00,42
CMC,2025-10-19 17:00:00,50
Gerji,2025-10-19 17:00:00,54
Kazanchis,2025-10-19 17:00:00,40
Kolfe,2025-10-19 17:00:00,34
Megenagna,2025-10-19 17:00:00,52
Merkato,2025-10-19 17:00:00,28
Piassa,2025-10-19 17:00:00,29
Sarbet,2025-10-19 17:00:00,45
Arat Kilo,2025-10-19 18:00:00,18
Ayat,2025-10-19 18:00:00,37
Bole,2025-10-19 18:00:00,78
CMC,2025-10-19 18:00:00,45
Gerji,2025-10-19 18:00:00,49
Kazanchis,2025-10-19 18:00:00,36
Kolfe,2025-10-19 18:00:00,33
Lideta,2025-10-19 18:00:00,35
Megenagna,2025-10-19 18:00:00,61
Merkato,2025-10-19 18:00:00,15
Piassa,2025-10-19 18:00:00,37
Sarbet,2025-10-19 18:00:00,40
Arat Kilo,2025-10-19 19:00:00,23
Bole,2025-10-19 19:00:00,52
CMC,2025-10-19 19:00:00,41
Gerji,2025-10-19 19:00:00,23
Kazanchis,2025-10-19 19:00:00,41
Kolfe,2025-10-19 19:00:00,47
Lideta,2025-10-19 19:00:00,41
Megenagna,2025-10-19 19:00:00,40
Merkato,2025-10-19 19:00:00,15
Piassa,2025-10-19 19:00:00,28
Sarbet,2025-10-19 19:00:00,59
Arat Kilo,2025-10-19 20:00:00,22
Ayat,2025-10-19 20:00:00,35
Bole,2025-10-19 20:00:00,84
CMC,2025-10-19 20:00:00,44
Gerji,2025-10-19 20:00:00,56
Kazanchis,2025-10-19 20:00:00,31
Kolfe,2025-10-19 20:00:00,33
Lideta,2025-10-19 20:00:00,35
Megenagna,2025-10-19 20:00:00,39
Merkato,2025-10-19 20:00:00,10
Piassa,2025-10-19 20:00:00,29
Sarbet,2025-10-19 20:00:00,28
Arat Kilo,2025-10-19 21:00:00,12
Ayat,2025-10-19 21:00:00,23
Bole,2025-10-19 21:00:00,86
CMC,2025-10-19 21:00:00,39
Gerji,2025-10-19 21:00:00,43
Kazanchis,2025-10-19 21:00:00,36
Kolfe,2025-10-19 21:00:00,28
Lideta,2025-10-19 21:00:00,25
Megenagna,2025-10-19 21:00:00,27
Merkato,2025-10-19 21:00:00,9
Piassa,2025-10-19 21:00:00,30
Sarbet,2025-10-19 21:00:00,42
Arat Kilo,2025-10-19 22:00:00,10
Ayat,2025-10-19 22:00:00,10
Bole,2025-10-19 22:00:00,68
CMC,2025-10-19 22:00:00,20
Gerji,2025-10-19 22:00:00,21
Kazanchis,2025-10-19 22:00:00,13
Kolfe,2025-10-19 22:00:00,31
Lideta,2025-10-19 22:00:00,15
Megenagna,2025-10-19 22:00:00,18
Merkato,2025-10-19 22:00:00,2
Piassa,2025-10-19 22:00:00,17
Sarbet,2025-10-19 22:00:00,14
Ayat,2025-10-19 23:00:00,11
Bole,2025-10-19 23:00:00,63
CMC,2025-10-19 23:00:00,13
Gerji,2025-10-19 23:00:00,8
Kazanchis,2025-10-19 23:00:00,10
Kolfe,2025-10-19 23:00:00,20
Lideta,2025-10-19 23:00:00,11
Megenagna,2025-10-19 23:00:00,11
Merkato,2025-10-19 23:00:00,2
Sarbet,2025-10-19 23:00:00,11
Arat Kilo,2025-10-20 00:00:00,6
Ayat,2025-10-20 00:00:00,4
Bole,2025-10-20 00:00:00,15
CMC,2025-10-20 00:00:00,9
Gerji,2025-10-20 00:00:00,9
Kazanchis,2025-10-20 00:00:00,4
Kolfe,2025-10-20 00:00:00,8
Lideta,2025-10-20 00:00:00,1
Megenagna,2025-10-20 00:00:00,14
Merkato,2025-10-20 00:00:00,3
Piassa,2025-10-20 00:00:00,7
Sarbet,2025-10-20 00:00:00,9
Arat Kilo,2025-10-20 01:00:00,7
Ayat,2025-10-20 01:00:00,3
Bole,2025-10-20 01:00:00,15
CMC,2025-10-20 01:00:00,6
Gerji,2025-10-20 01:00:00,3
Kazanchis,2025-10-20 01:00:00,11
Kolfe,2025-10-20 01:00:00,4
Lideta,2025-10-20 01:00:00,6
Megenagna,2025-10-20 01:00:00,8
Merkato,2025-10-20 01:00:00,4
Piassa,2025-10-20 01:00:00,7
Arat Kilo,2025-10-20 02:00:00,2
Ayat,2025-10-20 02:00:00,3
Bole,2025-10-20 02:00:00,10
Gerji,2025-10-20 02:00:00,0
Kazanchis,2025-10-20 02:00:00,5
Kolfe,2025-10-20 02:00:00,2
Lideta,2025-10-20 02:00:00,4
Megenagna,2025-10-20 02:00:00,10
Merkato,2025-10-20 02:00:00,5
Piassa,2025-10-20 02:00:00,5
Sarbet,2025-10-20 02:00:00,6
Arat Kilo,2025-10-20 03:00:00,3
Ayat,2025-10-20 03:00:00,2
Bole,2025-10-20 03:00:00,17
CMC,2025-10-20 03:00:00,5
Gerji,2025-10-20 03:00:00,4
Kazanchis,2025-10-20 03:00:00,8
Kolfe,2025-10-20 03:00:00,8
Lideta,2025-10-20 03:00:00,6
Megenagna,2025-10-20 03:00:00,6
Merkato,2025-10-20 03:00:00,8
Piassa,2025-10-20 03:00:00,3
Sarbet,2025-10-20 03:00:00,4
Arat Kilo,2025-10-20 04:00:00,3
Ayat,2025-10-20 04:00:00,4
Bole,2025-10-20 04:00:00,23
CMC,2025-10-20 04:00:00,6
Gerji,2025-10-20 04:00:00,12
Kazanchis,2025-10-20 04:00:00,6
Kolfe,2025-10-20 04:00:00,10
Lideta,2025-10-20 04:00:00,11
Merkato,2025-10-20 04:00:00,11
Piassa,2025-10-20 04:00:00,9
Sarbet,2025-10-20 04:00:00,6
Arat Kilo,2025-10-20 05:00:00,2
Ayat,2025-10-20 05:00:00,13
Bole,2025-10-20 05:00:00,52
CMC,2025-10-20 05:00:00,27
Gerji,2025-10-20 05:00:00,22
Kazanchis,2025-10-20 05:00:00,11
Kolfe,2025-10-20 05:00:00,24
Lideta,2025-10-20 05:00:00,18
Megenagna,2025-10-20 05:00:00,25
Merkato,2025-10-20 05:00:00,22
Piassa,2025-10-20 05:00:00,6
Sarbet,2025-10-20 05:00:00,18
Arat Kilo,2025-10-20 06:00:00,16
Ayat,2025-10-20 06:00:00,22
Bole,2025-10-20 06:00:00,84
CMC,2025-10-20 06:00:00,55
Gerji,2025-10-20 06:00:00,34
Kazanchis,2025-10-20 06:00:00,31
Kolfe,2025-10-20 06:00:00,42
Lideta,2025-10-20 06:00:00,32
Megenagna,2025-10-20 06:00:00,53
Merkato,2025-10-20 06:00:00,69
Piassa,2025-10-20 06:00:00,13
Sarbet,2025-10-20 06:00:00,34
Arat Kilo,2025-10-20 07:00:00,51
Ayat,2025-10-20 07:00:00,46
Bole,2025-10-20 07:00:00,68
CMC,2025-10-20 07:00:00,76
Gerji,2025-10-20 07:00:00,42
Kazanchis,2025-10-20 07:00:00,75
Kolfe,2025-10-20 07:00:00,61
Lideta,2025-10-20 07:00:00,63
Megenagna,2025-10-20 07:00:00,104
Merkato,2025-10-20 07:00:00,90
Piassa,2025-10-20 07:00:00,58
Sarbet,2025-10-20 07:00:00,46
Arat Kilo,2025-10-20 08:00:00,49
Ayat,2025-10-20 08:00:00,29
Bole,2025-10-20 08:00:00,44
CMC,2025-10-20 08:00:00,47
Gerji,2025-10-20 08:00:00,57
Kazanchis,2025-10-20 08:00:00,111
Kolfe,2025-10-20 08:00:00,55
Lideta,2025-10-20 08:00:00,88
Megenagna,2025-10-20 08:00:00,81
Merkato,2025-10-20 08:00:00,94
Piassa,2025-10-20 08:00:00,64
Sarbet,2025-10-20 08:00:00,49
Arat Kilo,2025-10-20 09:00:00,36
Ayat,2025-10-20 09:00:00,28
Bole,2025-10-20 09:00:00,40
CMC,2025-10-20 09:00:00,34
Gerji,2025-10-20 09:00:00,24
Kazanchis,2025-10-20 09:00:00,45
Kolfe,2025-10-20 09:00:00,30
Lideta,2025-10-20 09:00:00,60
Megenagna,2025-10-20 09:00:00,52
Merkato,2025-10-20 09:00:00,85
Piassa,2025-10-20 09:00:00,78
Sarbet,2025-10-20 09:00:00,20
Arat Kilo,2025-10-20 10:00:00,25
Ayat,2025-10-20 10:00:00,22
Bole,2025-10-20 10:00:00,31
CMC,2025-10-20 10:00:00,25
Gerji,2025-10-20 10:00:00,13
Kazanchis,2025-10-20 10:00:00,31
Kolfe,2025-10-20 10:00:00,26
Lideta,2025-10-20 10:00:00,44
Megenagna,2025-10-20 10:00:00,71
Merkato,2025-10-20 10:00:00,106
Piassa,2025-10-20 10:00:00,35
Sarbet,2025-10-20 10:00:00,15
Arat Kilo,2025-10-20 11:00:00,14
Ayat,2025-10-20 11:00:00,13
Bole,2025-10-20 11:00:00,35
CMC,2025-10-20 11:00:00,26
Gerji,2025-10-20 11:00:00,26
Kazanchis,2025-10-20 11:00:00,26
Kolfe,2025-10-20 11:00:00,21
Lideta,2025-10-20 11:00:00,44
Megenagna,2025-10-20 11:00:00,64
Merkato,2025-10-20 11:00:00,95
Piassa,2025-10-20 11:00:00,20
Sarbet,2025-10-20 11:00:00,21
Arat Kilo,2025-10-20 12:00:00,25
Ayat,2025-10-20 12:00:00,11
Bole,2025-10-20 12:00:00,47
CMC,2025-10-20 12:00:00,26
Gerji,2025-10-20 12:00:00,19
Kazanchis,2025-10-20 12:00:00,40
Kolfe,2025-10-20 12:00:00,16
Lideta,2025-10-20 12:00:00,27
Megenagna,2025-10-20 12:00:00,52
Merkato,2025-10-20 12:00:00,126
Piassa,2025-10-20 12:00:00,35
Sarbet,2025-10-20 12:00:00,23
Arat Kilo,2025-10-20 13:00:00,47
Ayat,2025-10-20 13:00:00,20
Bole,2025-10-20 13:00:00,53
CMC,2025-10-20 13:00:00,19
Gerji,2025-10-20 13:00:00,22
Kazanchis,2025-10-20 13:00:00,44
Lideta,2025-10-20 13:00:00,31
Megenagna,2025-10-20 13:00:00,45
Merkato,2025-10-20 13:00:00,96
Piassa,2025-10-20 13:00:00,52
Sarbet,2025-10-20 13:00:00,22
Arat Kilo,2025-10-20 14:00:00,30
Ayat,2025-10-20 14:00:00,16
Bole,2025-10-20 14:00:00,44
CMC,2025-10-20 14:00:00,23
Gerji,2025-10-20 14:00:00,24
Kazanchis,2025-10-20 14:00:00,49
Kolfe,2025-10-20 14:00:00,23
Lideta,2025-10-20 14:00:00,24
Megenagna,2025-10-20 14:00:00,62
Merkato,2025-10-20 14:00:00,115
Sarbet,2025-10-20 14:00:00,20
Arat Kilo,2025-10-20 15:00:00,27
Ayat,2025-10-20 15:00:00,17
Bole,2025-10-20 15:00:00,38
CMC,2025-10-20 15:00:00,19
Gerji,2025-10-20 15:00:00,15
Kazanchis,2025-10-20 15:00:00,63
Kolfe,2025-10-20 15:00:00,14
Lideta,2025-10-20 15:00:00,25
Megenagna,2025-10-20 15:00:00,55
Merkato,2025-10-20 15:00:00,112
Piassa,2025-10-20 15:00:00,54
Sarbet,2025-10-20 15:00:00,16
Arat Kilo,2025-10-20 16:00:00,50
Ayat,2025-10-20 16:00:00,14
Bole,2025-10-20 16:00:00,48
CMC,2025-10-20 16:00:00,21
Gerji,2025-10-20 16:00:00,35
Kazanchis,2025-10-20 16:00:00,111
Kolfe,2025-10-20 16:00:00,23
Lideta,2025-10-20 16:00:00,53
Megenagna,2025-10-20 16:00:00,49
Merkato,2025-10-20 16:00:00,90
Piassa,2025-10-20 16:00:00,46
Sarbet,2025-10-20 16:00:00,17
Arat Kilo,2025-10-20 17:00:00,72
Ayat,2025-10-20 17:00:00,29
Bole,2025-10-20 17:00:00,37
CMC,2025-10-20 17:00:00,35
Gerji,2025-10-20 17:00:00,30
Kazanchis,2025-10-20 17:00:00,134
Kolfe,2025-10-20 17:00:00,33
Lideta,2025-10-20 17:00:00,51
Megenagna,2025-10-20 17:00:00,62
Merkato,2025-10-20 17:00:00,59
Piassa,2025-10-20 17:00:00,88
Sarbet,2025-10-20 17:00:00,27
Arat Kilo,2025-10-20 18:00:00,74
Ayat,2025-10-20 18:00:00,36
Bole,2025-10-20 18:00:00,45
CMC,2025-10-20 18:00:00,51
Gerji,2025-10-20 18:00:00,35
Kazanchis,2025-10-20 18:00:00,85
Kolfe,2025-10-20 18:00:00,38
Lideta,2025-10-20 18:00:00,69
Megenagna,2025-10-20 18:00:00,131
Merkato,2025-10-20 18:00:00,37
Piassa,2025-10-20 18:00:00,93
Sarbet,2025-10-20 18:00:00,34
Arat Kilo,2025-10-20 19:00:00,56
Ayat,2025-10-20 19:00:00,35
Bole,2025-10-20 19:00:00,44
CMC,2025-10-20 19:00:00,49
Gerji,2025-10-20 19:00:00,36
Kazanchis,2025-10-20 19:00:00,77
Kolfe,2025-10-20 19:00:00,48
Lideta,2025-10-20 19:00:00,67
Megenagna,2025-10-20 19:00:00,75
Merkato,2025-10-20 19:00:00,22
Piassa,2025-10-20 19:00:00,77
Sarbet,2025-10-20 19:00:00,32
Arat Kilo,2025-10-20 20:00:00,38
Ayat,2025-10-20 20:00:00,33
Bole,2025-10-20 20:00:00,63
CMC,2025-10-20 20:00:00,37
Gerji,2025-10-20 20:00:00,41
Kazanchis,2025-10-20 20:00:00,70
Kolfe,2025-10-20 20:00:00,30
Lideta,2025-10-20 20:00:00,29
Megenagna,2025-10-20 20:00:00,43
Merkato,2025-10-20 20:00:00,12
Piassa,2025-10-20 20:00:00,73
Arat Kilo,2025-10-20 21:00:00,19
Ayat,2025-10-20 21:00:00,31
Bole,2025-10-20 21:00:00,45
Gerji,2025-10-20 21:00:00,36
Kazanchis,2025-10-20 21:00:00,20
Kolfe,2025-10-20 21:00:00,33
Lideta,2025-10-20 21:00:00,7
Megenagna,2025-10-20 21:00:00,33
Merkato,2025-10-20 21:00:00,10
Piassa,2025-10-20 21:00:00,16
Sarbet,2025-10-20 21:00:00,25
Arat Kilo,2025-10-20 22:00:00,9
Ayat,2025-10-20 22:00:00,16
Bole,2025-10-20 22:00:00,47
CMC,2025-10-20 22:00:00,25
Gerji,2025-10-20 22:00:00,27
Kazanchis,2025-10-20 22:00:00,16
Kolfe,2025-10-20 22:00:00,23
Lideta,2025-10-20 22:00:00,11
Megenagna,2025-10-20 22:00:00,7
Merkato,2025-10-20 22:00:00,7
Piassa,2025-10-20 22:00:00,17
Sarbet,2025-10-20 22:00:00,18
Arat Kilo,2025-10-20 23:00:00,1
Ayat,2025-10-20 23:00:00,20
Bole,2025-10-20 23:00:00,18
CMC,2025-10-20 23:00:00,9
Gerji,2025-10-20 23:00:00,8
Kazanchis,2025-10-20 23:00:00,11
Kolfe,2025-10-20 23:00:00,13
Lideta,2025-10-20 23:00:00,6
Megenagna,2025-10-20 23:00:00,11
Merkato,2025-10-20 23:00:00,0
Piassa,2025-10-20 23:00:00,14
Sarbet,2025-10-20 23:00:00,11
Arat Kilo,2025-10-21 00:00:00,3
Ayat,2025-10-21 00:00:00,7
Bole,2025-10-21 00:00:00,20
CMC,2025-10-21 00:00:00,6
Gerji,2025-10-21 00:00:00,6
Kazanchis,2025-10-21 00:00:00,7
Kolfe,2025-10-21 00:00:00,3
Lideta,2025-10-21 00:00:00,6
Megenagna,2025-10-21 00:00:00,7
Merkato,2025-10-21 00:00:00,3
Piassa,2025-10-21 00:00:00,7
Sarbet,2025-10-21 00:00:00,6
Arat Kilo,2025-10-21 01:00:00,0
Ayat,2025-10-21 01:00:00,0
Bole,2025-10-21 01:00:00,13
CMC,2025-10-21 01:00:00,6
Gerji,2025-10-21 01:00:00,4
Kazanchis,2025-10-21 01:00:00,1
Kolfe,2025-10-21 01:00:00,8
Lideta,2025-10-21 01:00:00,6
Megenagna,2025-10-21 01:00:00,11
Merkato,2025-10-21 01:00:00,7
Piassa,2025-10-21 01:00:00,11
Sarbet,2025-10-21 01:00:00,2
Arat Kilo,2025-10-21 02:00:00,2
Ayat,2025-10-21 02:00:00,8
Bole,2025-10-21 02:00:00,11
CMC,2025-10-21 02:00:00,1
Gerji,2025-10-21 02:00:00,7
Kazanchis,2025-10-21 02:00:00,1
Kolfe,2025-10-21 02:00:00,3
Lideta,2025-10-21 02:00:00,8
Megenagna,2025-10-21 02:00:00,9
Merkato,2025-10-21 02:00:00,7
Piassa,2025-10-21 02:00:00,1
Sarbet,2025-10-21 02:00:00,5
Arat Kilo,2025-10-21 03:00:00,5
Ayat,2025-10-21 03:00:00,3
Bole,2025-10-21 03:00:00,18
CMC,2025-10-21 03:00:00,4
Gerji,2025-10-21 03:00:00,4
Kazanchis,2025-10-21 03:00:00,5
Kolfe,2025-10-21 03:00:00,8
Lideta,2025-10-21 03:00:00,6
Megenagna,2025-10-21 03:00:00,10
Merkato,2025-10-21 03:00:00,5
Piassa,2025-10-21 03:00:00,4
Sarbet,2025-10-21 03:00:00,5
Arat Kilo,2025-10-21 04:00:00,3
Ayat,2025-10-21 04:00:00,6
Bole,2025-10-21 04:00:00,47
CMC,2025-10-21 04:00:00,7
Gerji,2025-10-21 04:00:00,6
Kazanchis,2025-10-21 04:00:00,4
Kolfe,2025-10-21 04:00:00,9
Lideta,2025-10-21 04:00:00,4
Megenagna,2025-10-21 04:00:00,10
Merkato,2025-10-21 04:00:00,4
Piassa,2025-10-21 04:00:00,3
Sarbet,2025-10-21 04:00:00,8
Arat Kilo,2025-10-21 05:00:00,5
Ayat,2025-10-21 05:00:00,13
Bole,2025-10-21 05:00:00,70
Gerji,2025-10-21 05:00:00,29
Kazanchis,2025-10-21 05:00:00,11
Kolfe,2025-10-21 05:00:00,22
Lideta,2025-10-21 05:00:00,22
Megenagna,2025-10-21 05:00:00,26
Piassa,2025-10-21 05:00:00,4
Sarbet,2025-10-21 05:00:00,15
Arat Kilo,2025-10-21 06:00:00,16
Ayat,2025-10-21 06:00:00,29
Bole,2025-10-21 06:00:00,66
CMC,2025-10-21 06:00:00,58
Gerji,2025-10-21 06:00:00,48
Kazanchis,2025-10-21 06:00:00,29
Kolfe,2025-10-21 06:00:00,32
Lideta,2025-10-21 06:00:00,42
Megenagna,2025-10-21 06:00:00,48
Merkato,2025-10-21 06:00:00,54
Piassa,2025-10-21 06:00:00,21
Sarbet,2025-10-21 06:00:00,56
Arat Kilo,2025-10-21 07:00:00,30
Ayat,2025-10-21 07:00:00,49
Bole,2025-10-21 07:00:00,78
CMC,2025-10-21 07:00:00,52
Gerji,2025-10-21 07:00:00,61
Kazanchis,2025-10-21 07:00:00,56
Kolfe,2025-10-21 07:00:00,75
Lideta,2025-10-21 07:00:00,96
Megenagna,2025-10-21 07:00:00,74
Merkato,2025-10-21 07:00:00,82
Piassa,2025-10-21 07:00:00,65
Sarbet,2025-10-21 07:00:00,51
Arat Kilo,2025-10-21 08:00:00,61
Ayat,2025-10-21 08:00:00,40
Bole,2025-10-21 08:00:00,36
CMC,2025-10-21 08:00:00,33
Gerji,2025-10-21 08:00:00,41
Kazanchis,2025-10-21 08:00:00,91
Kolfe,2025-10-21 08:00:00,38
Lideta,2025-10-21 08:00:00,59
Megenagna,2025-10-21 08:00:00,98
Merkato,2025-10-21 08:00:00,95
Piassa,2025-10-21 08:00:00,79
Sarbet,2025-10-21 08:00:00,57
Arat Kilo,2025-10-21 09:00:00,35
Ayat,2025-10-21 09:00:00,19
Bole,2025-10-21 09:00:00,51
CMC,2025-10-21 09:00:00,28
Gerji,2025-10-21 09:00:00,33
Kazanchis,2025-10-21 09:00:00,75
Kolfe,2025-10-21 09:00:00,27
Lideta,2025-10-21 09:00:00,48
Megenagna,2025-10-21 09:00:00,56
Merkato,2025-10-21 09:00:00,94
Piassa,2025-10-21 09:00:00,51
Sarbet,2025-10-21 09:00:00,36
Ayat,2025-10-21 10:00:00,14
Bole,2025-10-21 10:00:00,38
CMC,2025-10-21 10:00:00,24
Gerji,2025-10-21 10:00:00,19
Kazanchis,2025-10-21 10:00:00,35
Kolfe,2025-10-21 10:00:00,13
Lideta,2025-10-21 10:00:00,48
Megenagna,2025-10-21 10:00:00,48
Merkato,2025-10-21 10:00:00,85
Piassa,2025-10-21 10:00:00,21
Sarbet,2025-10-21 10:00:00,18
Arat Kilo,2025-10-21 11:00:00,17
Ayat,2025-10-21 11:00:00,19
Bole,2025-10-21 11:00:00,50
CMC,2025-10-21 11:00:00,25
Gerji,2025-10-21 11:00:00,14
Kolfe,2025-10-21 11:00:00,11
Lideta,2025-10-21 11:00:00,41
Megenagna,2025-10-21 11:00:00,50
Merkato,2025-10-21 11:00:00,90
Piassa,2025-10-21 11:00:00,28
Sarbet,2025-10-21 11:00:00,26
Arat Kilo,2025-10-21 12:00:00,38
Ayat,2025-10-21 12:00:00,25
Bole,2025-10-21 12:00:00,52
CMC,2025-10-21 12:00:00,23
Gerji,2025-10-21 12:00:00,33
Kazanchis,2025-10-21 12:00:00,50
Kolfe,2025-10-21 12:00:00,30
Lideta,2025-10-21 12:00:00,31
Megenagna,2025-10-21 12:00:00,59
Merkato,2025-10-21 12:00:00,96
Piassa,2025-10-21 12:00:00,45
Sarbet,2025-10-21 12:00:00,19
Arat Kilo,2025-10-21 13:00:00,39
Ayat,2025-10-21 13:00:00,18
Bole,2025-10-21 13:00:00,51
CMC,2025-10-21 13:00:00,26
Gerji,2025-10-21 13:00:00,18
Kazanchis,2025-10-21 13:00:00,77
Kolfe,2025-10-21 13:00:00,17
Lideta,2025-10-21 13:00:00,42
Megenagna,2025-10-21 13:00:00,37
Merkato,2025-10-21 13:00:00,111
Piassa,2025-10-21 13:00:00,66
Sarbet,2025-10-21 13:00:00,10
Arat Kilo,2025-10-21 14:00:00,34
Ayat,2025-10-21 14:00:00,16
Bole,2025-10-21 14:00:00,57
CMC,2025-10-21 14:00:00,19
Gerji,2025-10-21 14:00:00,18
Kazanchis,2025-10-21 14:00:00,49
Kolfe,2025-10-21 14:00:00,27
Lideta,2025-10-21 14:00:00,39
Megenagna,2025-10-21 14:00:00,51
Merkato,2025-10-21 14:00:00,86
Piassa,2025-10-21 14:00:00,44
Sarbet,2025-10-21 14:00:00,15
Arat Kilo,2025-10-21 15:00:00,23
Ayat,2025-10-21 15:00:00,15
Bole,2025-10-21 15:00:00,38
CMC,2025-10-21 15:00:00,15
Gerji,2025-10-21 15:00:00,26
Kazanchis,2025-10-21 15:00:00,51
Kolfe,2025-10-21 15:00:00,16
Lideta,2025-10-21 15:00:00,25
Megenagna,2025-10-21 15:00:00,34
Merkato,2025-10-21 15:00:00,117
Piassa,2025-10-21 15:00:00,59
Sarbet,2025-10-21 15:00:00,24
Arat Kilo,2025-10-21 16:00:00,36
Ayat,2025-10-21 16:00:00,21
Bole,2025-10-21 16:00:00,32
CMC,2025-10-21 16:00:00,22
Gerji,2025-10-21 16:00:00,35
Kazanchis,2025-10-21 16:00:00,52
Kolfe,2025-10-21 16:00:00,32
Megenagna,2025-10-21 16:00:00,75
Merkato,2025-10-21 16:00:00,97
Piassa,2025-10-21 16:00:00,41
Sarbet,2025-10-21 16:00:00,20
Arat Kilo,2025-10-21 17:00:00,62
Ayat,2025-10-21 17:00:00,16
Bole,2025-10-21 17:00:00,40
CMC,2025-10-21 17:00:00,27
Gerji,2025-10-21 17:00:00,30
Kazanchis,2025-10-21 17:00:00,105
Kolfe,2025-10-21 17:00:00,32
Lideta,2025-10-21 17:00:00,69
Megenagna,2025-10-21 17:00:00,93
Merkato,2025-10-21 17:00:00,79
Piassa,2025-10-21 17:00:00,76
Sarbet,2025-10-21 17:00:00,33
Arat Kilo,2025-10-21 18:00:00,77
Ayat,2025-10-21 18:00:00,37
Bole,2025-10-21 18:00:00,39
CMC,2025-10-21 18:00:00,50
Gerji,2025-10-21 18:00:00,40
Kazanchis,2025-10-21 18:00:00,124
Kolfe,2025-10-21 18:00:00,43
Lideta,2025-10-21 18:00:00,42
Megenagna,2025-10-21 18:00:00,94
Merkato,2025-10-21 18:00:00,46
Piassa,2025-10-21 18:00:00,87
Sarbet,2025-10-21 18:00:00,29
Arat Kilo,2025-10-21 19:00:00,75
Ayat,2025-10-21 19:00:00,44
Bole,2025-10-21 19:00:00,59
CMC,2025-10-21 19:00:00,69
Gerji,2025-10-21 19:00:00,39
Kazanchis,2025-10-21 19:00:00,84
Kolfe,2025-10-21 19:00:00,57
Megenagna,2025-10-21 19:00:00,66
Merkato,2025-10-21 19:00:00,24
Piassa,2025-10-21 19:00:00,76
Sarbet,2025-10-21 19:00:00,34
Arat Kilo,2025-10-21 20:00:00,44
Ayat,2025-10-21 20:00:00,25
Bole,2025-10-21 20:00:00,59
CMC,2025-10-21 20:00:00,42
Gerji,2025-10-21 20:00:00,55
Kazanchis,2025-10-21 20:00:00,64
Kolfe,2025-10-21 20:00:00,50
Lideta,2025-10-21 20:00:00,36
Megenagna,2025-10-21 20:00:00,56
Merkato,2025-10-21 20:00:00,13
Piassa,2025-10-21 20:00:00,89
Sarbet,2025-10-21 20:00:00,20
Arat Kilo,2025-10-21 21:00:00,27
Ayat,2025-10-21 21:00:00,20
CMC,2025-10-21 21:00:00,42
Gerji,2025-10-21 21:00:00,29
Kazanchis,2025-10-21 21:00:00,30
Kolfe,2025-10-21 21:00:00,21
Lideta,2025-10-21 21:00:00,12
Megenagna,2025-10-21 21:00:00,28
Merkato,2025-10-21 21:00:00,8
Piassa,2025-10-21 21:00:00,32
Sarbet,2025-10-21 21:00:00,22
Arat Kilo,2025-10-21 22:00:00,10
Ayat,2025-10-21 22:00:00,14
Bole,2025-10-21 22:00:00,36
CMC,2025-10-21 22:00:00,20
Gerji,2025-10-21 22:00:00,19
Kazanchis,2025-10-21 22:00:00,21
Kolfe,2025-10-21 22:00:00,17
Lideta,2025-10-21 22:00:00,6
Megenagna,2025-10-21 22:00:00,5
Merkato,2025-10-21 22:00:00,6
Piassa,2025-10-21 22:00:00,16
Sarbet,2025-10-21 22:00:00,16
Arat Kilo,2025-10-21 23:00:00,4
Ayat,2025-10-21 23:00:00,11
Bole,2025-10-21 23:00:00,14
CMC,2025-10-21 23:00:00,15
Gerji,2025-10-21 23:00:00,16
Kazanchis,2025-10-21 23:00:00,12
Kolfe,2025-10-21 23:00:00,13
Lideta,2025-10-21 23:00:00,8
Megenagna,2025-10-21 23:00:00,13
Merkato,2025-10-21 23:00:00,4
Piassa,2025-10-21 23:00:00,7
Sarbet,2025-10-21 23:00:00,7
Arat Kilo,2025-10-22 00:00:00,4
Ayat,2025-10-22 00:00:00,2
Bole,2025-10-22 00:00:00,12
CMC,2025-10-22 00:00:00,6
Gerji,2025-10-22 00:00:00,10
Kazanchis,2025-10-22 00:00:00,6
Kolfe,2025-10-22 00:00:00,8
Lideta,2025-10-22 00:00:00,6
Megenagna,2025-10-22 00:00:00,6
Merkato,2025-10-22 00:00:00,3
Piassa,2025-10-22 00:00:00,5
Sarbet,2025-10-22 00:00:00,8
Arat Kilo,2025-10-22 01:00:00,2
Ayat,2025-10-22 01:00:00,5
Bole,2025-10-22 01:00:00,17
CMC,2025-10-22 01:00:00,4
Gerji,2025-10-22 01:00:00,5
Kazanchis,2025-10-22 01:00:00,6
Kolfe,2025-10-22 01:00:00,1
Lideta,2025-10-22 01:00:00,3
Megenagna,2025-10-22 01:00:00,11
Merkato,2025-10-22 01:00:00,5
Piassa,2025-10-22 01:00:00,4
Sarbet,2025-10-22 01:00:00,2
Arat Kilo,2025-10-22 02:00:00,7
Ayat,2025-10-22 02:00:00,4
Bole,2025-10-22 02:00:00,12
CMC,2025-10-22 02:00:00,5
Gerji,2025-10-22 02:00:00,4
Kazanchis,2025-10-22 02:00:00,8
Kolfe,2025-10-22 02:00:00,4
Lideta,2025-10-22 02:00:00,3
Megenagna,2025-10-22 02:00:00,10
Merkato,2025-10-22 02:00:00,3
Piassa,2025-10-22 02:00:00,2
Sarbet,2025-10-22 02:00:00,8
Arat Kilo,2025-10-22 03:00:00,1
Ayat,2025-10-22 03:00:00,5
Bole,2025-10-22 03:00:00,11
CMC,2025-10-22 03:00:00,3
Gerji,2025-10-22 03:00:00,2
Kazanchis,2025-10-22 03:00:00,9
Kolfe,2025-10-22 03:00:00,3
Lideta,2025-10-22 03:00:00,7
Megenagna,2025-10-22 03:00:00,13
Merkato,2025-10-22 03:00:00,4
Piassa,2025-10-22 03:00:00,3
Sarbet,2025-10-22 03:00:00,5
Arat Kilo,2025-10-22 04:00:00,1
Ayat,2025-10-22 04:00:00,5
Bole,2025-10-22 04:00:00,37
CMC,2025-10-22 04:00:00,7
Gerji,2025-10-22 04:00:00,9
Kazanchis,2025-10-22 04:00:00,3
Kolfe,2025-10-22 04:00:00,6
Lideta,2025-10-22 04:00:00,11
Megenagna,2025-10-22 04:00:00,12
Merkato,2025-10-22 04:00:00,12
Piassa,2025-10-22 04:00:00,9
Sarbet,2025-10-22 04:00:00,6
Arat Kilo,2025-10-22 05:00:00,5
Ayat,2025-10-22 05:00:00,12
Bole,2025-10-22 05:00:00,75
CMC,2025-10-22 05:00:00,24
Gerji,2025-10-22 05:00:00,32
Kazanchis,2025-10-22 05:00:00,5
Kolfe,2025-10-22 05:00:00,17
Lideta,2025-10-22 05:00:00,18
Megenagna,2025-10-22 05:00:00,24
Piassa,2025-10-22 05:00:00,9
Sarbet,2025-10-22 05:00:00,17
Arat Kilo,2025-10-22 06:00:00,16
Ayat,2025-10-22 06:00:00,25
Bole,2025-10-22 06:00:00,64
CMC,2025-10-22 06:00:00,42
Gerji,2025-10-22 06:00:00,40
Kazanchis,2025-10-22 06:00:00,22
Kolfe,2025-10-22 06:00:00,39
Lideta,2025-10-22 06:00:00,38
Megenagna,2025-10-22 06:00:00,33
Merkato,2025-10-22 06:00:00,54
Piassa,2025-10-22 06:00:00,22
Sarbet,2025-10-22 06:00:00,29
Arat Kilo,2025-10-22 07:00:00,59
Ayat,2025-10-22 07:00:00,48
Bole,2025-10-22 07:00:00,37
Gerji,2025-10-22 07:00:00,57
Kazanchis,2025-10-22 07:00:00,72
Kolfe,2025-10-22 07:00:00,83
Lideta,2025-10-22 07:00:00,60
Megenagna,2025-10-22 07:00:00,90
Merkato,2025-10-22 07:00:00,72
Piassa,2025-10-22 07:00:00,60
Sarbet,2025-10-22 07:00:00,59
Arat Kilo,2025-10-22 08:00:00,47
Ayat,2025-10-22 08:00:00,40
Bole,2025-10-22 08:00:00,53
CMC,2025-10-22 08:00:00,48
Gerji,2025-10-22 08:00:00,42
Kazanchis,2025-10-22 08:00:00,86
Kolfe,2025-10-22 08:00:00,52
Lideta,2025-10-22 08:00:00,55
Megenagna,2025-10-22 08:00:00,79
Merkato,2025-10-22 08:00:00,83
Sarbet,2025-10-22 08:00:00,46
Arat Kilo,2025-10-22 09:00:00,40
Ayat,2025-10-22 09:00:00,37
Bole,2025-10-22 09:00:00,37
CMC,2025-10-22 09:00:00,33
Gerji,2025-10-22 09:00:00,36
Kazanchis,2025-10-22 09:00:00,61
Kolfe,2025-10-22 09:00:00,33
Lideta,2025-10-22 09:00:00,57
Megenagna,2025-10-22 09:00:00,57
Merkato,2025-10-22 09:00:00,100
Piassa,2025-10-22 09:00:00,53
Sarbet,2025-10-22 09:00:00,32
Arat Kilo,2025-10-22 10:00:00,23
Ayat,2025-10-22 10:00:00,15
Bole,2025-10-22 10:00:00,36
CMC,2025-10-22 10:00:00,21
Gerji,2025-10-22 10:00:00,15
Kazanchis,2025-10-22 10:00:00,23
Kolfe,2025-10-22 10:00:00,22
Lideta,2025-10-22 10:00:00,41
Megenagna,2025-10-22 10:00:00,39
Merkato,2025-10-22 10:00:00,87
Piassa,2025-10-22 10:00:00,30
Sarbet,2025-10-22 10:00:00,23
Arat Kilo,2025-10-22 11:00:00,13
Ayat,2025-10-22 11:00:00,17
Bole,2025-10-22 11:00:00,31
CMC,2025-10-22 11:00:00,19
Gerji,2025-10-22 11:00:00,20
Kazanchis,2025-10-22 11:00:00,21
Kolfe,2025-10-22 11:00:00,17
Lideta,2025-10-22 11:00:00,33
Megenagna,2025-10-22 11:00:00,53
Merkato,2025-10-22 11:00:00,107
Piassa,2025-10-22 11:00:00,17
Sarbet,2025-10-22 11:00:00,20
Arat Kilo,2025-10-22 12:00:00,27
Ayat,2025-10-22 12:00:00,14
Bole,2025-10-22 12:00:00,42
CMC,2025-10-22 12:00:00,24
Gerji,2025-10-22 12:00:00,19
Kazanchis,2025-10-22 12:00:00,54
Kolfe,2025-10-22 12:00:00,21
Lideta,2025-10-22 12:00:00,43
Megenagna,2025-10-22 12:00:00,45
Merkato,2025-10-22 12:00:00,138
Piassa,2025-10-22 12:00:00,41
Sarbet,2025-10-22 12:00:00,14
Arat Kilo,2025-10-22 13:00:00,37
Ayat,2025-10-22 13:00:00,13
Bole,2025-10-22 13:00:00,44
CMC,2025-10-22 13:00:00,24
Gerji,2025-10-22 13:00:00,34
Kazanchis,2025-10-22 13:00:00,57
Kolfe,2025-10-22 13:00:00,24
Lideta,2025-10-22 13:00:00,42
Megenagna,2025-10-22 13:00:00,36
Merkato,2025-10-22 13:00:00,96
Piassa,2025-10-22 13:00:00,58
Sarbet,2025-10-22 13:00:00,13
Arat Kilo,2025-10-22 14:00:00,37
Ayat,2025-10-22 14:00:00,12
Bole,2025-10-22 14:00:00,46
CMC,2025-10-22 14:00:00,34
Gerji,2025-10-22 14:00:00,17
Kazanchis,2025-10-22 14:00:00,42
Kolfe,2025-10-22 14:00:00,20
Lideta,2025-10-22 14:00:00,37
Megenagna,2025-10-22 14:00:00,44
Merkato,2025-10-22 14:00:00,90
Piassa,2025-10-22 14:00:00,41
Sarbet,2025-10-22 14:00:00,9
Arat Kilo,2025-10-22 15:00:00,44
Ayat,2025-10-22 15:00:00,19
Bole,2025-10-22 15:00:00,47
CMC,2025-10-22 15:00:00,17
Gerji,2025-10-22 15:00:00,17
Kazanchis,2025-10-22 15:00:00,40
Kolfe,2025-10-22 15:00:00,21
Lideta,2025-10-22 15:00:00,39
Megenagna,2025-10-22 15:00:00,43
Merkato,2025-10-22 15:00:00,118
Piassa,2025-10-22 15:00:00,42
Sarbet,2025-10-22 15:00:00,18
Arat Kilo,2025-10-22 16:00:00,46
Ayat,2025-10-22 16:00:00,12
Bole,2025-10-22 16:00:00,23
CMC,2025-10-22 16:00:00,22
Gerji,2025-10-22 16:00:00,33
Kazanchis,2025-10-22 16:00:00,63
Kolfe,2025-10-22 16:00:00,33
Lideta,2025-10-22 16:00:00,50
Megenagna,2025-10-22 16:00:00,61
Piassa,2025-10-22 16:00:00,68
Sarbet,2025-10-22 16:00:00,19
Ayat,2025-10-22 17:00:00,28
Bole,2025-10-22 17:00:00,30
CMC,2025-10-22 17:00:00,32
Gerji,2025-10-22 17:00:00,40
Kazanchis,2025-10-22 17:00:00,114
Kolfe,2025-10-22 17:00:00,22
Lideta,2025-10-22 17:00:00,59
Megenagna,2025-10-22 17:00:00,120
Merkato,2025-10-22 17:00:00,42
Piassa,2025-10-22 17:00:00,78
Sarbet,2025-10-22 17:00:00,35
Arat Kilo,2025-10-22 18:00:00,54
Ayat,2025-10-22 18:00:00,36
Bole,2025-10-22 18:00:00,43
CMC,2025-10-22 18:00:00,41
Gerji,2025-10-22 18:00:00,43
Kazanchis,2025-10-22 18:00:00,131
Kolfe,2025-10-22 18:00:00,40
Lideta,2025-10-22 18:00:00,61
Megenagna,2025-10-22 18:00:00,115
Merkato,2025-10-22 18:00:00,45
Piassa,2025-10-22 18:00:00,97
Sarbet,2025-10-22 18:00:00,28
Arat Kilo,2025-10-22 19:00:00,41
Ayat,2025-10-22 19:00:00,41
Bole,2025-10-22 19:00:00,46
CMC,2025-10-22 19:00:00,64
Gerji,2025-10-22 19:00:00,53
Kazanchis,2025-10-22 19:00:00,85
Kolfe,2025-10-22 19:00:00,50
Lideta,2025-10-22 19:00:00,51
Megenagna,2025-10-22 19:00:00,67
Merkato,2025-10-22 19:00:00,17
Piassa,2025-10-22 19:00:00,64
Sarbet,2025-10-22 19:00:00,40
Arat Kilo,2025-10-22 20:00:00,30
Ayat,2025-10-22 20:00:00,30
Bole,2025-10-22 20:00:00,54
CMC,2025-10-22 20:00:00,52
Gerji,2025-10-22 20:00:00,50
Kazanchis,2025-10-22 20:00:00,75
Kolfe,2025-10-22 20:00:00,37
Lideta,2025-10-22 20:00:00,31
Megenagna,2025-10-22 20:00:00,56
Merkato,2025-10-22 20:00:00,17
Piassa,2025-10-22 20:00:00,25
Sarbet,2025-10-22 20:00:00,36
Arat Kilo,2025-10-22 21:00:00,28
Ayat,2025-10-22 21:00:00,18
CMC,2025-10-22 21:00:00,32
Gerji,2025-10-22 21:00:00,34
Kazanchis,2025-10-22 21:00:00,57
Kolfe,2025-10-22 21:00:00,34
Lideta,2025-10-22 21:00:00,22
Megenagna,2025-10-22 21:00:00,22
Merkato,2025-10-22 21:00:00,7
Piassa,2025-10-22 21:00:00,32
Sarbet,2025-10-22 21:00:00,31
Arat Kilo,2025-10-22 22:00:00,18
Ayat,2025-10-22 22:00:00,19
CMC,2025-10-22 22:00:00,25
Gerji,2025-10-22 22:00:00,24
Kazanchis,2025-10-22 22:00:00,38
Kolfe,2025-10-22 22:00:00,13
Megenagna,2025-10-22 22:00:00,14
Merkato,2025-10-22 22:00:00,3
Piassa,2025-10-22 22:00:00,15
Sarbet,2025-10-22 22:00:00,20
Arat Kilo,2025-10-22 23:00:00,5
Ayat,2025-10-22 23:00:00,10
Bole,2025-10-22 23:00:00,11
CMC,2025-10-22 23:00:00,13
Gerji,2025-10-22 23:00:00,10
Kazanchis,2025-10-22 23:00:00,13
Kolfe,2025-10-22 23:00:00,7
Lideta,2025-10-22 23:00:00,7
Megenagna,2025-10-22 23:00:00,9
Merkato,2025-10-22 23:00:00,5
Piassa,2025-10-22 23:00:00,7
Sarbet,2025-10-22 23:00:00,6
Arat Kilo,2025-10-23 00:00:00,2
Ayat,2025-10-23 00:00:00,7
Bole,2025-10-23 00:00:00,11
CMC,2025-10-23 00:00:00,9
Gerji,2025-10-23 00:00:00,9
Kazanchis,2025-10-23 00:00:00,7
Kolfe,2025-10-23 00:00:00,9
Megenagna,2025-10-23 00:00:00,10
Merkato,2025-10-23 00:00:00,6
Piassa,2025-10-23 00:00:00,6
Sarbet,2025-10-23 00:00:00,5
Arat Kilo,2025-10-23 01:00:00,1
Ayat,2025-10-23 01:00:00,4
Bole,2025-10-23 01:00:00,7
CMC,2025-10-23 01:00:00,5
Gerji,2025-10-23 01:00:00,5
Kazanchis,2025-10-23 01:00:00,8
Kolfe,2025-10-23 01:00:00,6
Lideta,2025-10-23 01:00:00,3
Megenagna,2025-10-23 01:00:00,3
Merkato,2025-10-23 01:00:00,8
Piassa,2025-10-23 01:00:00,3
Sarbet,2025-10-23 01:00:00,3
Arat Kilo,2025-10-23 02:00:00,3
Ayat,2025-10-23 02:00:00,3
Bole,2025-10-23 02:00:00,10
CMC,2025-10-23 02:00:00,5
Gerji,2025-10-23 02:00:00,7
Kazanchis,2025-10-23 02:00:00,6
Kolfe,2025-10-23 02:00:00,3
Lideta,2025-10-23 02:00:00,5
Megenagna,2025-10-23 02:00:00,10
Merkato,2025-10-23 02:00:00,9
Piassa,2025-10-23 02:00:00,2
Sarbet,2025-10-23 02:00:00,6
Arat Kilo,2025-10-23 03:00:00,2
Ayat,2025-10-23 03:00:00,3
Bole,2025-10-23 03:00:00,20
CMC,2025-10-23 03:00:00,3
Gerji,2025-10-23 03:00:00,6
Kazanchis,2025-10-23 03:00:00,5
Kolfe,2025-10-23 03:00:00,4
Lideta,2025-10-23 03:00:00,7
Megenagna,2025-10-23 03:00:00,10
Merkato,2025-10-23 03:00:00,4
Piassa,2025-10-23 03:00:00,2
Sarbet,2025-10-23 03:00:00,3
Arat Kilo,2025-10-23 04:00:00,5
Ayat,2025-10-23 04:00:00,7
Bole,2025-10-23 04:00:00,18
CMC,2025-10-23 04:00:00,6
Gerji,2025-10-23 04:00:00,5
Kazanchis,2025-10-23 04:00:00,6
Kolfe,2025-10-23 04:00:00,6
Lideta,2025-10-23 04:00:00,5
Megenagna,2025-10-23 04:00:00,8
Merkato,2025-10-23 04:00:00,6
Piassa,2025-10-23 04:00:00,4
Sarbet,2025-10-23 04:00:00,6
Arat Kilo,2025-10-23 05:00:00,4
Ayat,2025-10-23 05:00:00,20
Bole,2025-10-23 05:00:00,57
CMC,2025-10-23 05:00:00,15
Gerji,2025-10-23 05:00:00,20
Kazanchis,2025-10-23 05:00:00,9
Kolfe,2025-10-23 05:00:00,16
Lideta,2025-10-23 05:00:00,13
Megenagna,2025-10-23 05:00:00,19
Merkato,2025-10-23 05:00:00,15
Piassa,2025-10-23 05:00:00,8
Sarbet,2025-10-23 05:00:00,16
Arat Kilo,2025-10-23 06:00:00,16
Ayat,2025-10-23 06:00:00,31
Bole,2025-10-23 06:00:00,67
CMC,2025-10-23 06:00:00,37
Gerji,2025-10-23 06:00:00,35
Kazanchis,2025-10-23 06:00:00,36
Kolfe,2025-10-23 06:00:00,50
Lideta,2025-10-23 06:00:00,45
Megenagna,2025-10-23 06:00:00,63
Merkato,2025-10-23 06:00:00,59
Piassa,2025-10-23 06:00:00,13
Sarbet,2025-10-23 06:00:00,59
Arat Kilo,2025-10-23 07:00:00,41
Ayat,2025-10-23 07:00:00,53
Bole,2025-10-23 07:00:00,57
CMC,2025-10-23 07:00:00,85
Gerji,2025-10-23 07:00:00,52
Kazanchis,2025-10-23 07:00:00,66
Kolfe,2025-10-23 07:00:00,71
Lideta,2025-10-23 07:00:00,59
Megenagna,2025-10-23 07:00:00,81
Merkato,2025-10-23 07:00:00,98
Piassa,2025-10-23 07:00:00,58
Sarbet,2025-10-23 07:00:00,59
Arat Kilo,2025-10-23 08:00:00,53
Ayat,2025-10-23 08:00:00,24
Bole,2025-10-23 08:00:00,31
CMC,2025-10-23 08:00:00,58
Gerji,2025-10-23 08:00:00,57
Kazanchis,2025-10-23 08:00:00,71
Kolfe,2025-10-23 08:00:00,45
Lideta,2025-10-23 08:00:00,48
Megenagna,2025-10-23 08:00:00,96
Merkato,2025-10-23 08:00:00,105
Piassa,2025-10-23 08:00:00,63
Sarbet,2025-10-23 08:00:00,42
Arat Kilo,2025-10-23 09:00:00,33
Ayat,2025-10-23 09:00:00,19
Bole,2025-10-23 09:00:00,27
CMC,2025-10-23 09:00:00,41
Kazanchis,2025-10-23 09:00:00,79
Kolfe,2025-10-23 09:00:00,31
Lideta,2025-10-23 09:00:00,41
Megenagna,2025-10-23 09:00:00,74
Merkato,2025-10-23 09:00:00,78
Piassa,2025-10-23 09:00:00,76
Sarbet,2025-10-23 09:00:00,30
Arat Kilo,2025-10-23 10:00:00,13
Ayat,2025-10-23 10:00:00,18
Bole,2025-10-23 10:00:00,34
CMC,2025-10-23 10:00:00,21
Gerji,2025-10-23 10:00:00,26
Kazanchis,2025-10-23 10:00:00,30
Kolfe,2025-10-23 10:00:00,20
Lideta,2025-10-23 10:00:00,41
Megenagna,2025-10-23 10:00:00,61
Merkato,2025-10-23 10:00:00,58
Piassa,2025-10-23 10:00:00,26
Sarbet,2025-10-23 10:00:00,16
Arat Kilo,2025-10-23 11:00:00,12
Ayat,2025-10-23 11:00:00,22
Bole,2025-10-23 11:00:00,36
CMC,2025-10-23 11:00:00,21
Gerji,2025-10-23 11:00:00,24
Kazanchis,2025-10-23 11:00:00,19
Kolfe,2025-10-23 11:00:00,25
Lideta,2025-10-23 11:00:00,32
Megenagna,2025-10-23 11:00:00,36
Merkato,2025-10-23 11:00:00,94
Piassa,2025-10-23 11:00:00,24
Sarbet,2025-10-23 11:00:00,23
Arat Kilo,2025-10-23 12:00:00,31
Ayat,2025-10-23 12:00:00,23
Bole,2025-10-23 12:00:00,38
CMC,2025-10-23 12:00:00,28
Gerji,2025-10-23 12:00:00,10
Kazanchis,2025-10-23 12:00:00,40
Kolfe,2025-10-23 12:00:00,18
Lideta,2025-10-23 12:00:00,42
Megenagna,2025-10-23 12:00:00,45
Merkato,2025-10-23 12:00:00,108
Piassa,2025-10-23 12:00:00,33
Sarbet,2025-10-23 12:00:00,27
Arat Kilo,2025-10-23 13:00:00,31
Ayat,2025-10-23 13:00:00,18
Bole,2025-10-23 13:00:00,35
CMC,2025-10-23 13:00:00,23
Gerji,2025-10-23 13:00:00,30
Kazanchis,2025-10-23 13:00:00,69
Kolfe,2025-10-23 13:00:00,25
Lideta,2025-10-23 13:00:00,34
Megenagna,2025-10-23 13:00:00,54
Merkato,2025-10-23 13:00:00,92
Piassa,2025-10-23 13:00:00,70
Sarbet,2025-10-23 13:00:00,17
Arat Kilo,2025-10-23 14:00:00,30
Ayat,2025-10-23 14:00:00,16
Bole,2025-10-23 14:00:00,44
CMC,2025-10-23 14:00:00,27
Gerji,2025-10-23 14:00:00,24
Kazanchis,2025-10-23 14:00:00,49
Kolfe,2025-10-23 14:00:00,20
Lideta,2025-10-23 14:00:00,43
Megenagna,2025-10-23 14:00:00,47
Merkato,2025-10-23 14:00:00,104
Piassa,2025-10-23 14:00:00,55
Sarbet,2025-10-23 14:00:00,20
Arat Kilo,2025-10-23 15:00:00,34
Ayat,2025-10-23 15:00:00,13
Bole,2025-10-23 15:00:00,43
CMC,2025-10-23 15:00:00,16
Gerji,2025-10-23 15:00:00,21
Kazanchis,2025-10-23 15:00:00,55
Kolfe,2025-10-23 15:00:00,19
Lideta,2025-10-23 15:00:00,39
Merkato,2025-10-23 15:00:00,111
Piassa,2025-10-23 15:00:00,48
Sarbet,2025-10-23 15:00:00,23
Arat Kilo,2025-10-23 16:00:00,42
Ayat,2025-10-23 16:00:00,11
Bole,2025-10-23 16:00:00,38
CMC,2025-10-23 16:00:00,24
Gerji,2025-10-23 16:00:00,37
Kazanchis,2025-10-23 16:00:00,54
Kolfe,2025-10-23 16:00:00,17
Lideta,2025-10-23 16:00:00,53
Megenagna,2025-10-23 16:00:00,75
Merkato,2025-10-23 16:00:00,92
Piassa,2025-10-23 16:00:00,76
Sarbet,2025-10-23 16:00:00,15
Arat Kilo,2025-10-23 17:00:00,61
Ayat,2025-10-23 17:00:00,23
Bole,2025-10-23 17:00:00,33
CMC,2025-10-23 17:00:00,36
Gerji,2025-10-23 17:00:00,39
Kazanchis,2025-10-23 17:00:00,70
Kolfe,2025-10-23 17:00:00,33
Lideta,2025-10-23 17:00:00,68
Merkato,2025-10-23 17:00:00,65
Piassa,2025-10-23 17:00:00,102
Sarbet,2025-10-23 17:00:00,46
Arat Kilo,2025-10-23 18:00:00,66
Ayat,2025-10-23 18:00:00,32
Bole,2025-10-23 18:00:00,41
CMC,2025-10-23 18:00:00,45
Gerji,2025-10-23 18:00:00,44
Kazanchis,2025-10-23 18:00:00,85
Kolfe,2025-10-23 18:00:00,57
Lideta,2025-10-23 18:00:00,63
Megenagna,2025-10-23 18:00:00,93
Merkato,2025-10-23 18:00:00,37
Piassa,2025-10-23 18:00:00,79
Sarbet,2025-10-23 18:00:00,31
Arat Kilo,2025-10-23 19:00:00,54
Ayat,2025-10-23 19:00:00,36
Bole,2025-10-23 19:00:00,41
CMC,2025-10-23 19:00:00,41
Gerji,2025-10-23 19:00:00,43
Kazanchis,2025-10-23 19:00:00,77
Kolfe,2025-10-23 19:00:00,32
Lideta,2025-10-23 19:00:00,55
Megenagna,2025-10-23 19:00:00,76
Merkato,2025-10-23 19:00:00,25
Piassa,2025-10-23 19:00:00,72
Sarbet,2025-10-23 19:00:00,50
Arat Kilo,2025-10-23 20:00:00,32
Ayat,2025-10-23 20:00:00,31
Bole,2025-10-23 20:00:00,47
CMC,2025-10-23 20:00:00,41
Gerji,2025-10-23 20:00:00,49
Kazanchis,2025-10-23 20:00:00,65
Kolfe,2025-10-23 20:00:00,58
Lideta,2025-10-23 20:00:00,32
Megenagna,2025-10-23 20:00:00,37
Merkato,2025-10-23 20:00:00,12
Piassa,2025-10-23 20:00:00,48
Sarbet,2025-10-23 20:00:00,34
Arat Kilo,2025-10-23 21:00:00,14
Ayat,2025-10-23 21:00:00,21
Bole,2025-10-23 21:00:00,39
CMC,2025-10-23 21:00:00,29
Gerji,2025-10-23 21:00:00,33
Kazanchis,2025-10-23 21:00:00,34
Kolfe,2025-10-23 21:00:00,33
Lideta,2025-10-23 21:00:00,20
Megenagna,2025-10-23 21:00:00,16
Merkato,2025-10-23 21:00:00,2
Piassa,2025-10-23 21:00:00,51
Sarbet,2025-10-23 21:00:00,33
Arat Kilo,2025-10-23 22:00:00,8
Ayat,2025-10-23 22:00:00,22
Bole,2025-10-23 22:00:00,35
CMC,2025-10-23 22:00:00,18
Gerji,2025-10-23 22:00:00,23
Kazanchis,2025-10-23 22:00:00,21
Kolfe,2025-10-23 22:00:00,22
Lideta,2025-10-23 22:00:00,8
Megenagna,2025-10-23 22:00:00,14
Merkato,2025-10-23 22:00:00,5
Piassa,2025-10-23 22:00:00,20
Sarbet,2025-10-23 22:00:00,29
Arat Kilo,2025-10-23 23:00:00,5
Ayat,2025-10-23 23:00:00,10
Bole,2025-10-23 23:00:00,24
CMC,2025-10-23 23:00:00,10
Gerji,2025-10-23 23:00:00,11
Kazanchis,2025-10-23 23:00:00,7
Kolfe,2025-10-23 23:00:00,7
Lideta,2025-10-23 23:00:00,5
Megenagna,2025-10-23 23:00:00,20
Piassa,2025-10-23 23:00:00,13
Sarbet,2025-10-23 23:00:00,11
Arat Kilo,2025-10-24 00:00:00,5
Bole,2025-10-24 00:00:00,9
CMC,2025-10-24 00:00:00,5
Gerji,2025-10-24 00:00:00,9
Kazanchis,2025-10-24 00:00:00,7
Kolfe,2025-10-24 00:00:00,6
Megenagna,2025-10-24 00:00:00,10
Merkato,2025-10-24 00:00:00,7
Piassa,2025-10-24 00:00:00,8
Sarbet,2025-10-24 00:00:00,3
Arat Kilo,2025-10-24 01:00:00,4
Ayat,2025-10-24 01:00:00,4
Bole,2025-10-24 01:00:00,8
Gerji,2025-10-24 01:00:00,7
Kazanchis,2025-10-24 01:00:00,2
Kolfe,2025-10-24 01:00:00,5
Lideta,2025-10-24 01:00:00,7
Megenagna,2025-10-24 01:00:00,19
Merkato,2025-10-24 01:00:00,4
Piassa,2025-10-24 01:00:00,5
Sarbet,2025-10-24 01:00:00,6
Arat Kilo,2025-10-24 02:00:00,3
Ayat,2025-10-24 02:00:00,3
Bole,2025-10-24 02:00:00,8
CMC,2025-10-24 02:00:00,2
Gerji,2025-10-24 02:00:00,4
Kazanchis,2025-10-24 02:00:00,4
Kolfe,2025-10-24 02:00:00,3
Lideta,2025-10-24 02:00:00,8
Megenagna,2025-10-24 02:00:00,3
Merkato,2025-10-24 02:00:00,4
Piassa,2025-10-24 02:00:00,5
Sarbet,2025-10-24 02:00:00,6
Arat Kilo,2025-10-24 03:00:00,3
Ayat,2025-10-24 03:00:00,2
Bole,2025-10-24 03:00:00,19
CMC,2025-10-24 03:00:00,3
Gerji,2025-10-24 03:00:00,5
Kazanchis,2025-10-24 03:00:00,5
Kolfe,2025-10-24 03:00:00,4
Lideta,2025-10-24 03:00:00,7
Megenagna,2025-10-24 03:00:00,7
Merkato,2025-10-24 03:00:00,8
Piassa,2025-10-24 03:00:00,2
Sarbet,2025-10-24 03:00:00,5
Arat Kilo,2025-10-24 04:00:00,2
Ayat,2025-10-24 04:00:00,5
Bole,2025-10-24 04:00:00,36
CMC,2025-10-24 04:00:00,6
Gerji,2025-10-24 04:00:00,6
Kazanchis,2025-10-24 04:00:00,3
Kolfe,2025-10-24 04:00:00,6
Lideta,2025-10-24 04:00:00,7
Megenagna,2025-10-24 04:00:00,13
Merkato,2025-10-24 04:00:00,5
Piassa,2025-10-24 04:00:00,5
Sarbet,2025-10-24 04:00:00,13
Arat Kilo,2025-10-24 05:00:00,6
Ayat,2025-10-24 05:00:00,21
Bole,2025-10-24 05:00:00,57
CMC,2025-10-24 05:00:00,28
Gerji,2025-10-24 05:00:00,25
Kazanchis,2025-10-24 05:00:00,8
Kolfe,2025-10-24 05:00:00,17
Lideta,2025-10-24 05:00:00,18
Megenagna,2025-10-24 05:00:00,23
Merkato,2025-10-24 05:00:00,27
Piassa,2025-10-24 05:00:00,8
Sarbet,2025-10-24 05:00:00,20
Arat Kilo,2025-10-24 06:00:00,19
Ayat,2025-10-24 06:00:00,35
Bole,2025-10-24 06:00:00,61
CMC,2025-10-24 06:00:00,57
Gerji,2025-10-24 06:00:00,43
Kazanchis,2025-10-24 06:00:00,27
Kolfe,2025-10-24 06:00:00,45
Lideta,2025-10-24 06:00:00,31
Megenagna,2025-10-24 06:00:00,59
Merkato,2025-10-24 06:00:00,64
Piassa,2025-10-24 06:00:00,27
Sarbet,2025-10-24 06:00:00,45
Arat Kilo,2025-10-24 07:00:00,43
Ayat,2025-10-24 07:00:00,38
Bole,2025-10-24 07:00:00,80
CMC,2025-10-24 07:00:00,69
Gerji,2025-10-24 07:00:00,69
Kazanchis,2025-10-24 07:00:00,70
Kolfe,2025-10-24 07:00:00,67
Lideta,2025-10-24 07:00:00,86
Megenagna,2025-10-24 07:00:00,79
Merkato,2025-10-24 07:00:00,111
Piassa,2025-10-24 07:00:00,60
Sarbet,2025-10-24 07:00:00,65
Arat Kilo,2025-10-24 08:00:00,50
Ayat,2025-10-24 08:00:00,40
Bole,2025-10-24 08:00:00,53
CMC,2025-10-24 08:00:00,38
Gerji,2025-10-24 08:00:00,49
Kazanchis,2025-10-24 08:00:00,83
Kolfe,2025-10-24 08:00:00,42
Lideta,2025-10-24 08:00:00,54
Megenagna,2025-10-24 08:00:00,94
Merkato,2025-10-24 08:00:00,79
Piassa,2025-10-24 08:00:00,74
Sarbet,2025-10-24 08:00:00,46
Arat Kilo,2025-10-24 09:00:00,43
Ayat,2025-10-24 09:00:00,17
Bole,2025-10-24 09:00:00,38
CMC,2025-10-24 09:00:00,20
Gerji,2025-10-24 09:00:00,24
Kazanchis,2025-10-24 09:00:00,45
Kolfe,2025-10-24 09:00:00,22
Lideta,2025-10-24 09:00:00,44
Megenagna,2025-10-24 09:00:00,56
Merkato,2025-10-24 09:00:00,90
Piassa,2025-10-24 09:00:00,43
Sarbet,2025-10-24 09:00:00,27
Arat Kilo,2025-10-24 10:00:00,21
Ayat,2025-10-24 10:00:00,20
Bole,2025-10-24 10:00:00,37
CMC,2025-10-24 10:00:00,28
Gerji,2025-10-24 10:00:00,27
Kazanchis,2025-10-24 10:00:00,31
Kolfe,2025-10-24 10:00:00,25
Lideta,2025-10-24 10:00:00,49
Megenagna,2025-10-24 10:00:00,48
Merkato,2025-10-24 10:00:00,73
Piassa,2025-10-24 10:00:00,29
Sarbet,2025-10-24 10:00:00,22
Arat Kilo,2025-10-24 11:00:00,19
Ayat,2025-10-24 11:00:00,27
Bole,2025-10-24 11:00:00,32
CMC,2025-10-24 11:00:00,23
Gerji,2025-10-24 11:00:00,15
Kazanchis,2025-10-24 11:00:00,31
Kolfe,2025-10-24 11:00:00,19
Lideta,2025-10-24 11:00:00,36
Megenagna,2025-10-24 11:00:00,64
Merkato,2025-10-24 11:00:00,75
Piassa,2025-10-24 11:00:00,14
Sarbet,2025-10-24 11:00:00,17
Arat Kilo,2025-10-24 12:00:00,31
Ayat,2025-10-24 12:00:00,7
CMC,2025-10-24 12:00:00,29
Gerji,2025-10-24 12:00:00,13
Kazanchis,2025-10-24 12:00:00,58
Kolfe,2025-10-24 12:00:00,27
Lideta,2025-10-24 12:00:00,36
Megenagna,2025-10-24 12:00:00,48
Merkato,2025-10-24 12:00:00,85
Piassa,2025-10-24 12:00:00,40
Sarbet,2025-10-24 12:00:00,19
Arat Kilo,2025-10-24 13:00:00,48
Ayat,2025-10-24 13:00:00,16
Bole,2025-10-24 13:00:00,39
CMC,2025-10-24 13:00:00,25
Kazanchis,2025-10-24 13:00:00,64
Kolfe,2025-10-24 13:00:00,23
Lideta,2025-10-24 13:00:00,28
Megenagna,2025-10-24 13:00:00,60
Merkato,2025-10-24 13:00:00,105
Piassa,2025-10-24 13:00:00,66
Sarbet,2025-10-24 13:00:00,23
Arat Kilo,2025-10-24 14:00:00,35
Ayat,2025-10-24 14:00:00,21
CMC,2025-10-24 14:00:00,18
Gerji,2025-10-24 14:00:00,9
Kazanchis,2025-10-24 14:00:00,48
Kolfe,2025-10-24 14:00:00,19
Lideta,2025-10-24 14:00:00,37
Megenagna,2025-10-24 14:00:00,24
Piassa,2025-10-24 14:00:00,56
Sarbet,2025-10-24 14:00:00,22
Arat Kilo,2025-10-24 15:00:00,30
Ayat,2025-10-24 15:00:00,21
Bole,2025-10-24 15:00:00,37
CMC,2025-10-24 15:00:00,26
Gerji,2025-10-24 15:00:00,14
Kazanchis,2025-10-24 15:00:00,51
Kolfe,2025-10-24 15:00:00,20
Lideta,2025-10-24 15:00:00,47
Megenagna,2025-10-24 15:00:00,24
Merkato,2025-10-24 15:00:00,93
Piassa,2025-10-24 15:00:00,58
Sarbet,2025-10-24 15:00:00,19
Arat Kilo,2025-10-24 16:00:00,37
Ayat,2025-10-24 16:00:00,10
Bole,2025-10-24 16:00:00,30
CMC,2025-10-24 16:00:00,30
Gerji,2025-10-24 16:00:00,30
Kazanchis,2025-10-24 16:00:00,71
Kolfe,2025-10-24 16:00:00,24
Lideta,2025-10-24 16:00:00,67
Megenagna,2025-10-24 16:00:00,58
Merkato,2025-10-24 16:00:00,92
Piassa,2025-10-24 16:00:00,75
Sarbet,2025-10-24 16:00:00,23
Arat Kilo,2025-10-24 17:00:00,59
Ayat,2025-10-24 17:00:00,24
Bole,2025-10-24 17:00:00,52
CMC,2025-10-24 17:00:00,45
Gerji,2025-10-24 17:00:00,36
Kazanchis,2025-10-24 17:00:00,94
Kolfe,2025-10-24 17:00:00,43
Lideta,2025-10-24 17:00:00,106
Megenagna,2025-10-24 17:00:00,98
Merkato,2025-10-24 17:00:00,65
Piassa,2025-10-24 17:00:00,100
Sarbet,2025-10-24 17:00:00,39
Arat Kilo,2025-10-24 18:00:00,64
Ayat,2025-10-24 18:00:00,54
Bole,2025-10-24 18:00:00,37
CMC,2025-10-24 18:00:00,51
Gerji,2025-10-24 18:00:00,61
Kazanchis,2025-10-24 18:00:00,114
Kolfe,2025-10-24 18:00:00,40
Lideta,2025-10-24 18:00:00,90
Megenagna,2025-10-24 18:00:00,120
Merkato,2025-10-24 18:00:00,51
Piassa,2025-10-24 18:00:00,116
Sarbet,2025-10-24 18:00:00,55
Arat Kilo,2025-10-24 19:00:00,53
Ayat,2025-10-24 19:00:00,49
Bole,2025-10-24 19:00:00,70
CMC,2025-10-24 19:00:00,81
Gerji,2025-10-24 19:00:00,57
Kazanchis,2025-10-24 19:00:00,106
Kolfe,2025-10-24 19:00:00,48
Lideta,2025-10-24 19:00:00,63
Megenagna,2025-10-24 19:00:00,92
Merkato,2025-10-24 19:00:00,27
Piassa,2025-10-24 19:00:00,99
Sarbet,2025-10-24 19:00:00,48
Arat Kilo,2025-10-24 20:00:00,43
Ayat,2025-10-24 20:00:00,36
Bole,2025-10-24 20:00:00,76
CMC,2025-10-24 20:00:00,59
Gerji,2025-10-24 20:00:00,60
Kazanchis,2025-10-24 20:00:00,68
Kolfe,2025-10-24 20:00:00,49
Lideta,2025-10-24 20:00:00,40
Megenagna,2025-10-24 20:00:00,44
Merkato,2025-10-24 20:00:00,10
Piassa,2025-10-24 20:00:00,59
Sarbet,2025-10-24 20:00:00,50
Arat Kilo,2025-10-24 21:00:00,24
Ayat,2025-10-24 21:00:00,33
Bole,2025-10-24 21:00:00,103
CMC,2025-10-24 21:00:00,35
Gerji,2025-10-24 21:00:00,34
Kazanchis,2025-10-24 21:00:00,40
Kolfe,2025-10-24 21:00:00,31
Lideta,2025-10-24 21:00:00,17
Megenagna,2025-10-24 21:00:00,27
Merkato,2025-10-24 21:00:00,5
Piassa,2025-10-24 21:00:00,36
Sarbet,2025-10-24 21:00:00,26
Arat Kilo,2025-10-24 22:00:00,17
Ayat,2025-10-24 22:00:00,21
Bole,2025-10-24 22:00:00,83
CMC,2025-10-24 22:00:00,33
Gerji,2025-10-24 22:00:00,23
Kazanchis,2025-10-24 22:00:00,28
Kolfe,2025-10-24 22:00:00,27
Lideta,2025-10-24 22:00:00,10
Megenagna,2025-10-24 22:00:00,17
Merkato,2025-10-24 22:00:00,5
Piassa,2025-10-24 22:00:00,23
Sarbet,2025-10-24 22:00:00,17
Arat Kilo,2025-10-24 23:00:00,5
Ayat,2025-10-24 23:00:00,8
Bole,2025-10-24 23:00:00,80
CMC,2025-10-24 23:00:00,10
Gerji,2025-10-24 23:00:00,12
Kazanchis,2025-10-24 23:00:00,5
Kolfe,2025-10-24 23:00:00,14
Lideta,2025-10-24 23:00:00,10
Megenagna,2025-10-24 23:00:00,7
Merkato,2025-10-24 23:00:00,8
Piassa,2025-10-24 23:00:00,5
Sarbet,2025-10-24 23:00:00,10
Arat Kilo,2025-10-25 00:00:00,5
Bole,2025-10-25 00:00:00,122
CMC,2025-10-25 00:00:00,5
Gerji,2025-10-25 00:00:00,9
Kazanchis,2025-10-25 00:00:00,8
Kolfe,2025-10-25 00:00:00,7
Lideta,2025-10-25 00:00:00,16
Megenagna,2025-10-25 00:00:00,13
Merkato,2025-10-25 00:00:00,11
Piassa,2025-10-25 00:00:00,7
Sarbet,2025-10-25 00:00:00,7
Ayat,2025-10-25 01:00:00,6
Bole,2025-10-25 01:00:00,60
CMC,2025-10-25 01:00:00,13
Gerji,2025-10-25 01:00:00,7
Kazanchis,2025-10-25 01:00:00,1
Kolfe,2025-10-25 01:00:00,5
Megenagna,2025-10-25 01:00:00,13
Merkato,2025-10-25 01:00:00,7
Piassa,2025-10-25 01:00:00,8
Sarbet,2025-10-25 01:00:00,5
Arat Kilo,2025-10-25 02:00:00,8
Ayat,2025-10-25 02:00:00,7
Bole,2025-10-25 02:00:00,28
CMC,2025-10-25 02:00:00,5
Gerji,2025-10-25 02:00:00,6
Kazanchis,2025-10-25 02:00:00,4
Kolfe,2025-10-25 02:00:00,13
Lideta,2025-10-25 02:00:00,10
Megenagna,2025-10-25 02:00:00,11
Merkato,2025-10-25 02:00:00,8
Piassa,2025-10-25 02:00:00,7
Sarbet,2025-10-25 02:00:00,11
Arat Kilo,2025-10-25 03:00:00,5
Ayat,2025-10-25 03:00:00,3
Bole,2025-10-25 03:00:00,30
CMC,2025-10-25 03:00:00,8
Gerji,2025-10-25 03:00:00,6
Kazanchis,2025-10-25 03:00:00,6
Kolfe,2025-10-25 03:00:00,1
Lideta,2025-10-25 03:00:00,7
Megenagna,2025-10-25 03:00:00,11
Merkato,2025-10-25 03:00:00,6
Piassa,2025-10-25 03:00:00,3
Sarbet,2025-10-25 03:00:00,4
Ayat,2025-10-25 04:00:00,6
Bole,2025-10-25 04:00:00,35
CMC,2025-10-25 04:00:00,7
Gerji,2025-10-25 04:00:00,11
Kazanchis,2025-10-25 04:00:00,12
Kolfe,2025-10-25 04:00:00,5
Lideta,2025-10-25 04:00:00,10
Megenagna,2025-10-25 04:00:00,10
Merkato,2025-10-25 04:00:00,8
Piassa,2025-10-25 04:00:00,1
Sarbet,2025-10-25 04:00:00,6
Arat Kilo,2025-10-25 05:00:00,7
Ayat,2025-10-25 05:00:00,6
Bole,2025-10-25 05:00:00,47
CMC,2025-10-25 05:00:00,8
Gerji,2025-10-25 05:00:00,7
Kazanchis,2025-10-25 05:00:00,7
Kolfe,2025-10-25 05:00:00,9
Lideta,2025-10-25 05:00:00,6
Megenagna,2025-10-25 05:00:00,13
Merkato,2025-10-25 05:00:00,36
Piassa,2025-10-25 05:00:00,3
Sarbet,2025-10-25 05:00:00,5
Ayat,2025-10-25 06:00:00,6
CMC,2025-10-25 06:00:00,14
Gerji,2025-10-25 06:00:00,9
Kazanchis,2025-10-25 06:00:00,6
Kolfe,2025-10-25 06:00:00,13
Lideta,2025-10-25 06:00:00,22
Megenagna,2025-10-25 06:00:00,18
Merkato,2025-10-25 06:00:00,55
Piassa,2025-10-25 06:00:00,2
Sarbet,2025-10-25 06:00:00,6
Arat Kilo,2025-10-25 07:00:00,8
Ayat,2025-10-25 07:00:00,18
CMC,2025-10-25 07:00:00,11
Gerji,2025-10-25 07:00:00,22
Kazanchis,2025-10-25 07:00:00,7
Kolfe,2025-10-25 07:00:00,18
Megenagna,2025-10-25 07:00:00,21
Merkato,2025-10-25 07:00:00,87
Piassa,2025-10-25 07:00:00,10
Sarbet,2025-10-25 07:00:00,13
Arat Kilo,2025-10-25 08:00:00,15
Ayat,2025-10-25 08:00:00,20
Bole,2025-10-25 08:00:00,23
CMC,2025-10-25 08:00:00,15
Gerji,2025-10-25 08:00:00,43
Kazanchis,2025-10-25 08:00:00,19
Kolfe,2025-10-25 08:00:00,24
Lideta,2025-10-25 08:00:00,30
Megenagna,2025-10-25 08:00:00,52
Merkato,2025-10-25 08:00:00,85
Piassa,2025-10-25 08:00:00,17
Sarbet,2025-10-25 08:00:00,20
Arat Kilo,2025-10-25 09:00:00,11
Ayat,2025-10-25 09:00:00,20
Bole,2025-10-25 09:00:00,24
CMC,2025-10-25 09:00:00,39
Gerji,2025-10-25 09:00:00,35
Kazanchis,2025-10-25 09:00:00,12
Kolfe,2025-10-25 09:00:00,33
Lideta,2025-10-25 09:00:00,24
Megenagna,2025-10-25 09:00:00,39
Merkato,2025-10-25 09:00:00,84
Piassa,2025-10-25 09:00:00,11
Sarbet,2025-10-25 09:00:00,28
Arat Kilo,2025-10-25 10:00:00,13
Ayat,2025-10-25 10:00:00,35
Bole,2025-10-25 10:00:00,31
Gerji,2025-10-25 10:00:00,52
Kazanchis,2025-10-25 10:00:00,32
Kolfe,2025-10-25 10:00:00,41
Lideta,2025-10-25 10:00:00,51
Megenagna,2025-10-25 10:00:00,56
Merkato,2025-10-25 10:00:00,114
Piassa,2025-10-25 10:00:00,21
Sarbet,2025-10-25 10:00:00,41
Arat Kilo,2025-10-25 11:00:00,26
Ayat,2025-10-25 11:00:00,41
Bole,2025-10-25 11:00:00,39
CMC,2025-10-25 11:00:00,44
Gerji,2025-10-25 11:00:00,41
Kazanchis,2025-10-25 11:00:00,40
Kolfe,2025-10-25 11:00:00,57
Lideta,2025-10-25 11:00:00,41
Megenagna,2025-10-25 11:00:00,51
Merkato,2025-10-25 11:00:00,108
Piassa,2025-10-25 11:00:00,27
Sarbet,2025-10-25 11:00:00,44
Arat Kilo,2025-10-25 12:00:00,17
Ayat,2025-10-25 12:00:00,38
Bole,2025-10-25 12:00:00,33
CMC,2025-10-25 12:00:00,62
Gerji,2025-10-25 12:00:00,40
Kolfe,2025-10-25 12:00:00,42
Lideta,2025-10-25 12:00:00,40
Megenagna,2025-10-25 12:00:00,63
Merkato,2025-10-25 12:00:00,147
Piassa,2025-10-25 12:00:00,16
Sarbet,2025-10-25 12:00:00,36
Arat Kilo,2025-10-25 13:00:00,16
Ayat,2025-10-25 13:00:00,35
Bole,2025-10-25 13:00:00,48
CMC,2025-10-25 13:00:00,58
Gerji,2025-10-25 13:00:00,46
Kazanchis,2025-10-25 13:00:00,55
Kolfe,2025-10-25 13:00:00,32
Lideta,2025-10-25 13:00:00,43
Megenagna,2025-10-25 13:00:00,66
Merkato,2025-10-25 13:00:00,101
Piassa,2025-10-25 13:00:00,32
Sarbet,2025-10-25 13:00:00,33
Arat Kilo,2025-10-25 14:00:00,19
Ayat,2025-10-25 14:00:00,40
Bole,2025-10-25 14:00:00,45
CMC,2025-10-25 14:00:00,50
Gerji,2025-10-25 14:00:00,60
Kazanchis,2025-10-25 14:00:00,58
Kolfe,2025-10-25 14:00:00,38
Lideta,2025-10-25 14:00:00,45
Merkato,2025-10-25 14:00:00,145
Piassa,2025-10-25 14:00:00,19
Sarbet,2025-10-25 14:00:00,39
Arat Kilo,2025-10-25 15:00:00,23
Ayat,2025-10-25 15:00:00,38
Bole,2025-10-25 15:00:00,55
CMC,2025-10-25 15:00:00,53
Gerji,2025-10-25 15:00:00,50
Kazanchis,2025-10-25 15:00:00,33
Kolfe,2025-10-25 15:00:00,44
Lideta,2025-10-25 15:00:00,46
Megenagna,2025-10-25 15:00:00,60
Merkato,2025-10-25 15:00:00,152
Piassa,2025-10-25 15:00:00,20
Sarbet,2025-10-25 15:00:00,26
Arat Kilo,2025-10-25 16:00:00,14
Ayat,2025-10-25 16:00:00,20
Bole,2025-10-25 16:00:00,54
CMC,2025-10-25 16:00:00,37
Gerji,2025-10-25 16:00:00,44
Kazanchis,2025-10-25 16:00:00,35
Kolfe,2025-10-25 16:00:00,25
Lideta,2025-10-25 16:00:00,43
Megenagna,2025-10-25 16:00:00,36
Merkato,2025-10-25 16:00:00,106
Piassa,2025-10-25 16:00:00,22
Sarbet,2025-10-25 16:00:00,45
Arat Kilo,2025-10-25 17:00:00,19
Ayat,2025-10-25 17:00:00,35
Bole,2025-10-25 17:00:00,46
CMC,2025-10-25 17:00:00,66
Gerji,2025-10-25 17:00:00,49
Kazanchis,2025-10-25 17:00:00,67
Kolfe,2025-10-25 17:00:00,32
Megenagna,2025-10-25 17:00:00,49
Merkato,2025-10-25 17:00:00,66
Piassa,2025-10-25 17:00:00,35
Sarbet,2025-10-25 17:00:00,37
Arat Kilo,2025-10-25 18:00:00,34
Ayat,2025-10-25 18:00:00,34
Bole,2025-10-25 18:00:00,61
CMC,2025-10-25 18:00:00,50
Gerji,2025-10-25 18:00:00,53
Kazanchis,2025-10-25 18:00:00,58
Kolfe,2025-10-25 18:00:00,47
Lideta,2025-10-25 18:00:00,41
Megenagna,2025-10-25 18:00:00,51
Merkato,2025-10-25 18:00:00,36
Piassa,2025-10-25 18:00:00,40
Sarbet,2025-10-25 18:00:00,34
Arat Kilo,2025-10-25 19:00:00,26
Ayat,2025-10-25 19:00:00,36
Bole,2025-10-25 19:00:00,54
CMC,2025-10-25 19:00:00,62
Gerji,2025-10-25 19:00:00,46
Kazanchis,2025-10-25 19:00:00,39
Kolfe,2025-10-25 19:00:00,41
Lideta,2025-10-25 19:00:00,28
Megenagna,2025-10-25 19:00:00,36
Merkato,2025-10-25 19:00:00,30
Piassa,2025-10-25 19:00:00,53
Sarbet,2025-10-25 19:00:00,43
Arat Kilo,2025-10-25 20:00:00,20
Ayat,2025-10-25 20:00:00,31
Bole,2025-10-25 20:00:00,90
CMC,2025-10-25 20:00:00,64
Gerji,2025-10-25 20:00:00,39
Kazanchis,2025-10-25 20:00:00,41
Kolfe,2025-10-25 20:00:00,34
Lideta,2025-10-25 20:00:00,28
Megenagna,2025-10-25 20:00:00,46
Merkato,2025-10-25 20:00:00,24
Piassa,2025-10-25 20:00:00,29
Sarbet,2025-10-25 20:00:00,46
Arat Kilo,2025-10-25 21:00:00,18
Ayat,2025-10-25 21:00:00,31
Bole,2025-10-25 21:00:00,109
CMC,2025-10-25 21:00:00,34
Gerji,2025-10-25 21:00:00,27
Kazanchis,2025-10-25 21:00:00,23
Kolfe,2025-10-25 21:00:00,30
Lideta,2025-10-25 21:00:00,17
Megenagna,2025-10-25 21:00:00,37
Merkato,2025-10-25 21:00:00,14
Piassa,2025-10-25 21:00:00,24
Sarbet,2025-10-25 21:00:00,32
Arat Kilo,2025-10-25 22:00:00,12
Ayat,2025-10-25 22:00:00,20
Bole,2025-10-25 22:00:00,117
CMC,2025-10-25 22:00:00,22
Gerji,2025-10-25 22:00:00,16
Kazanchis,2025-10-25 22:00:00,20
Kolfe,2025-10-25 22:00:00,14
Lideta,2025-10-25 22:00:00,14
Megenagna,2025-10-25 22:00:00,38
Merkato,2025-10-25 22:00:00,2
Piassa,2025-10-25 22:00:00,8
Sarbet,2025-10-25 22:00:00,29
Arat Kilo,2025-10-25 23:00:00,7
Ayat,2025-10-25 23:00:00,19
Bole,2025-10-25 23:00:00,112
CMC,2025-10-25 23:00:00,12
Gerji,2025-10-25 23:00:00,7
Kazanchis,2025-10-25 23:00:00,9
Kolfe,2025-10-25 23:00:00,7
Lideta,2025-10-25 23:00:00,15
Megenagna,2025-10-25 23:00:00,11
Merkato,2025-10-25 23:00:00,11
Piassa,2025-10-25 23:00:00,9
Sarbet,2025-10-25 23:00:00,7
Arat Kilo,2025-10-26 00:00:00,7
Ayat,2025-10-26 00:00:00,5
Bole,2025-10-26 00:00:00,107
CMC,2025-10-26 00:00:00,5
Gerji,2025-10-26 00:00:00,8
Kazanchis,2025-10-26 00:00:00,7
Kolfe,2025-10-26 00:00:00,11
Lideta,2025-10-26 00:00:00,9
Megenagna,2025-10-26 00:00:00,10
Merkato,2025-10-26 00:00:00,4
Piassa,2025-10-26 00:00:00,8
Sarbet,2025-10-26 00:00:00,4
Arat Kilo,2025-10-26 01:00:00,5
Ayat,2025-10-26 01:00:00,5
Bole,2025-10-26 01:00:00,57
CMC,2025-10-26 01:00:00,6
Gerji,2025-10-26 01:00:00,14
Kazanchis,2025-10-26 01:00:00,3
Kolfe,2025-10-26 01:00:00,6
Lideta,2025-10-26 01:00:00,13
Megenagna,2025-10-26 01:00:00,14
Merkato,2025-10-26 01:00:00,5
Piassa,2025-10-26 01:00:00,9
Arat Kilo,2025-10-26 02:00:00,4
Ayat,2025-10-26 02:00:00,2
Bole,2025-10-26 02:00:00,32
CMC,2025-10-26 02:00:00,5
Gerji,2025-10-26 02:00:00,8
Kolfe,2025-10-26 02:00:00,7
Lideta,2025-10-26 02:00:00,13
Megenagna,2025-10-26 02:00:00,15
Merkato,2025-10-26 02:00:00,6
Piassa,2025-10-26 02:00:00,4
Sarbet,2025-10-26 02:00:00,6
Arat Kilo,2025-10-26 03:00:00,0
Ayat,2025-10-26 03:00:00,3
Bole,2025-10-26 03:00:00,31
CMC,2025-10-26 03:00:00,11
Kazanchis,2025-10-26 03:00:00,3
Kolfe,2025-10-26 03:00:00,8
Lideta,2025-10-26 03:00:00,17
Megenagna,2025-10-26 03:00:00,16
Merkato,2025-10-26 03:00:00,2
Piassa,2025-10-26 03:00:00,3
Sarbet,2025-10-26 03:00:00,1
Arat Kilo,2025-10-26 04:00:00,5
Ayat,2025-10-26 04:00:00,11
Bole,2025-10-26 04:00:00,21
Gerji,2025-10-26 04:00:00,8
Kazanchis,2025-10-26 04:00:00,12
Kolfe,2025-10-26 04:00:00,4
Lideta,2025-10-26 04:00:00,11
Megenagna,2025-10-26 04:00:00,22
Merkato,2025-10-26 04:00:00,8
Piassa,2025-10-26 04:00:00,9
Sarbet,2025-10-26 04:00:00,3
Arat Kilo,2025-10-26 05:00:00,8
Ayat,2025-10-26 05:00:00,4
Bole,2025-10-26 05:00:00,69
CMC,2025-10-26 05:00:00,9
Gerji,2025-10-26 05:00:00,8
Kazanchis,2025-10-26 05:00:00,16
Kolfe,2025-10-26 05:00:00,10
Lideta,2025-10-26 05:00:00,13
Megenagna,2025-10-26 05:00:00,16
Merkato,2025-10-26 05:00:00,10
Piassa,2025-10-26 05:00:00,10
Sarbet,2025-10-26 05:00:00,12
Arat Kilo,2025-10-26 06:00:00,8
Ayat,2025-10-26 06:00:00,10
Bole,2025-10-26 06:00:00,45
CMC,2025-10-26 06:00:00,13
Gerji,2025-10-26 06:00:00,15
Kazanchis,2025-10-26 06:00:00,12
Kolfe,2025-10-26 06:00:00,11
Lideta,2025-10-26 06:00:00,16
Megenagna,2025-10-26 06:00:00,23
Merkato,2025-10-26 06:00:00,28
Piassa,2025-10-26 06:00:00,10
Sarbet,2025-10-26 06:00:00,9
Arat Kilo,2025-10-26 07:00:00,8
Ayat,2025-10-26 07:00:00,13
Bole,2025-10-26 07:00:00,41
CMC,2025-10-26 07:00:00,16
Gerji,2025-10-26 07:00:00,22
Kazanchis,2025-10-26 07:00:00,7
Kolfe,2025-10-26 07:00:00,22
Lideta,2025-10-26 07:00:00,28
Megenagna,2025-10-26 07:00:00,42
Merkato,2025-10-26 07:00:00,58
Piassa,2025-10-26 07:00:00,7
Sarbet,2025-10-26 07:00:00,23
Arat Kilo,2025-10-26 08:00:00,8
Ayat,2025-10-26 08:00:00,15
Bole,2025-10-26 08:00:00,22
CMC,2025-10-26 08:00:00,38
Gerji,2025-10-26 08:00:00,39
Kazanchis,2025-10-26 08:00:00,13
Kolfe,2025-10-26 08:00:00,26
Lideta,2025-10-26 08:00:00,20
Megenagna,2025-10-26 08:00:00,32
Merkato,2025-10-26 08:00:00,28
Piassa,2025-10-26 08:00:00,13
Sarbet,2025-10-26 08:00:00,30
Arat Kilo,2025-10-26 09:00:00,7
Ayat,2025-10-26 09:00:00,25
Bole,2025-10-26 09:00:00,25
CMC,2025-10-26 09:00:00,30
Kazanchis,2025-10-26 09:00:00,25
Kolfe,2025-10-26 09:00:00,33
Lideta,2025-10-26 09:00:00,25
Megenagna,2025-10-26 09:00:00,55
Merkato,2025-10-26 09:00:00,50
Piassa,2025-10-26 09:00:00,11
Sarbet,2025-10-26 09:00:00,22
Arat Kilo,2025-10-26 10:00:00,16
Ayat,2025-10-26 10:00:00,30
Bole,2025-10-26 10:00:00,26
CMC,2025-10-26 10:00:00,61
Gerji,2025-10-26 10:00:00,49
Kazanchis,2025-10-26 10:00:00,22
Kolfe,2025-10-26 10:00:00,47
Lideta,2025-10-26 10:00:00,28
Megenagna,2025-10-26 10:00:00,68
Merkato,2025-10-26 10:00:00,58
Piassa,2025-10-26 10:00:00,28
Sarbet,2025-10-26 10:00:00,36
Arat Kilo,2025-10-26 11:00:00,20
Ayat,2025-10-26 11:00:00,33
Bole,2025-10-26 11:00:00,38
Gerji,2025-10-26 11:00:00,43
Kolfe,2025-10-26 11:00:00,43
Lideta,2025-10-26 11:00:00,38
Merkato,2025-10-26 11:00:00,49
Piassa,2025-10-26 11:00:00,17
Sarbet,2025-10-26 11:00:00,49
Arat Kilo,2025-10-26 12:00:00,20
Ayat,2025-10-26 12:00:00,52
Bole,2025-10-26 12:00:00,48
CMC,2025-10-26 12:00:00,64
Gerji,2025-10-26 12:00:00,57
Kazanchis,2025-10-26 12:00:00,24
Kolfe,2025-10-26 12:00:00,54
Lideta,2025-10-26 12:00:00,56
Megenagna,2025-10-26 12:00:00,65
Merkato,2025-10-26 12:00:00,39
Piassa,2025-10-26 12:00:00,31
Sarbet,2025-10-26 12:00:00,50
Arat Kilo,2025-10-26 13:00:00,20
Ayat,2025-10-26 13:00:00,27
Bole,2025-10-26 13:00:00,39
CMC,2025-10-26 13:00:00,68
Gerji,2025-10-26 13:00:00,46
Kazanchis,2025-10-26 13:00:00,30
Kolfe,2025-10-26 13:00:00,44
Lideta,2025-10-26 13:00:00,48
Merkato,2025-10-26 13:00:00,52
Piassa,2025-10-26 13:00:00,27
Sarbet,2025-10-26 13:00:00,37
Arat Kilo,2025-10-26 14:00:00,9
Ayat,2025-10-26 14:00:00,35
Bole,2025-10-26 14:00:00,52
CMC,2025-10-26 14:00:00,65
Gerji,2025-10-26 14:00:00,52
Kazanchis,2025-10-26 14:00:00,19
Kolfe,2025-10-26 14:00:00,51
Lideta,2025-10-26 14:00:00,32
Megenagna,2025-10-26 14:00:00,66
Merkato,2025-10-26 14:00:00,58
Piassa,2025-10-26 14:00:00,21
Sarbet,2025-10-26 14:00:00,51
Arat Kilo,2025-10-26 15:00:00,14
Ayat,2025-10-26 15:00:00,22
CMC,2025-10-26 15:00:00,45
Gerji,2025-10-26 15:00:00,44
Kazanchis,2025-10-26 15:00:00,31
Kolfe,2025-10-26 15:00:00,39
Lideta,2025-10-26 15:00:00,44
Megenagna,2025-10-26 15:00:00,83
Merkato,2025-10-26 15:00:00,62
Piassa,2025-10-26 15:00:00,20
Sarbet,2025-10-26 15:00:00,43
Arat Kilo,2025-10-26 16:00:00,19
Ayat,2025-10-26 16:00:00,41
Bole,2025-10-26 16:00:00,63
CMC,2025-10-26 16:00:00,46
Gerji,2025-10-26 16:00:00,45
Kazanchis,2025-10-26 16:00:00,26
Kolfe,2025-10-26 16:00:00,43
Lideta,2025-10-26 16:00:00,63
Megenagna,2025-10-26 16:00:00,55
Merkato,2025-10-26 16:00:00,41
Piassa,2025-10-26 16:00:00,32
Sarbet,2025-10-26 16:00:00,42
Arat Kilo,2025-10-26 17:00:00,32
Ayat,2025-10-26 17:00:00,31
Bole,2025-10-26 17:00:00,68
CMC,2025-10-26 17:00:00,34
Gerji,2025-10-26 17:00:00,45
Kazanchis,2025-10-26 17:00:00,35
Kolfe,2025-10-26 17:00:00,52
Lideta,2025-10-26 17:00:00,51
Megenagna,2025-10-26 17:00:00,66
Merkato,2025-10-26 17:00:00,24
Piassa,2025-10-26 17:00:00,32
Sarbet,2025-10-26 17:00:00,47
Arat Kilo,2025-10-26 18:00:00,24
Ayat,2025-10-26 18:00:00,38
Bole,2025-10-26 18:00:00,137
CMC,2025-10-26 18:00:00,53
Gerji,2025-10-26 18:00:00,43
Kazanchis,2025-10-26 18:00:00,31
Kolfe,2025-10-26 18:00:00,67
Lideta,2025-10-26 18:00:00,38
Megenagna,2025-10-26 18:00:00,66
Merkato,2025-10-26 18:00:00,25
Piassa,2025-10-26 18:00:00,44
Sarbet,2025-10-26 18:00:00,44
Arat Kilo,2025-10-26 19:00:00,35
Ayat,2025-10-26 19:00:00,39
Bole,2025-10-26 19:00:00,84
Gerji,2025-10-26 19:00:00,41
Kazanchis,2025-10-26 19:00:00,40
Kolfe,2025-10-26 19:00:00,45
Lideta,2025-10-26 19:00:00,33
Megenagna,2025-10-26 19:00:00,33
Merkato,2025-10-26 19:00:00,12
Piassa,2025-10-26 19:00:00,29
Sarbet,2025-10-26 19:00:00,37
Arat Kilo,2025-10-26 20:00:00,23
Ayat,2025-10-26 20:00:00,38
Bole,2025-10-26 20:00:00,76
CMC,2025-10-26 20:00:00,49
Gerji,2025-10-26 20:00:00,54
Kazanchis,2025-10-26 20:00:00,40
Kolfe,2025-10-26 20:00:00,30
Lideta,2025-10-26 20:00:00,23
Megenagna,2025-10-26 20:00:00,46
Merkato,2025-10-26 20:00:00,2
Piassa,2025-10-26 20:00:00,36
Sarbet,2025-10-26 20:00:00,40
Arat Kilo,2025-10-26 21:00:00,18
Ayat,2025-10-26 21:00:00,30
Bole,2025-10-26 21:00:00,89
CMC,2025-10-26 21:00:00,37
Gerji,2025-10-26 21:00:00,46
Kazanchis,2025-10-26 21:00:00,18
Lideta,2025-10-26 21:00:00,25
Megenagna,2025-10-26 21:00:00,24
Merkato,2025-10-26 21:00:00,5
Piassa,2025-10-26 21:00:00,14
Sarbet,2025-10-26 21:00:00,31
Arat Kilo,2025-10-26 22:00:00,19
Ayat,2025-10-26 22:00:00,13
Bole,2025-10-26 22:00:00,68
CMC,2025-10-26 22:00:00,27
Gerji,2025-10-26 22:00:00,16
Kazanchis,2025-10-26 22:00:00,22
Kolfe,2025-10-26 22:00:00,26
Lideta,2025-10-26 22:00:00,14
Megenagna,2025-10-26 22:00:00,30
Merkato,2025-10-26 22:00:00,2
Piassa,2025-10-26 22:00:00,12
Sarbet,2025-10-26 22:00:00,16
Arat Kilo,2025-10-26 23:00:00,6
Ayat,2025-10-26 23:00:00,13
Bole,2025-10-26 23:00:00,100
CMC,2025-10-26 23:00:00,8
Gerji,2025-10-26 23:00:00,15
Kazanchis,2025-10-26 23:00:00,22
Kolfe,2025-10-26 23:00:00,8
Lideta,2025-10-26 23:00:00,11
Megenagna,2025-10-26 23:00:00,27
Merkato,2025-10-26 23:00:00,7
Sarbet,2025-10-26 23:00:00,16
Ayat,2025-10-27 00:00:00,8
Bole,2025-10-27 00:00:00,36
CMC,2025-10-27 00:00:00,7
Gerji,2025-10-27 00:00:00,11
Kolfe,2025-10-27 00:00:00,6
Lideta,2025-10-27 00:00:00,8
Megenagna,2025-10-27 00:00:00,10
Merkato,2025-10-27 00:00:00,3
Piassa,2025-10-27 00:00:00,4
Sarbet,2025-10-27 00:00:00,6
Arat Kilo,2025-10-27 01:00:00,2
Ayat,2025-10-27 01:00:00,4
Bole,2025-10-27 01:00:00,37
CMC,2025-10-27 01:00:00,4
Gerji,2025-10-27 01:00:00,2
Kazanchis,2025-10-27 01:00:00,4
Kolfe,2025-10-27 01:00:00,4
Lideta,2025-10-27 01:00:00,8
Megenagna,2025-10-27 01:00:00,9
Merkato,2025-10-27 01:00:00,4
Piassa,2025-10-27 01:00:00,4
Sarbet,2025-10-27 01:00:00,9
Arat Kilo,2025-10-27 02:00:00,0
Ayat,2025-10-27 02:00:00,2
Bole,2025-10-27 02:00:00,16
CMC,2025-10-27 02:00:00,2
Gerji,2025-10-27 02:00:00,5
Kazanchis,2025-10-27 02:00:00,4
Kolfe,2025-10-27 02:00:00,5
Lideta,2025-10-27 02:00:00,8
Megenagna,2025-10-27 02:00:00,10
Merkato,2025-10-27 02:00:00,2
Piassa,2025-10-27 02:00:00,8
Sarbet,2025-10-27 02:00:00,5
Arat Kilo,2025-10-27 03:00:00,1
Ayat,2025-10-27 03:00:00,2
Bole,2025-10-27 03:00:00,17
CMC,2025-10-27 03:00:00,3
Gerji,2025-10-27 03:00:00,4
Kazanchis,2025-10-27 03:00:00,6
Kolfe,2025-10-27 03:00:00,10
Lideta,2025-10-27 03:00:00,5
Megenagna,2025-10-27 03:00:00,13
Merkato,2025-10-27 03:00:00,5
Piassa,2025-10-27 03:00:00,4
Sarbet,2025-10-27 03:00:00,4
Arat Kilo,2025-10-27 04:00:00,3
Bole,2025-10-27 04:00:00,29
CMC,2025-10-27 04:00:00,14
Gerji,2025-10-27 04:00:00,11
Kazanchis,2025-10-27 04:00:00,4
Kolfe,2025-10-27 04:00:00,13
Lideta,2025-10-27 04:00:00,14
Megenagna,2025-10-27 04:00:00,12
Merkato,2025-10-27 04:00:00,6
Piassa,2025-10-27 04:00:00,6
Sarbet,2025-10-27 04:00:00,9
Arat Kilo,2025-10-27 05:00:00,8
Ayat,2025-10-27 05:00:00,22
Bole,2025-10-27 05:00:00,59
CMC,2025-10-27 05:00:00,16
Gerji,2025-10-27 05:00:00,27
Kazanchis,2025-10-27 05:00:00,11
Lideta,2025-10-27 05:00:00,14
Megenagna,2025-10-27 05:00:00,24
Merkato,2025-10-27 05:00:00,11
Piassa,2025-10-27 05:00:00,7
Sarbet,2025-10-27 05:00:00,18
Arat Kilo,2025-10-27 06:00:00,20
Ayat,2025-10-27 06:00:00,30
Bole,2025-10-27 06:00:00,67
CMC,2025-10-27 06:00:00,58
Gerji,2025-10-27 06:00:00,41
Kazanchis,2025-10-27 06:00:00,27
Kolfe,2025-10-27 06:00:00,46
Lideta,2025-10-27 06:00:00,39
Megenagna,2025-10-27 06:00:00,60
Merkato,2025-10-27 06:00:00,34
Piassa,2025-10-27 06:00:00,23
Sarbet,2025-10-27 06:00:00,43
Arat Kilo,2025-10-27 07:00:00,49
Ayat,2025-10-27 07:00:00,54
Bole,2025-10-27 07:00:00,79
CMC,2025-10-27 07:00:00,72
Gerji,2025-10-27 07:00:00,51
Kazanchis,2025-10-27 07:00:00,61
Kolfe,2025-10-27 07:00:00,80
Lideta,2025-10-27 07:00:00,61
Megenagna,2025-10-27 07:00:00,90
Merkato,2025-10-27 07:00:00,103
Piassa,2025-10-27 07:00:00,41
Sarbet,2025-10-27 07:00:00,78
Arat Kilo,2025-10-27 08:00:00,68
Ayat,2025-10-27 08:00:00,51
Bole,2025-10-27 08:00:00,50
CMC,2025-10-27 08:00:00,47
Gerji,2025-10-27 08:00:00,51
Kazanchis,2025-10-27 08:00:00,107
Kolfe,2025-10-27 08:00:00,41
Lideta,2025-10-27 08:00:00,77
Megenagna,2025-10-27 08:00:00,72
Merkato,2025-10-27 08:00:00,99
Piassa,2025-10-27 08:00:00,65
Sarbet,2025-10-27 08:00:00,45
Arat Kilo,2025-10-27 09:00:00,31
Ayat,2025-10-27 09:00:00,17
Bole,2025-10-27 09:00:00,30
CMC,2025-10-27 09:00:00,38
Gerji,2025-10-27 09:00:00,33
Kazanchis,2025-10-27 09:00:00,42
Kolfe,2025-10-27 09:00:00,38
Lideta,2025-10-27 09:00:00,43
Megenagna,2025-10-27 09:00:00,84
Merkato,2025-10-27 09:00:00,92
Piassa,2025-10-27 09:00:00,49
Sarbet,2025-10-27 09:00:00,35
Arat Kilo,2025-10-27 10:00:00,19
Ayat,2025-10-27 10:00:00,18
Bole,2025-10-27 10:00:00,48
CMC,2025-10-27 10:00:00,27
Gerji,2025-10-27 10:00:00,27
Kolfe,2025-10-27 10:00:00,17
Lideta,2025-10-27 10:00:00,46
Megenagna,2025-10-27 10:00:00,50
Merkato,2025-10-27 10:00:00,89
Piassa,2025-10-27 10:00:00,31
Sarbet,2025-10-27 10:00:00,18
Arat Kilo,2025-10-27 11:00:00,22
Ayat,2025-10-27 11:00:00,17
Bole,2025-10-27 11:00:00,39
CMC,2025-10-27 11:00:00,25
Gerji,2025-10-27 11:00:00,19
Kazanchis,2025-10-27 11:00:00,40
Kolfe,2025-10-27 11:00:00,19
Lideta,2025-10-27 11:00:00,50
Megenagna,2025-10-27 11:00:00,56
Merkato,2025-10-27 11:00:00,120
Piassa,2025-10-27 11:00:00,18
Sarbet,2025-10-27 11:00:00,17
Arat Kilo,2025-10-27 12:00:00,27
Ayat,2025-10-27 12:00:00,17
Bole,2025-10-27 12:00:00,46
CMC,2025-10-27 12:00:00,31
Gerji,2025-10-27 12:00:00,27
Kazanchis,2025-10-27 12:00:00,41
Kolfe,2025-10-27 12:00:00,22
Lideta,2025-10-27 12:00:00,43
Merkato,2025-10-27 12:00:00,132
Piassa,2025-10-27 12:00:00,47
Sarbet,2025-10-27 12:00:00,24
Arat Kilo,2025-10-27 13:00:00,32
Bole,2025-10-27 13:00:00,54
CMC,2025-10-27 13:00:00,20
Kazanchis,2025-10-27 13:00:00,73
Kolfe,2025-10-27 13:00:00,37
Lideta,2025-10-27 13:00:00,56
Megenagna,2025-10-27 13:00:00,45
Merkato,2025-10-27 13:00:00,98
Piassa,2025-10-27 13:00:00,47
Sarbet,2025-10-27 13:00:00,22
Arat Kilo,2025-10-27 14:00:00,35
Ayat,2025-10-27 14:00:00,12
Bole,2025-10-27 14:00:00,46
Gerji,2025-10-27 14:00:00,17
Kazanchis,2025-10-27 14:00:00,45
Kolfe,2025-10-27 14:00:00,23
Lideta,2025-10-27 14:00:00,42
Megenagna,2025-10-27 14:00:00,54
Merkato,2025-10-27 14:00:00,116
Piassa,2025-10-27 14:00:00,51
Sarbet,2025-10-27 14:00:00,23
Arat Kilo,2025-10-27 15:00:00,39
Ayat,2025-10-27 15:00:00,18
Bole,2025-10-27 15:00:00,38
CMC,2025-10-27 15:00:00,22
Gerji,2025-10-27 15:00:00,31
Kazanchis,2025-10-27 15:00:00,51
Kolfe,2025-10-27 15:00:00,33
Lideta,2025-10-27 15:00:00,36
Megenagna,2025-10-27 15:00:00,39
Merkato,2025-10-27 15:00:00,99
Sarbet,2025-10-27 15:00:00,18
Arat Kilo,2025-10-27 16:00:00,33
Ayat,2025-10-27 16:00:00,18
Bole,2025-10-27 16:00:00,37
CMC,2025-10-27 16:00:00,27
Gerji,2025-10-27 16:00:00,21
Kazanchis,2025-10-27 16:00:00,77
Kolfe,2025-10-27 16:00:00,23
Lideta,2025-10-27 16:00:00,59
Megenagna,2025-10-27 16:00:00,71
Piassa,2025-10-27 16:00:00,80
Sarbet,2025-10-27 16:00:00,25
Arat Kilo,2025-10-27 17:00:00,52
Bole,2025-10-27 17:00:00,38
CMC,2025-10-27 17:00:00,40
Gerji,2025-10-27 17:00:00,54
Kazanchis,2025-10-27 17:00:00,97
Kolfe,2025-10-27 17:00:00,34
Lideta,2025-10-27 17:00:00,67
Megenagna,2025-10-27 17:00:00,67
Merkato,2025-10-27 17:00:00,70
Piassa,2025-10-27 17:00:00,84
Sarbet,2025-10-27 17:00:00,23
Arat Kilo,2025-10-27 18:00:00,59
Ayat,2025-10-27 18:00:00,40
Bole,2025-10-27 18:00:00,60
CMC,2025-10-27 18:00:00,54
Gerji,2025-10-27 18:00:00,42
Kazanchis,2025-10-27 18:00:00,106
Kolfe,2025-10-27 18:00:00,35
Lideta,2025-10-27 18:00:00,81
Megenagna,2025-10-27 18:00:00,126
Merkato,2025-10-27 18:00:00,46
Piassa,2025-10-27 18:00:00,86
Sarbet,2025-10-27 18:00:00,45
Ayat,2025-10-27 19:00:00,37
Bole,2025-10-27 19:00:00,70
CMC,2025-10-27 19:00:00,49
Gerji,2025-10-27 19:00:00,42
Kazanchis,2025-10-27 19:00:00,101
Kolfe,2025-10-27 19:00:00,48
Lideta,2025-10-27 19:00:00,58
Megenagna,2025-10-27 19:00:00,72
Merkato,2025-10-27 19:00:00,34
Piassa,2025-10-27 19:00:00,68
Sarbet,2025-10-27 19:00:00,58
Arat Kilo,2025-10-27 20:00:00,32
Ayat,2025-10-27 20:00:00,36
Bole,2025-10-27 20:00:00,40
CMC,2025-10-27 20:00:00,46
Gerji,2025-10-27 20:00:00,48
Kazanchis,2025-10-27 20:00:00,73
Kolfe,2025-10-27 20:00:00,49
Lideta,2025-10-27 20:00:00,30
Megenagna,2025-10-27 20:00:00,56
Merkato,2025-10-27 20:00:00,16
Piassa,2025-10-27 20:00:00,58
Sarbet,2025-10-27 20:00:00,37
Arat Kilo,2025-10-27 21:00:00,29
Ayat,2025-10-27 21:00:00,14
Bole,2025-10-27 21:00:00,37
CMC,2025-10-27 21:00:00,35
Gerji,2025-10-27 21:00:00,24
Kazanchis,2025-10-27 21:00:00,27
Kolfe,2025-10-27 21:00:00,26
Lideta,2025-10-27 21:00:00,19
Megenagna,2025-10-27 21:00:00,20
Merkato,2025-10-27 21:00:00,6
Piassa,2025-10-27 21:00:00,32
Sarbet,2025-10-27 21:00:00,30
Arat Kilo,2025-10-27 22:00:00,14
Ayat,2025-10-27 22:00:00,12
Bole,2025-10-27 22:00:00,22
CMC,2025-10-27 22:00:00,24
Gerji,2025-10-27 22:00:00,19
Kazanchis,2025-10-27 22:00:00,17
Kolfe,2025-10-27 22:00:00,13
Lideta,2025-10-27 22:00:00,6
Megenagna,2025-10-27 22:00:00,11
Merkato,2025-10-27 22:00:00,1
Piassa,2025-10-27 22:00:00,17
Sarbet,2025-10-27 22:00:00,33
Arat Kilo,2025-10-27 23:00:00,4
Ayat,2025-10-27 23:00:00,9
Bole,2025-10-27 23:00:00,25
CMC,2025-10-27 23:00:00,11
Gerji,2025-10-27 23:00:00,15
Kazanchis,2025-10-27 23:00:00,14
Kolfe,2025-10-27 23:00:00,9
Lideta,2025-10-27 23:00:00,5
Megenagna,2025-10-27 23:00:00,9
Merkato,2025-10-27 23:00:00,1
Piassa,2025-10-27 23:00:00,6
Arat Kilo,2025-10-28 00:00:00,3
Ayat,2025-10-28 00:00:00,8
Bole,2025-10-28 00:00:00,18
CMC,2025-10-28 00:00:00,7
Gerji,2025-10-28 00:00:00,10
Kazanchis,2025-10-28 00:00:00,6
Kolfe,2025-10-28 00:00:00,9
Lideta,2025-10-28 00:00:00,7
Megenagna,2025-10-28 00:00:00,7
Merkato,2025-10-28 00:00:00,2
Piassa,2025-10-28 00:00:00,5
Sarbet,2025-10-28 00:00:00,9
Arat Kilo,2025-10-28 01:00:00,0
Ayat,2025-10-28 01:00:00,7
Bole,2025-10-28 01:00:00,9
CMC,2025-10-28 01:00:00,8
Gerji,2025-10-28 01:00:00,7
Kazanchis,2025-10-28 01:00:00,11
Kolfe,2025-10-28 01:00:00,6
Lideta,2025-10-28 01:00:00,5
Megenagna,2025-10-28 01:00:00,6
Merkato,2025-10-28 01:00:00,5
Piassa,2025-10-28 01:00:00,2
Sarbet,2025-10-28 01:00:00,5
Arat Kilo,2025-10-28 02:00:00,3
Ayat,2025-10-28 02:00:00,2
Bole,2025-10-28 02:00:00,9
CMC,2025-10-28 02:00:00,9
Kazanchis,2025-10-28 02:00:00,7
Kolfe,2025-10-28 02:00:00,1
Lideta,2025-10-28 02:00:00,4
Megenagna,2025-10-28 02:00:00,12
Merkato,2025-10-28 02:00:00,4
Sarbet,2025-10-28 02:00:00,4
Arat Kilo,2025-10-28 03:00:00,5
Ayat,2025-10-28 03:00:00,1
Bole,2025-10-28 03:00:00,13
CMC,2025-10-28 03:00:00,11
Gerji,2025-10-28 03:00:00,5
Kazanchis,2025-10-28 03:00:00,5
Kolfe,2025-10-28 03:00:00,2
Lideta,2025-10-28 03:00:00,6
Megenagna,2025-10-28 03:00:00,13
Merkato,2025-10-28 03:00:00,10
Piassa,2025-10-28 03:00:00,4
Sarbet,2025-10-28 03:00:00,3
Arat Kilo,2025-10-28 04:00:00,8
Ayat,2025-10-28 04:00:00,6
Bole,2025-10-28 04:00:00,28
CMC,2025-10-28 04:00:00,13
Gerji,2025-10-28 04:00:00,12
Kazanchis,2025-10-28 04:00:00,1
Kolfe,2025-10-28 04:00:00,4
Lideta,2025-10-28 04:00:00,10
Megenagna,2025-10-28 04:00:00,12
Merkato,2025-10-28 04:00:00,7
Piassa,2025-10-28 04:00:00,5
Sarbet,2025-10-28 04:00:00,11
Arat Kilo,2025-10-28 05:00:00,11
Ayat,2025-10-28 05:00:00,15
Bole,2025-10-28 05:00:00,62
CMC,2025-10-28 05:00:00,30
Gerji,2025-10-28 05:00:00,25
Kazanchis,2025-10-28 05:00:00,3
Kolfe,2025-10-28 05:00:00,23
Lideta,2025-10-28 05:00:00,12
Megenagna,2025-10-28 05:00:00,35
Merkato,2025-10-28 05:00:00,22
Piassa,2025-10-28 05:00:00,8
Arat Kilo,2025-10-28 06:00:00,13
Ayat,2025-10-28 06:00:00,26
Bole,2025-10-28 06:00:00,92
CMC,2025-10-28 06:00:00,52
Gerji,2025-10-28 06:00:00,51
Kazanchis,2025-10-28 06:00:00,29
Kolfe,2025-10-28 06:00:00,51
Lideta,2025-10-28 06:00:00,37
Megenagna,2025-10-28 06:00:00,59
Merkato,2025-10-28 06:00:00,37
Piassa,2025-10-28 06:00:00,26
Sarbet,2025-10-28 06:00:00,27
Arat Kilo,2025-10-28 07:00:00,57
Ayat,2025-10-28 07:00:00,68
Bole,2025-10-28 07:00:00,57
CMC,2025-10-28 07:00:00,77
Gerji,2025-10-28 07:00:00,66
Kazanchis,2025-10-28 07:00:00,76
Kolfe,2025-10-28 07:00:00,99
Lideta,2025-10-28 07:00:00,49
Megenagna,2025-10-28 07:00:00,85
Merkato,2025-10-28 07:00:00,78
Piassa,2025-10-28 07:00:00,60
Sarbet,2025-10-28 07:00:00,70
Arat Kilo,2025-10-28 08:00:00,87
Ayat,2025-10-28 08:00:00,39
Bole,2025-10-28 08:00:00,62
CMC,2025-10-28 08:00:00,60
Gerji,2025-10-28 08:00:00,49
Kazanchis,2025-10-28 08:00:00,82
Kolfe,2025-10-28 08:00:00,46
Lideta,2025-10-28 08:00:00,81
Megenagna,2025-10-28 08:00:00,91
Merkato,2025-10-28 08:00:00,93
Piassa,2025-10-28 08:00:00,79
Sarbet,2025-10-28 08:00:00,47
Arat Kilo,2025-10-28 09:00:00,34
Ayat,2025-10-28 09:00:00,26
Bole,2025-10-28 09:00:00,46
CMC,2025-10-28 09:00:00,37
Gerji,2025-10-28 09:00:00,29
Kazanchis,2025-10-28 09:00:00,64
Kolfe,2025-10-28 09:00:00,21
Lideta,2025-10-28 09:00:00,48
Megenagna,2025-10-28 09:00:00,78
Merkato,2025-10-28 09:00:00,84
Sarbet,2025-10-28 09:00:00,27
Arat Kilo,2025-10-28 10:00:00,25
Ayat,2025-10-28 10:00:00,23
Bole,2025-10-28 10:00:00,44
CMC,2025-10-28 10:00:00,18
Gerji,2025-10-28 10:00:00,13
Kazanchis,2025-10-28 10:00:00,35
Kolfe,2025-10-28 10:00:00,21
Lideta,2025-10-28 10:00:00,27
Megenagna,2025-10-28 10:00:00,41
Merkato,2025-10-28 10:00:00,99
Piassa,2025-10-28 10:00:00,27
Sarbet,2025-10-28 10:00:00,27
Arat Kilo,2025-10-28 11:00:00,22
Ayat,2025-10-28 11:00:00,19
Bole,2025-10-28 11:00:00,29
CMC,2025-10-28 11:00:00,28
Gerji,2025-10-28 11:00:00,29
Kazanchis,2025-10-28 11:00:00,16
Kolfe,2025-10-28 11:00:00,28
Lideta,2025-10-28 11:00:00,43
Megenagna,2025-10-28 11:00:00,55
Merkato,2025-10-28 11:00:00,120
Piassa,2025-10-28 11:00:00,16
Sarbet,2025-10-28 11:00:00,21
Arat Kilo,2025-10-28 12:00:00,29
Ayat,2025-10-28 12:00:00,17
Bole,2025-10-28 12:00:00,49
CMC,2025-10-28 12:00:00,35
Gerji,2025-10-28 12:00:00,36
Kazanchis,2025-10-28 12:00:00,46
Kolfe,2025-10-28 12:00:00,19
Lideta,2025-10-28 12:00:00,45
Megenagna,2025-10-28 12:00:00,60
Merkato,2025-10-28 12:00:00,102
Piassa,2025-10-28 12:00:00,44
Sarbet,2025-10-28 12:00:00,22
Arat Kilo,2025-10-28 13:00:00,37
Ayat,2025-10-28 13:00:00,23
Bole,2025-10-28 13:00:00,52
CMC,2025-10-28 13:00:00,29
Gerji,2025-10-28 13:00:00,35
Kazanchis,2025-10-28 13:00:00,70
Kolfe,2025-10-28 13:00:00,21
Lideta,2025-10-28 13:00:00,50
Megenagna,2025-10-28 13:00:00,44
Merkato,2025-10-28 13:00:00,100
Piassa,2025-10-28 13:00:00,73
Sarbet,2025-10-28 13:00:00,25
Arat Kilo,2025-10-28 14:00:00,46
Ayat,2025-10-28 14:00:00,19
Bole,2025-10-28 14:00:00,72
CMC,2025-10-28 14:00:00,39
Gerji,2025-10-28 14:00:00,42
Kazanchis,2025-10-28 14:00:00,99
Kolfe,2025-10-28 14:00:00,31
Lideta,2025-10-28 14:00:00,77
Megenagna,2025-10-28 14:00:00,66
Merkato,2025-10-28 14:00:00,67
Piassa,2025-10-28 14:00:00,66
Sarbet,2025-10-28 14:00:00,33
Arat Kilo,2025-10-28 15:00:00,31
Ayat,2025-10-28 15:00:00,9
Bole,2025-10-28 15:00:00,33
CMC,2025-10-28 15:00:00,17
Gerji,2025-10-28 15:00:00,31
Kazanchis,2025-10-28 15:00:00,51
Kolfe,2025-10-28 15:00:00,23
Lideta,2025-10-28 15:00:00,47
Megenagna,2025-10-28 15:00:00,57
Merkato,2025-10-28 15:00:00,119
Piassa,2025-10-28 15:00:00,37
Sarbet,2025-10-28 15:00:00,20
Arat Kilo,2025-10-28 16:00:00,46
Ayat,2025-10-28 16:00:00,27
CMC,2025-10-28 16:00:00,37
Gerji,2025-10-28 16:00:00,23
Kazanchis,2025-10-28 16:00:00,70
Kolfe,2025-10-28 16:00:00,34
Lideta,2025-10-28 16:00:00,53
Megenagna,2025-10-28 16:00:00,91
Merkato,2025-10-28 16:00:00,80
Piassa,2025-10-28 16:00:00,65
Sarbet,2025-10-28 16:00:00,27
Arat Kilo,2025-10-28 17:00:00,86
Ayat,2025-10-28 17:00:00,18
Bole,2025-10-28 17:00:00,47
CMC,2025-10-28 17:00:00,49
Gerji,2025-10-28 17:00:00,44
Kazanchis,2025-10-28 17:00:00,92
Kolfe,2025-10-28 17:00:00,49
Lideta,2025-10-28 17:00:00,75
Merkato,2025-10-28 17:00:00,59
Piassa,2025-10-28 17:00:00,96
Sarbet,2025-10-28 17:00:00,21
Arat Kilo,2025-10-28 18:00:00,108
Ayat,2025-10-28 18:00:00,59
Bole,2025-10-28 18:00:00,77
CMC,2025-10-28 18:00:00,93
Gerji,2025-10-28 18:00:00,74
Kazanchis,2025-10-28 18:00:00,176
Kolfe,2025-10-28 18:00:00,64
Lideta,2025-10-28 18:00:00,114
Megenagna,2025-10-28 18:00:00,174
Merkato,2025-10-28 18:00:00,16
Piassa,2025-10-28 18:00:00,133
Sarbet,2025-10-28 18:00:00,57
Arat Kilo,2025-10-28 19:00:00,71
Ayat,2025-10-28 19:00:00,40
Bole,2025-10-28 19:00:00,83
CMC,2025-10-28 19:00:00,65
Gerji,2025-10-28 19:00:00,59
Kazanchis,2025-10-28 19:00:00,74
Kolfe,2025-10-28 19:00:00,48
Lideta,2025-10-28 19:00:00,67
Megenagna,2025-10-28 19:00:00,87
Merkato,2025-10-28 19:00:00,26
Piassa,2025-10-28 19:00:00,106
Sarbet,2025-10-28 19:00:00,45
Arat Kilo,2025-10-28 20:00:00,39
Ayat,2025-10-28 20:00:00,36
Bole,2025-10-28 20:00:00,50
CMC,2025-10-28 20:00:00,42
Gerji,2025-10-28 20:00:00,63
Kazanchis,2025-10-28 20:00:00,63
Kolfe,2025-10-28 20:00:00,49
Lideta,2025-10-28 20:00:00,54
Megenagna,2025-10-28 20:00:00,54
Merkato,2025-10-28 20:00:00,12
Piassa,2025-10-28 20:00:00,63
Sarbet,2025-10-28 20:00:00,55
Arat Kilo,2025-10-28 21:00:00,25
Ayat,2025-10-28 21:00:00,32
Bole,2025-10-28 21:00:00,53
CMC,2025-10-28 21:00:00,26
Gerji,2025-10-28 21:00:00,41
Kazanchis,2025-10-28 21:00:00,35
Kolfe,2025-10-28 21:00:00,52
Lideta,2025-10-28 21:00:00,21
Megenagna,2025-10-28 21:00:00,23
Merkato,2025-10-28 21:00:00,7
Piassa,2025-10-28 21:00:00,28
Sarbet,2025-10-28 21:00:00,29
Arat Kilo,2025-10-28 22:00:00,10
Ayat,2025-10-28 22:00:00,25
Bole,2025-10-28 22:00:00,25
CMC,2025-10-28 22:00:00,18
Gerji,2025-10-28 22:00:00,23
Kazanchis,2025-10-28 22:00:00,28
Kolfe,2025-10-28 22:00:00,27
Lideta,2025-10-28 22:00:00,13
Megenagna,2025-10-28 22:00:00,13
Merkato,2025-10-28 22:00:00,4
Piassa,2025-10-28 22:00:00,20
Sarbet,2025-10-28 22:00:00,24
Arat Kilo,2025-10-28 23:00:00,8
Ayat,2025-10-28 23:00:00,8
CMC,2025-10-28 23:00:00,11
Gerji,2025-10-28 23:00:00,12
Kazanchis,2025-10-28 23:00:00,18
Kolfe,2025-10-28 23:00:00,7
Lideta,2025-10-28 23:00:00,9
Megenagna,2025-10-28 23:00:00,5
Merkato,2025-10-28 23:00:00,8
Piassa,2025-10-28 23:00:00,11
Sarbet,2025-10-28 23:00:00,13
Arat Kilo,2025-10-29 00:00:00,4
Ayat,2025-10-29 00:00:00,4
Bole,2025-10-29 00:00:00,7
CMC,2025-10-29 00:00:00,5
Gerji,2025-10-29 00:00:00,10
Kazanchis,2025-10-29 00:00:00,4
Kolfe,2025-10-29 00:00:00,10
Lideta,2025-10-29 00:00:00,4
Megenagna,2025-10-29 00:00:00,12
Merkato,2025-10-29 00:00:00,3
Piassa,2025-10-29 00:00:00,5
Sarbet,2025-10-29 00:00:00,10
Arat Kilo,2025-10-29 01:00:00,5
Ayat,2025-10-29 01:00:00,3
Bole,2025-10-29 01:00:00,15
CMC,2025-10-29 01:00:00,4
Kazanchis,2025-10-29 01:00:00,5
Kolfe,2025-10-29 01:00:00,7
Lideta,2025-10-29 01:00:00,10
Megenagna,2025-10-29 01:00:00,12
Merkato,2025-10-29 01:00:00,6
Piassa,2025-10-29 01:00:00,3
Sarbet,2025-10-29 01:00:00,3
Arat Kilo,2025-10-29 02:00:00,4
Ayat,2025-10-29 02:00:00,3
Bole,2025-10-29 02:00:00,8
CMC,2025-10-29 02:00:00,3
Gerji,2025-10-29 02:00:00,6
Kazanchis,2025-10-29 02:00:00,8
Kolfe,2025-10-29 02:00:00,6
Lideta,2025-10-29 02:00:00,5
Megenagna,2025-10-29 02:00:00,8
Merkato,2025-10-29 02:00:00,10
Piassa,2025-10-29 02:00:00,2
Sarbet,2025-10-29 02:00:00,4
Arat Kilo,2025-10-29 03:00:00,3
Ayat,2025-10-29 03:00:00,8
Bole,2025-10-29 03:00:00,19
CMC,2025-10-29 03:00:00,6
Gerji,2025-10-29 03:00:00,3
Kazanchis,2025-10-29 03:00:00,2
Kolfe,2025-10-29 03:00:00,4
Lideta,2025-10-29 03:00:00,7
Megenagna,2025-10-29 03:00:00,12
Merkato,2025-10-29 03:00:00,9
Piassa,2025-10-29 03:00:00,4
Sarbet,2025-10-29 03:00:00,2
Arat Kilo,2025-10-29 04:00:00,5
Ayat,2025-10-29 04:00:00,2
Bole,2025-10-29 04:00:00,40
CMC,2025-10-29 04:00:00,13
Kazanchis,2025-10-29 04:00:00,11
Kolfe,2025-10-29 04:00:00,8
Lideta,2025-10-29 04:00:00,17
Megenagna,2025-10-29 04:00:00,4
Merkato,2025-10-29 04:00:00,14
Piassa,2025-10-29 04:00:00,6
Sarbet,2025-10-29 04:00:00,5
Arat Kilo,2025-10-29 05:00:00,10
Ayat,2025-10-29 05:00:00,16
Bole,2025-10-29 05:00:00,58
CMC,2025-10-29 05:00:00,21
Kazanchis,2025-10-29 05:00:00,8
Kolfe,2025-10-29 05:00:00,28
Lideta,2025-10-29 05:00:00,11
Megenagna,2025-10-29 05:00:00,28
Merkato,2025-10-29 05:00:00,23
Piassa,2025-10-29 05:00:00,8
Sarbet,2025-10-29 05:00:00,31
Arat Kilo,2025-10-29 06:00:00,12
Ayat,2025-10-29 06:00:00,47
Bole,2025-10-29 06:00:00,61
CMC,2025-10-29 06:00:00,56
Gerji,2025-10-29 06:00:00,60
Kazanchis,2025-10-29 06:00:00,17
Kolfe,2025-10-29 06:00:00,47
Lideta,2025-10-29 06:00:00,38
Megenagna,2025-10-29 06:00:00,38
Merkato,2025-10-29 06:00:00,52
Piassa,2025-10-29 06:00:00,30
Sarbet,2025-10-29 06:00:00,41
Arat Kilo,2025-10-29 07:00:00,42
Ayat,2025-10-29 07:00:00,28
Bole,2025-10-29 07:00:00,53
CMC,2025-10-29 07:00:00,72
Gerji,2025-10-29 07:00:00,78
Kazanchis,2025-10-29 07:00:00,63
Kolfe,2025-10-29 07:00:00,61
Lideta,2025-10-29 07:00:00,60
Megenagna,2025-10-29 07:00:00,92
Merkato,2025-10-29 07:00:00,87
Piassa,2025-10-29 07:00:00,61
Sarbet,2025-10-29 07:00:00,78
Arat Kilo,2025-10-29 08:00:00,64
Ayat,2025-10-29 08:00:00,49
Bole,2025-10-29 08:00:00,60
CMC,2025-10-29 08:00:00,48
Gerji,2025-10-29 08:00:00,68
Kazanchis,2025-10-29 08:00:00,91
Kolfe,2025-10-29 08:00:00,58
Lideta,2025-10-29 08:00:00,82
Megenagna,2025-10-29 08:00:00,91
Merkato,2025-10-29 08:00:00,78
Piassa,2025-10-29 08:00:00,107
Sarbet,2025-10-29 08:00:00,50
Arat Kilo,2025-10-29 09:00:00,59
Ayat,2025-10-29 09:00:00,26
Bole,2025-10-29 09:00:00,43
CMC,2025-10-29 09:00:00,32
Gerji,2025-10-29 09:00:00,32
Kazanchis,2025-10-29 09:00:00,72
Kolfe,2025-10-29 09:00:00,26
Lideta,2025-10-29 09:00:00,65
Merkato,2025-10-29 09:00:00,89
Piassa,2025-10-29 09:00:00,56
Sarbet,2025-10-29 09:00:00,24
Arat Kilo,2025-10-29 10:00:00,11
Ayat,2025-10-29 10:00:00,15
Bole,2025-10-29 10:00:00,52
CMC,2025-10-29 10:00:00,23
Gerji,2025-10-29 10:00:00,23
Kazanchis,2025-10-29 10:00:00,32
Kolfe,2025-10-29 10:00:00,24
Lideta,2025-10-29 10:00:00,52
Megenagna,2025-10-29 10:00:00,61
Merkato,2025-10-29 10:00:00,106
Piassa,2025-10-29 10:00:00,42
Sarbet,2025-10-29 10:00:00,20
Arat Kilo,2025-10-29 11:00:00,20
Ayat,2025-10-29 11:00:00,17
Bole,2025-10-29 11:00:00,33
CMC,2025-10-29 11:00:00,17
Gerji,2025-10-29 11:00:00,23
Kazanchis,2025-10-29 11:00:00,26
Kolfe,2025-10-29 11:00:00,23
Lideta,2025-10-29 11:00:00,44
Megenagna,2025-10-29 11:00:00,49
Merkato,2025-10-29 11:00:00,112
Piassa,2025-10-29 11:00:00,41
Sarbet,2025-10-29 11:00:00,22
Arat Kilo,2025-10-29 12:00:00,20
Ayat,2025-10-29 12:00:00,16
Bole,2025-10-29 12:00:00,38
CMC,2025-10-29 12:00:00,25
Gerji,2025-10-29 12:00:00,28
Kazanchis,2025-10-29 12:00:00,69
Kolfe,2025-10-29 12:00:00,27
Lideta,2025-10-29 12:00:00,42
Megenagna,2025-10-29 12:00:00,53
Piassa,2025-10-29 12:00:00,46
Sarbet,2025-10-29 12:00:00,19
Arat Kilo,2025-10-29 13:00:00,28
Ayat,2025-10-29 13:00:00,17
Bole,2025-10-29 13:00:00,46
CMC,2025-10-29 13:00:00,25
Gerji,2025-10-29 13:00:00,26
Kazanchis,2025-10-29 13:00:00,45
Kolfe,2025-10-29 13:00:00,26
Lideta,2025-10-29 13:00:00,58
Megenagna,2025-10-29 13:00:00,47
Merkato,2025-10-29 13:00:00,119
Piassa,2025-10-29 13:00:00,59
Sarbet,2025-10-29 13:00:00,24
Arat Kilo,2025-10-29 14:00:00,23
Ayat,2025-10-29 14:00:00,21
Bole,2025-10-29 14:00:00,52
CMC,2025-10-29 14:00:00,28
Gerji,2025-10-29 14:00:00,20
Kazanchis,2025-10-29 14:00:00,59
Kolfe,2025-10-29 14:00:00,22
Lideta,2025-10-29 14:00:00,25
Megenagna,2025-10-29 14:00:00,54
Merkato,2025-10-29 14:00:00,120
Piassa,2025-10-29 14:00:00,53
Sarbet,2025-10-29 14:00:00,22
Arat Kilo,2025-10-29 15:00:00,39
Ayat,2025-10-29 15:00:00,16
Bole,2025-10-29 15:00:00,43
CMC,2025-10-29 15:00:00,19
Gerji,2025-10-29 15:00:00,18
Kazanchis,2025-10-29 15:00:00,48
Kolfe,2025-10-29 15:00:00,23
Megenagna,2025-10-29 15:00:00,74
Merkato,2025-10-29 15:00:00,97
Piassa,2025-10-29 15:00:00,45
Sarbet,2025-10-29 15:00:00,15
Arat Kilo,2025-10-29 16:00:00,47
Ayat,2025-10-29 16:00:00,29
Bole,2025-10-29 16:00:00,43
CMC,2025-10-29 16:00:00,30
Gerji,2025-10-29 16:00:00,49
Kazanchis,2025-10-29 16:00:00,80
Kolfe,2025-10-29 16:00:00,32
Lideta,2025-10-29 16:00:00,76
Megenagna,2025-10-29 16:00:00,112
Merkato,2025-10-29 16:00:00,76
Piassa,2025-10-29 16:00:00,103
Sarbet,2025-10-29 16:00:00,37
Arat Kilo,2025-10-29 17:00:00,65
Ayat,2025-10-29 17:00:00,17
Bole,2025-10-29 17:00:00,47
CMC,2025-10-29 17:00:00,58
Gerji,2025-10-29 17:00:00,44
Kazanchis,2025-10-29 17:00:00,118
Kolfe,2025-10-29 17:00:00,39
Lideta,2025-10-29 17:00:00,71
Megenagna,2025-10-29 17:00:00,104
Merkato,2025-10-29 17:00:00,63
Sarbet,2025-10-29 17:00:00,39
Arat Kilo,2025-10-29 18:00:00,109
Ayat,2025-10-29 18:00:00,50
Bole,2025-10-29 18:00:00,64
CMC,2025-10-29 18:00:00,75
Gerji,2025-10-29 18:00:00,83
Kazanchis,2025-10-29 18:00:00,123
Kolfe,2025-10-29 18:00:00,63
Lideta,2025-10-29 18:00:00,121
Megenagna,2025-10-29 18:00:00,183
Merkato,2025-10-29 18:00:00,33
Piassa,2025-10-29 18:00:00,129
Sarbet,2025-10-29 18:00:00,57
Arat Kilo,2025-10-29 19:00:00,54
Ayat,2025-10-29 19:00:00,38
Bole,2025-10-29 19:00:00,54
CMC,2025-10-29 19:00:00,60
Gerji,2025-10-29 19:00:00,59
Kazanchis,2025-10-29 19:00:00,91
Kolfe,2025-10-29 19:00:00,45
Lideta,2025-10-29 19:00:00,48
Megenagna,2025-10-29 19:00:00,104
Merkato,2025-10-29 19:00:00,23
Piassa,2025-10-29 19:00:00,76
Sarbet,2025-10-29 19:00:00,42
Arat Kilo,2025-10-29 20:00:00,71
Ayat,2025-10-29 20:00:00,60
Bole,2025-10-29 20:00:00,64
CMC,2025-10-29 20:00:00,83
Gerji,2025-10-29 20:00:00,56
Kazanchis,2025-10-29 20:00:00,82
Kolfe,2025-10-29 20:00:00,58
Lideta,2025-10-29 20:00:00,59
Megenagna,2025-10-29 20:00:00,89
Merkato,2025-10-29 20:00:00,11
Piassa,2025-10-29 20:00:00,110
Sarbet,2025-10-29 20:00:00,61
Arat Kilo,2025-10-29 21:00:00,21
Bole,2025-10-29 21:00:00,47
CMC,2025-10-29 21:00:00,27
Gerji,2025-10-29 21:00:00,35
Kazanchis,2025-10-29 21:00:00,38
Kolfe,2025-10-29 21:00:00,31
Lideta,2025-10-29 21:00:00,18
Megenagna,2025-10-29 21:00:00,23
Merkato,2025-10-29 21:00:00,12
Piassa,2025-10-29 21:00:00,40
Sarbet,2025-10-29 21:00:00,36
Arat Kilo,2025-10-29 22:00:00,8
Ayat,2025-10-29 22:00:00,15
Bole,2025-10-29 22:00:00,38
CMC,2025-10-29 22:00:00,18
Gerji,2025-10-29 22:00:00,24
Kazanchis,2025-10-29 22:00:00,17
Kolfe,2025-10-29 22:00:00,31
Lideta,2025-10-29 22:00:00,9
Megenagna,2025-10-29 22:00:00,13
Merkato,2025-10-29 22:00:00,4
Piassa,2025-10-29 22:00:00,19
Sarbet,2025-10-29 22:00:00,22
Arat Kilo,2025-10-29 23:00:00,8
Ayat,2025-10-29 23:00:00,7
Bole,2025-10-29 23:00:00,18
CMC,2025-10-29 23:00:00,10
Gerji,2025-10-29 23:00:00,10
Kazanchis,2025-10-29 23:00:00,7
Kolfe,2025-10-29 23:00:00,13
Lideta,2025-10-29 23:00:00,9
Megenagna,2025-10-29 23:00:00,10
Merkato,2025-10-29 23:00:00,4
Piassa,2025-10-29 23:00:00,9
Sarbet,2025-10-29 23:00:00,13
Arat Kilo,2025-10-30 00:00:00,3
Ayat,2025-10-30 00:00:00,9
Bole,2025-10-30 00:00:00,12
CMC,2025-10-30 00:00:00,2
Gerji,2025-10-30 00:00:00,6
Kazanchis,2025-10-30 00:00:00,5
Kolfe,2025-10-30 00:00:00,11
Lideta,2025-10-30 00:00:00,7
Megenagna,2025-10-30 00:00:00,7
Merkato,2025-10-30 00:00:00,4
Piassa,2025-10-30 00:00:00,7
Sarbet,2025-10-30 00:00:00,4
Arat Kilo,2025-10-30 01:00:00,6
Ayat,2025-10-30 01:00:00,6
Bole,2025-10-30 01:00:00,12
CMC,2025-10-30 01:00:00,6
Gerji,2025-10-30 01:00:00,4
Kazanchis,2025-10-30 01:00:00,7
Kolfe,2025-10-30 01:00:00,1
Lideta,2025-10-30 01:00:00,11
Megenagna,2025-10-30 01:00:00,8
Merkato,2025-10-30 01:00:00,7
Piassa,2025-10-30 01:00:00,3
Sarbet,2025-10-30 01:00:00,7
Arat Kilo,2025-10-30 02:00:00,4
Ayat,2025-10-30 02:00:00,2
CMC,2025-10-30 02:00:00,8
Gerji,2025-10-30 02:00:00,2
Kazanchis,2025-10-30 02:00:00,10
Kolfe,2025-10-30 02:00:00,3
Lideta,2025-10-30 02:00:00,9
Megenagna,2025-10-30 02:00:00,8
Merkato,2025-10-30 02:00:00,3
Piassa,2025-10-30 02:00:00,5
Sarbet,2025-10-30 02:00:00,2
Arat Kilo,2025-10-30 03:00:00,5
Ayat,2025-10-30 03:00:00,3
Bole,2025-10-30 03:00:00,19
CMC,2025-10-30 03:00:00,4
Gerji,2025-10-30 03:00:00,4
Kazanchis,2025-10-30 03:00:00,8
Kolfe,2025-10-30 03:00:00,3
Lideta,2025-10-30 03:00:00,4
Megenagna,2025-10-30 03:00:00,9
Merkato,2025-10-30 03:00:00,8
Piassa,2025-10-30 03:00:00,5
Sarbet,2025-10-30 03:00:00,5
Arat Kilo,2025-10-30 04:00:00,7
Ayat,2025-10-30 04:00:00,12
Bole,2025-10-30 04:00:00,34
CMC,2025-10-30 04:00:00,7
Gerji,2025-10-30 04:00:00,7
Kazanchis,2025-10-30 04:00:00,4
Kolfe,2025-10-30 04:00:00,6
Lideta,2025-10-30 04:00:00,11
Megenagna,2025-10-30 04:00:00,19
Merkato,2025-10-30 04:00:00,16
Piassa,2025-10-30 04:00:00,3
Sarbet,2025-10-30 04:00:00,10
Arat Kilo,2025-10-30 05:00:00,6
Ayat,2025-10-30 05:00:00,10
Bole,2025-10-30 05:00:00,58
CMC,2025-10-30 05:00:00,9
Kazanchis,2025-10-30 05:00:00,7
Kolfe,2025-10-30 05:00:00,19
Lideta,2025-10-30 05:00:00,21
Megenagna,2025-10-30 05:00:00,20
Merkato,2025-10-30 05:00:00,22
Piassa,2025-10-30 05:00:00,9
Sarbet,2025-10-30 05:00:00,19
Arat Kilo,2025-10-30 06:00:00,24
Ayat,2025-10-30 06:00:00,43
Bole,2025-10-30 06:00:00,76
CMC,2025-10-30 06:00:00,67
Gerji,2025-10-30 06:00:00,38
Kazanchis,2025-10-30 06:00:00,32
Kolfe,2025-10-30 06:00:00,35
Lideta,2025-10-30 06:00:00,36
Megenagna,2025-10-30 06:00:00,54
Merkato,2025-10-30 06:00:00,37
Piassa,2025-10-30 06:00:00,18
Sarbet,2025-10-30 06:00:00,47
Arat Kilo,2025-10-30 07:00:00,53
Ayat,2025-10-30 07:00:00,63
Bole,2025-10-30 07:00:00,59
CMC,2025-10-30 07:00:00,60
Gerji,2025-10-30 07:00:00,53
Kazanchis,2025-10-30 07:00:00,66
Kolfe,2025-10-30 07:00:00,71
Lideta,2025-10-30 07:00:00,81
Megenagna,2025-10-30 07:00:00,64
Merkato,2025-10-30 07:00:00,80
Piassa,2025-10-30 07:00:00,77
Sarbet,2025-10-30 07:00:00,55
Arat Kilo,2025-10-30 08:00:00,64
Ayat,2025-10-30 08:00:00,33
Bole,2025-10-30 08:00:00,72
CMC,2025-10-30 08:00:00,63
Kazanchis,2025-10-30 08:00:00,81
Kolfe,2025-10-30 08:00:00,44
Lideta,2025-10-30 08:00:00,58
Megenagna,2025-10-30 08:00:00,113
Merkato,2025-10-30 08:00:00,95
Piassa,2025-10-30 08:00:00,87
Sarbet,2025-10-30 08:00:00,50
Arat Kilo,2025-10-30 09:00:00,28
Ayat,2025-10-30 09:00:00,18
Bole,2025-10-30 09:00:00,50
CMC,2025-10-30 09:00:00,42
Gerji,2025-10-30 09:00:00,25
Kazanchis,2025-10-30 09:00:00,88
Kolfe,2025-10-30 09:00:00,18
Lideta,2025-10-30 09:00:00,49
Megenagna,2025-10-30 09:00:00,91
Merkato,2025-10-30 09:00:00,102
Piassa,2025-10-30 09:00:00,71
Sarbet,2025-10-30 09:00:00,29
Arat Kilo,2025-10-30 10:00:00,28
Ayat,2025-10-30 10:00:00,12
Bole,2025-10-30 10:00:00,40
CMC,2025-10-30 10:00:00,28
Gerji,2025-10-30 10:00:00,23
Kazanchis,2025-10-30 10:00:00,25
Kolfe,2025-10-30 10:00:00,25
Lideta,2025-10-30 10:00:00,47
Megenagna,2025-10-30 10:00:00,54
Merkato,2025-10-30 10:00:00,109
Piassa,2025-10-30 10:00:00,33
Sarbet,2025-10-30 10:00:00,22
Arat Kilo,2025-10-30 11:00:00,11
Ayat,2025-10-30 11:00:00,12
Bole,2025-10-30 11:00:00,30
CMC,2025-10-30 11:00:00,23
Gerji,2025-10-30 11:00:00,21
Kazanchis,2025-10-30 11:00:00,25
Kolfe,2025-10-30 11:00:00,26
Lideta,2025-10-30 11:00:00,45
Megenagna,2025-10-30 11:00:00,45
Merkato,2025-10-30 11:00:00,95
Piassa,2025-10-30 11:00:00,27
Sarbet,2025-10-30 11:00:00,20
Arat Kilo,2025-10-30 12:00:00,16
Ayat,2025-10-30 12:00:00,18
Bole,2025-10-30 12:00:00,31
CMC,2025-10-30 12:00:00,29
Gerji,2025-10-30 12:00:00,25
Kazanchis,2025-10-30 12:00:00,40
Kolfe,2025-10-30 12:00:00,25
Lideta,2025-10-30 12:00:00,36
Megenagna,2025-10-30 12:00:00,37
Merkato,2025-10-30 12:00:00,119
Piassa,2025-10-30 12:00:00,40
Sarbet,2025-10-30 12:00:00,20
Arat Kilo,2025-10-30 13:00:00,29
Ayat,2025-10-30 13:00:00,14
Bole,2025-10-30 13:00:00,49
CMC,2025-10-30 13:00:00,17
Gerji,2025-10-30 13:00:00,20
Kazanchis,2025-10-30 13:00:00,56
Kolfe,2025-10-30 13:00:00,17
Lideta,2025-10-30 13:00:00,36
Megenagna,2025-10-30 13:00:00,41
Merkato,2025-10-30 13:00:00,116
Piassa,2025-10-30 13:00:00,62
Sarbet,2025-10-30 13:00:00,19
Arat Kilo,2025-10-30 14:00:00,30
Ayat,2025-10-30 14:00:00,32
Bole,2025-10-30 14:00:00,51
CMC,2025-10-30 14:00:00,33
Gerji,2025-10-30 14:00:00,25
Kazanchis,2025-10-30 14:00:00,59
Kolfe,2025-10-30 14:00:00,25
Lideta,2025-10-30 14:00:00,31
Megenagna,2025-10-30 14:00:00,48
Merkato,2025-10-30 14:00:00,117
Piassa,2025-10-30 14:00:00,45
Sarbet,2025-10-30 14:00:00,27
Arat Kilo,2025-10-30 15:00:00,24
Ayat,2025-10-30 15:00:00,16
Bole,2025-10-30 15:00:00,32
CMC,2025-10-30 15:00:00,25
Gerji,2025-10-30 15:00:00,18
Kazanchis,2025-10-30 15:00:00,47
Kolfe,2025-10-30 15:00:00,25
Lideta,2025-10-30 15:00:00,41
Megenagna,2025-10-30 15:00:00,50
Merkato,2025-10-30 15:00:00,83
Piassa,2025-10-30 15:00:00,50
Sarbet,2025-10-30 15:00:00,19
Arat Kilo,2025-10-30 16:00:00,54
Ayat,2025-10-30 16:00:00,31
Bole,2025-10-30 16:00:00,33
CMC,2025-10-30 16:00:00,25
Gerji,2025-10-30 16:00:00,32
Kazanchis,2025-10-30 16:00:00,82
Kolfe,2025-10-30 16:00:00,27
Lideta,2025-10-30 16:00:00,40
Megenagna,2025-10-30 16:00:00,70
Merkato,2025-10-30 16:00:00,71
Piassa,2025-10-30 16:00:00,66
Sarbet,2025-10-30 16:00:00,19
Arat Kilo,2025-10-30 17:00:00,75
Ayat,2025-10-30 17:00:00,28
CMC,2025-10-30 17:00:00,43
Gerji,2025-10-30 17:00:00,41
Kazanchis,2025-10-30 17:00:00,111
Kolfe,2025-10-30 17:00:00,33
Lideta,2025-10-30 17:00:00,74
Megenagna,2025-10-30 17:00:00,95
Merkato,2025-10-30 17:00:00,54
Piassa,2025-10-30 17:00:00,101
Sarbet,2025-10-30 17:00:00,36
Arat Kilo,2025-10-30 18:00:00,60
Ayat,2025-10-30 18:00:00,36
Bole,2025-10-30 18:00:00,47
CMC,2025-10-30 18:00:00,40
Gerji,2025-10-30 18:00:00,44
Kazanchis,2025-10-30 18:00:00,88
Lideta,2025-10-30 18:00:00,88
Megenagna,2025-10-30 18:00:00,94
Merkato,2025-10-30 18:00:00,48
Piassa,2025-10-30 18:00:00,89
Sarbet,2025-10-30 18:00:00,43
Arat Kilo,2025-10-30 19:00:00,53
Ayat,2025-10-30 19:00:00,33
Bole,2025-10-30 19:00:00,50
CMC,2025-10-30 19:00:00,66
Gerji,2025-10-30 19:00:00,65
Kazanchis,2025-10-30 19:00:00,122
Kolfe,2025-10-30 19:00:00,65
Lideta,2025-10-30 19:00:00,59
Megenagna,2025-10-30 19:00:00,64
Merkato,2025-10-30 19:00:00,28
Piassa,2025-10-30 19:00:00,73
Sarbet,2025-10-30 19:00:00,45
Ayat,2025-10-30 20:00:00,32
Bole,2025-10-30 20:00:00,43
CMC,2025-10-30 20:00:00,57
Gerji,2025-10-30 20:00:00,53
Kazanchis,2025-10-30 20:00:00,57
Kolfe,2025-10-30 20:00:00,44
Lideta,2025-10-30 20:00:00,40
Megenagna,2025-10-30 20:00:00,41
Merkato,2025-10-30 20:00:00,9
Piassa,2025-10-30 20:00:00,37
Sarbet,2025-10-30 20:00:00,52
Arat Kilo,2025-10-30 21:00:00,27
Ayat,2025-10-30 21:00:00,26
Bole,2025-10-30 21:00:00,43
CMC,2025-10-30 21:00:00,30
Gerji,2025-10-30 21:00:00,29
Kazanchis,2025-10-30 21:00:00,29
Kolfe,2025-10-30 21:00:00,41
Lideta,2025-10-30 21:00:00,14
Megenagna,2025-10-30 21:00:00,32
Merkato,2025-10-30 21:00:00,6
Piassa,2025-10-30 21:00:00,28
Sarbet,2025-10-30 21:00:00,37
Arat Kilo,2025-10-30 22:00:00,10
Ayat,2025-10-30 22:00:00,17
Bole,2025-10-30 22:00:00,38
CMC,2025-10-30 22:00:00,25
Gerji,2025-10-30 22:00:00,25
Kazanchis,2025-10-30 22:00:00,19
Kolfe,2025-10-30 22:00:00,24
Lideta,2025-10-30 22:00:00,7
Megenagna,2025-10-30 22:00:00,17
Merkato,2025-10-30 22:00:00,10
Piassa,2025-10-30 22:00:00,14
Sarbet,2025-10-30 22:00:00,32
Arat Kilo,2025-10-30 23:00:00,3
Ayat,2025-10-30 23:00:00,9
CMC,2025-10-30 23:00:00,19
Gerji,2025-10-30 23:00:00,16
Kazanchis,2025-10-30 23:00:00,14
Kolfe,2025-10-30 23:00:00,12
Lideta,2025-10-30 23:00:00,8
Megenagna,2025-10-30 23:00:00,10
Merkato,2025-10-30 23:00:00,2
Piassa,2025-10-30 23:00:00,9
Sarbet,2025-10-30 23:00:00,10
Arat Kilo,2025-10-31 00:00:00,2
Ayat,2025-10-31 00:00:00,7
Bole,2025-10-31 00:00:00,13
CMC,2025-10-31 00:00:00,5
Gerji,2025-10-31 00:00:00,8
Kazanchis,2025-10-31 00:00:00,7
Kolfe,2025-10-31 00:00:00,4
Lideta,2025-10-31 00:00:00,6
Megenagna,2025-10-31 00:00:00,14
Merkato,2025-10-31 00:00:00,8
Piassa,2025-10-31 00:00:00,4
Ayat,2025-10-31 01:00:00,3
Bole,2025-10-31 01:00:00,13
CMC,2025-10-31 01:00:00,2
Gerji,2025-10-31 01:00:00,1
Kazanchis,2025-10-31 01:00:00,5
Kolfe,2025-10-31 01:00:00,4
Lideta,2025-10-31 01:00:00,4
Megenagna,2025-10-31 01:00:00,9
Merkato,2025-10-31 01:00:00,3
Piassa,2025-10-31 01:00:00,7
Sarbet,2025-10-31 01:00:00,3
Arat Kilo,2025-10-31 02:00:00,0
Ayat,2025-10-31 02:00:00,5
Bole,2025-10-31 02:00:00,8
CMC,2025-10-31 02:00:00,2
Gerji,2025-10-31 02:00:00,2
Kazanchis,2025-10-31 02:00:00,4
Kolfe,2025-10-31 02:00:00,2
Lideta,2025-10-31 02:00:00,5
Megenagna,2025-10-31 02:00:00,13
Merkato,2025-10-31 02:00:00,6
Piassa,2025-10-31 02:00:00,5
Sarbet,2025-10-31 02:00:00,6
Arat Kilo,2025-10-31 03:00:00,1
Ayat,2025-10-31 03:00:00,4
Bole,2025-10-31 03:00:00,22
CMC,2025-10-31 03:00:00,6
Gerji,2025-10-31 03:00:00,6
Kazanchis,2025-10-31 03:00:00,6
Kolfe,2025-10-31 03:00:00,3
Lideta,2025-10-31 03:00:00,11
Megenagna,2025-10-31 03:00:00,5
Merkato,2025-10-31 03:00:00,5
Piassa,2025-10-31 03:00:00,9
Sarbet,2025-10-31 03:00:00,3
Arat Kilo,2025-10-31 04:00:00,2
Ayat,2025-10-31 04:00:00,9
Bole,2025-10-31 04:00:00,24
CMC,2025-10-31 04:00:00,5
Gerji,2025-10-31 04:00:00,9
Kazanchis,2025-10-31 04:00:00,8
Kolfe,2025-10-31 04:00:00,3
Lideta,2025-10-31 04:00:00,8
Megenagna,2025-10-31 04:00:00,15
Merkato,2025-10-31 04:00:00,14
Piassa,2025-10-31 04:00:00,8
Sarbet,2025-10-31 04:00:00,8
Arat Kilo,2025-10-31 05:00:00,7
Ayat,2025-10-31 05:00:00,19
Bole,2025-10-31 05:00:00,73
CMC,2025-10-31 05:00:00,19
Gerji,2025-10-31 05:00:00,23
Kazanchis,2025-10-31 05:00:00,13
Kolfe,2025-10-31 05:00:00,17
Lideta,2025-10-31 05:00:00,11
Megenagna,2025-10-31 05:00:00,21
Merkato,2025-10-31 05:00:00,9
Piassa,2025-10-31 05:00:00,8
Sarbet,2025-10-31 05:00:00,11
Arat Kilo,2025-10-31 06:00:00,19
Ayat,2025-10-31 06:00:00,28
Bole,2025-10-31 06:00:00,69
CMC,2025-10-31 06:00:00,58
Gerji,2025-10-31 06:00:00,63
Kazanchis,2025-10-31 06:00:00,22
Kolfe,2025-10-31 06:00:00,48
Lideta,2025-10-31 06:00:00,40
Megenagna,2025-10-31 06:00:00,65
Merkato,2025-10-31 06:00:00,47
Piassa,2025-10-31 06:00:00,21
Sarbet,2025-10-31 06:00:00,45
Arat Kilo,2025-10-31 07:00:00,50
Ayat,2025-10-31 07:00:00,42
Bole,2025-10-31 07:00:00,74
CMC,2025-10-31 07:00:00,74
Gerji,2025-10-31 07:00:00,65
Kazanchis,2025-10-31 07:00:00,68
Kolfe,2025-10-31 07:00:00,58
Lideta,2025-10-31 07:00:00,71
Megenagna,2025-10-31 07:00:00,101
Merkato,2025-10-31 07:00:00,86
Piassa,2025-10-31 07:00:00,51
Sarbet,2025-10-31 07:00:00,45
Arat Kilo,2025-10-31 08:00:00,76
Ayat,2025-10-31 08:00:00,28
CMC,2025-10-31 08:00:00,66
Gerji,2025-10-31 08:00:00,67
Kazanchis,2025-10-31 08:00:00,97
Kolfe,2025-10-31 08:00:00,53
Lideta,2025-10-31 08:00:00,96
Megenagna,2025-10-31 08:00:00,81
Merkato,2025-10-31 08:00:00,80
Sarbet,2025-10-31 08:00:00,54
Arat Kilo,2025-10-31 09:00:00,40
Ayat,2025-10-31 09:00:00,25
Bole,2025-10-31 09:00:00,51
CMC,2025-10-31 09:00:00,32
Gerji,2025-10-31 09:00:00,38
Kazanchis,2025-10-31 09:00:00,76
Kolfe,2025-10-31 09:00:00,32
Lideta,2025-10-31 09:00:00,51
Megenagna,2025-10-31 09:00:00,80
Merkato,2025-10-31 09:00:00,101
Piassa,2025-10-31 09:00:00,76
Sarbet,2025-10-31 09:00:00,26
Arat Kilo,2025-10-31 10:00:00,28
Ayat,2025-10-31 10:00:00,19
CMC,2025-10-31 10:00:00,34
Gerji,2025-10-31 10:00:00,20
Kazanchis,2025-10-31 10:00:00,34
Kolfe,2025-10-31 10:00:00,24
Lideta,2025-10-31 10:00:00,40
Megenagna,2025-10-31 10:00:00,51
Merkato,2025-10-31 10:00:00,68
Sarbet,2025-10-31 10:00:00,8
Arat Kilo,2025-10-31 11:00:00,15
Ayat,2025-10-31 11:00:00,20
CMC,2025-10-31 11:00:00,23
Gerji,2025-10-31 11:00:00,12
Kazanchis,2025-10-31 11:00:00,23
Kolfe,2025-10-31 11:00:00,17
Lideta,2025-10-31 11:00:00,39
Megenagna,2025-10-31 11:00:00,33
Piassa,2025-10-31 11:00:00,18
Sarbet,2025-10-31 11:00:00,17
Arat Kilo,2025-10-31 12:00:00,32
Ayat,2025-10-31 12:00:00,21
Bole,2025-10-31 12:00:00,32
CMC,2025-10-31 12:00:00,29
Gerji,2025-10-31 12:00:00,31
Kazanchis,2025-10-31 12:00:00,52
Kolfe,2025-10-31 12:00:00,25
Megenagna,2025-10-31 12:00:00,52
Merkato,2025-10-31 12:00:00,114
Piassa,2025-10-31 12:00:00,35
Sarbet,2025-10-31 12:00:00,15
Arat Kilo,2025-10-31 13:00:00,44
Ayat,2025-10-31 13:00:00,18
Bole,2025-10-31 13:00:00,48
CMC,2025-10-31 13:00:00,36
Gerji,2025-10-31 13:00:00,26
Kazanchis,2025-10-31 13:00:00,57
Kolfe,2025-10-31 13:00:00,20
Lideta,2025-10-31 13:00:00,41
Megenagna,2025-10-31 13:00:00,67
Merkato,2025-10-31 13:00:00,149
Piassa,2025-10-31 13:00:00,64
Sarbet,2025-10-31 13:00:00,18
Arat Kilo,2025-10-31 14:00:00,40
Ayat,2025-10-31 14:00:00,16
Bole,2025-10-31 14:00:00,42
CMC,2025-10-31 14:00:00,26
Gerji,2025-10-31 14:00:00,16
Kazanchis,2025-10-31 14:00:00,58
Kolfe,2025-10-31 14:00:00,31
Lideta,2025-10-31 14:00:00,35
Megenagna,2025-10-31 14:00:00,64
Merkato,2025-10-31 14:00:00,129
Piassa,2025-10-31 14:00:00,44
Sarbet,2025-10-31 14:00:00,14
Arat Kilo,2025-10-31 15:00:00,29
Ayat,2025-10-31 15:00:00,14
Bole,2025-10-31 15:00:00,35
CMC,2025-10-31 15:00:00,27
Gerji,2025-10-31 15:00:00,25
Kazanchis,2025-10-31 15:00:00,38
Kolfe,2025-10-31 15:00:00,25
Lideta,2025-10-31 15:00:00,38
Megenagna,2025-10-31 15:00:00,62
Merkato,2025-10-31 15:00:00,86
Piassa,2025-10-31 15:00:00,44
Sarbet,2025-10-31 15:00:00,18
Arat Kilo,2025-10-31 16:00:00,35
Ayat,2025-10-31 16:00:00,16
Bole,2025-10-31 16:00:00,60
CMC,2025-10-31 16:00:00,33
Gerji,2025-10-31 16:00:00,29
Kazanchis,2025-10-31 16:00:00,67
Kolfe,2025-10-31 16:00:00,20
Lideta,2025-10-31 16:00:00,47
Merkato,2025-10-31 16:00:00,85
Piassa,2025-10-31 16:00:00,65
Sarbet,2025-10-31 16:00:00,32
Arat Kilo,2025-10-31 17:00:00,47
Ayat,2025-10-31 17:00:00,37
Bole,2025-10-31 17:00:00,39
CMC,2025-10-31 17:00:00,75
Gerji,2025-10-31 17:00:00,46
Kazanchis,2025-10-31 17:00:00,128
Kolfe,2025-10-31 17:00:00,30
Lideta,2025-10-31 17:00:00,87
Megenagna,2025-10-31 17:00:00,87
Merkato,2025-10-31 17:00:00,66
Piassa,2025-10-31 17:00:00,107
Sarbet,2025-10-31 17:00:00,49
Arat Kilo,2025-10-31 18:00:00,84
Ayat,2025-10-31 18:00:00,30
Bole,2025-10-31 18:00:00,45
CMC,2025-10-31 18:00:00,64
Gerji,2025-10-31 18:00:00,58
Kolfe,2025-10-31 18:00:00,52
Lideta,2025-10-31 18:00:00,78
Megenagna,2025-10-31 18:00:00,125
Merkato,2025-10-31 18:00:00,28
Piassa,2025-10-31 18:00:00,136
Sarbet,2025-10-31 18:00:00,50
Arat Kilo,2025-10-31 19:00:00,63
Ayat,2025-10-31 19:00:00,60
Bole,2025-10-31 19:00:00,67
CMC,2025-10-31 19:00:00,79
Gerji,2025-10-31 19:00:00,64
Kazanchis,2025-10-31 19:00:00,135
Kolfe,2025-10-31 19:00:00,63
Megenagna,2025-10-31 19:00:00,83
Merkato,2025-10-31 19:00:00,33
Piassa,2025-10-31 19:00:00,83
Sarbet,2025-10-31 19:00:00,35
Arat Kilo,2025-10-31 20:00:00,40
Ayat,2025-10-31 20:00:00,45
Bole,2025-10-31 20:00:00,85
CMC,2025-10-31 20:00:00,76
Gerji,2025-10-31 20:00:00,55
Kazanchis,2025-10-31 20:00:00,61
Kolfe,2025-10-31 20:00:00,48
Lideta,2025-10-31 20:00:00,42
Megenagna,2025-10-31 20:00:00,59
Merkato,2025-10-31 20:00:00,8
Piassa,2025-10-31 20:00:00,58
Sarbet,2025-10-31 20:00:00,47
Arat Kilo,2025-10-31 21:00:00,24
Ayat,2025-10-31 21:00:00,39
Bole,2025-10-31 21:00:00,81
CMC,2025-10-31 21:00:00,47
Gerji,2025-10-31 21:00:00,43
Kazanchis,2025-10-31 21:00:00,58
Kolfe,2025-10-31 21:00:00,40
Lideta,2025-10-31 21:00:00,25
Megenagna,2025-10-31 21:00:00,15
Merkato,2025-10-31 21:00:00,7
Piassa,2025-10-31 21:00:00,49
Sarbet,2025-10-31 21:00:00,52
Arat Kilo,2025-10-31 22:00:00,14
Ayat,2025-10-31 22:00:00,15
Bole,2025-10-31 22:00:00,87
CMC,2025-10-31 22:00:00,26
Gerji,2025-10-31 22:00:00,24
Kazanchis,2025-10-31 22:00:00,24
Kolfe,2025-10-31 22:00:00,39
Lideta,2025-10-31 22:00:00,13
Megenagna,2025-10-31 22:00:00,24
Merkato,2025-10-31 22:00:00,9
Piassa,2025-10-31 22:00:00,19
Sarbet,2025-10-31 22:00:00,23
Arat Kilo,2025-10-31 23:00:00,10
Ayat,2025-10-31 23:00:00,6
Bole,2025-10-31 23:00:00,79
CMC,2025-10-31 23:00:00,11
Gerji,2025-10-31 23:00:00,6
Kazanchis,2025-10-31 23:00:00,12
Kolfe,2025-10-31 23:00:00,6
Lideta,2025-10-31 23:00:00,13
Megenagna,2025-10-31 23:00:00,7
Merkato,2025-10-31 23:00:00,7
Piassa,2025-10-31 23:00:00,9
Sarbet,2025-10-31 23:00:00,9
