row_id,zone,pickup_hour,temp_c,rain_mm,humidity_pct,wind_kmh,is_forecast,weather_row_missing,weather_imputed,rain_3h,rain_class,ev_in_window,ev_attendance,ev_concert,ev_conference,ev_exhibition,ev_football_match,ev_road_closure,ev_sports_run,is_holiday,is_school_break,hours_to_next_event,hours_since_event_end,hour,dow,is_weekend,month,days_to_month_end,trend_days,lag_14d,lag_21d,lag_28d,lag_mean_14_28d,zone_code,zone_type,zone_type_code
TEST-00207,Arat Kilo,2025-11-01 00:00:00,14.2,0.0,85.0,5.7,1,0,0,0.0,0,0,0,0,0,0,0,0,0,0,0,48.0,48.0,0,5,1,11,29,304.0,3.0,2.0,7.0,4.0,0,Business / office (weekday commute),0
TEST-00254,Ayat,2025-11-01 00:00:00,14.2,0.0,85.0,5.7,1,0,0,0.0,0,0,0,0,0,0,0,0,0,0,0,48.0,48.0,0,5,1,11,29,304.0,7.0,5.0,5.0,5.666666666666667,1,"Residential (evening peak, weekend >= weekday)",4
TEST-03783,Bole,2025-11-01 00:00:00,14.2,0.0,85.0,5.7,1,0,0,0.0,0,0,0,0,0,0,0,0,0,0,0,48.0,7.0,0,5,1,11,29,304.0,81.0,105.0,132.0,106.0,2,"Leisure / nightlife (late, weekend-heavy)",1
TEST-02587,CMC,2025-11-01 00:00:00,14.2,0.0,85.0,5.7,1,0,0,0.0,0,0,0,0,0,0,0,0,0,0,0,48.0,48.0,0,5,1,11,29,304.0,4.0,8.0,8.0,6.666666666666667,3,"Residential (evening peak, weekend >= weekday)",4
TEST-03249,Gerji,2025-11-01 00:00:00,14.2,0.0,85.0,5.7,1,0,0,0.0,0,0,0,0,0,0,0,0,0,0,0,48.0,48.0,0,5,1,11,29,304.0,5.0,3.0,8.0,5.333333333333333,4,"Residential (evening peak, weekend >= weekday)",4
TEST-01327,Kazanchis,2025-11-01 00:00:00,14.2,0.0,85.0,5.7,1,0,0,0.0,0,0,0,0,0,0,0,0,0,0,0,39.0,48.0,0,5,1,11,29,304.0,9.0,10.0,8.0,9.0,5,Business / office (weekday commute),0
TEST-01187,Kolfe,2025-11-01 00:00:00,14.2,0.0,85.0,5.7,1,0,0,0.0,0,0,0,0,0,0,0,0,0,0,0,48.0,48.0,0,5,1,11,29,304.0,10.0,2.0,7.0,6.333333333333333,6,"Residential (evening peak, weekend >= weekday)",4
TEST-04009,Lideta,2025-11-01 00:00:00,14.2,0.0,85.0,5.7,1,0,0,0.0,0,0,0,0,0,0,0,0,0,0,0,48.0,48.0,0,5,1,11,29,304.0,7.0,8.0,10.0,8.333333333333334,7,Mixed hub (commute + busy midday),3
TEST-02440,Megenagna,2025-11-01 00:00:00,14.2,0.0,85.0,5.7,1,0,0,0.0,0,0,0,0,0,0,0,0,0,0,0,48.0,48.0,0,5,1,11,29,304.0,11.0,18.0,17.0,15.333333333333334,8,Mixed hub (commute + busy midday),3
TEST-00855,Merkato,2025-11-01 00:00:00,14.2,0.0,85.0,5.7,1,0,0,0.0,0,0,0,0,0,0,0,0,0,0,0,48.0,48.0,0,5,1,11,29,304.0,4.0,8.0,7.0,6.333333333333333,9,Market (midday peak),2
TEST-02255,Piassa,2025-11-01 00:00:00,14.2,0.0,85.0,5.7,1,0,0,0.0,0,0,0,0,0,0,0,0,0,0,0,48.0,48.0,0,5,1,11,29,304.0,5.0,7.0,7.0,6.333333333333333,10,Business / office (weekday commute),0
TEST-00218,Sarbet,2025-11-01 00:00:00,14.2,0.0,85.0,5.7,1,0,0,0.0,0,0,0,0,0,0,0,0,0,0,0,48.0,48.0,0,5,1,11,29,304.0,14.0,8.0,2.0,8.0,11,"Residential (evening peak, weekend >= weekday)",4
TEST-01007,Arat Kilo,2025-11-01 01:00:00,10.9,0.0,88.0,9.8,1,0,0,0.0,0,0,0,0,0,0,0,0,0,0,0,48.0,48.0,1,5,1,11,29,304.0416666666667,2.0,4.0,2.0,2.6666666666666665,0,Business / office (weekday commute),0
TEST-03102,Ayat,2025-11-01 01:00:00,10.9,0.0,88.0,9.8,1,0,0,0.0,0,0,0,0,0,0,0,0,0,0,0,48.0,48.0,1,5,1,11,29,304.0416666666667,1.0,7.0,4.0,4.0,1,"Residential (evening peak, weekend >= weekday)",4
TEST-01603,Bole,2025-11-01 01:00:00,10.9,0.0,88.0,9.8,1,0,0,0.0,0,0,0,0,0,0,0,0,0,0,0,48.0,8.0,1,5,1,11,29,304.0416666666667,66.0,65.0,48.0,59.66666666666666,2,"Leisure / nightlife (late, weekend-heavy)",1
TEST-02202,CMC,2025-11-01 01:00:00,10.9,0.0,88.0,9.8,1,0,0,0.0,0,0,0,0,0,0,0,0,0,0,0,48.0,48.0,1,5,1,11,29,304.0416666666667,9.0,6.0,,7.5,3,"Residential (evening peak, weekend >= weekday)",4
TEST-00367,Gerji,2025-11-01 01:00:00,10.9,0.0,88.0,9.8,1,0,0,0.0,0,0,0,0,0,0,0,0,0,0,0,48.0,48.0,1,5,1,11,29,304.0416666666667,4.0,5.0,1.0,3.333333333333333,4,"Residential (evening peak, weekend >= weekday)",4
TEST-02334,Kazanchis,2025-11-01 01:00:00,10.9,0.0,88.0,9.8,1,0,0,0.0,0,0,0,0,0,0,0,0,0,0,0,38.0,48.0,1,5,1,11,29,304.0416666666667,7.0,8.0,8.0,7.666666666666667,5,Business / office (weekday commute),0
TEST-01268,Kolfe,2025-11-01 01:00:00,10.9,0.0,88.0,9.8,1,0,0,0.0,0,0,0,0,0,0,0,0,0,0,0,48.0,48.0,1,5,1,11,29,304.0416666666667,4.0,4.0,3.0,3.6666666666666665,6,"Residential (evening peak, weekend >= weekday)",4
TEST-03794,Lideta,2025-11-01 01:00:00,10.9,0.0,88.0,9.8,1,0,0,0.0,0,0,0,0,0,0,0,0,0,0,0,48.0,48.0,1,5,1,11,29,304.0416666666667,12.0,7.0,4.0,7.666666666666667,7,Mixed hub (commute + busy midday),3
TEST-00588,Megenagna,2025-11-01 01:00:00,10.9,0.0,88.0,9.8,1,0,0,0.0,0,0,0,0,0,0,0,0,0,0,0,48.0,48.0,1,5,1,11,29,304.0416666666667,7.0,18.0,10.0,11.666666666666666,8,Mixed hub (commute + busy midday),3
TEST-03392,Merkato,2025-11-01 01:00:00,10.9,0.0,88.0,9.8,1,0,0,0.0,0,0,0,0,0,0,0,0,0,0,0,48.0,48.0,1,5,1,11,29,304.0416666666667,12.0,7.0,4.0,7.666666666666667,9,Market (midday peak),2
TEST-02661,Piassa,2025-11-01 01:00:00,10.9,0.0,88.0,9.8,1,0,0,0.0,0,0,0,0,0,0,0,0,0,0,0,48.0,48.0,1,5,1,11,29,304.0416666666667,4.0,6.0,5.0,5.0,10,Business / office (weekday commute),0
TEST-00635,Sarbet,2025-11-01 01:00:00,10.9,0.0,88.0,9.8,1,0,0,0.0,0,0,0,0,0,0,0,0,0,0,0,48.0,48.0,1,5,1,11,29,304.0416666666667,2.0,1.0,4.0,2.333333333333333,11,"Residential (evening peak, weekend >= weekday)",4
TEST-00590,Arat Kilo,2025-11-01 02:00:00,11.2,0.0,83.0,9.4,1,0,1,0.0,0,0,0,0,0,0,0,0,0,0,0,48.0,48.0,2,5,1,11,29,304.0833333333333,3.0,0.0,3.0,2.0,0,Business / office (weekday commute),0
TEST-02431,Ayat,2025-11-01 02:00:00,11.2,0.0,83.0,9.4,1,0,1,0.0,0,0,0,0,0,0,0,0,0,0,0,48.0,48.0,2,5,1,11,29,304.0833333333333,1.0,1.0,2.0,1.3333333333333333,1,"Residential (evening peak, weekend >= weekday)",4
TEST-00651,Bole,2025-11-01 02:00:00,11.2,0.0,83.0,9.4,1,0,1,0.0,0,0,0,0,0,0,0,0,0,0,0,48.0,9.0,2,5,1,11,29,304.0833333333333,43.0,36.0,39.0,39.333333333333336,2,"Leisure / nightlife (late, weekend-heavy)",1
TEST-02300,CMC,2025-11-01 02:00:00,11.2,0.0,83.0,9.4,1,0,1,0.0,0,0,0,0,0,0,0,0,0,0,0,48.0,48.0,2,5,1,11,29,304.0833333333333,7.0,7.0,6.0,6.666666666666667,3,"Residential (evening peak, weekend >= weekday)",4
TEST-01750,Gerji,2025-11-01 02:00:00,11.2,0.0,83.0,9.4,1,0,1,0.0,0,0,0,0,0,0,0,0,0,0,0,48.0,48.0,2,5,1,11,29,304.0833333333333,3.0,12.0,4.0,6.333333333333333,4,"Residential (evening peak, weekend >= weekday)",4
TEST-03412,Kazanchis,2025-11-01 02:00:00,11.2,0.0,83.0,9.4,1,0,1,0.0,0,0,0,0,0,0,0,0,0,0,0,37.0,48.0,2,5,1,11,29,304.0833333333333,5.0,14.0,4.0,7.666666666666667,5,Business / office (weekday commute),0
TEST-02048,Kolfe,2025-11-01 02:00:00,11.2,0.0,83.0,9.4,1,0,1,0.0,0,0,0,0,0,0,0,0,0,0,0,48.0,48.0,2,5,1,11,29,304.0833333333333,1.0,6.0,7.0,4.666666666666667,6,"Residential (evening peak, weekend >= weekday)",4
TEST-01050,Lideta,2025-11-01 02:00:00,11.2,0.0,83.0,9.4,1,0,1,0.0,0,0,0,0,0,0,0,0,0,0,0,48.0,48.0,2,5,1,11,29,304.0833333333333,9.0,10.0,4.0,7.666666666666667,7,Mixed hub (commute + busy midday),3
TEST-01573,Megenagna,2025-11-01 02:00:00,11.2,0.0,83.0,9.4,1,0,1,0.0,0,0,0,0,0,0,0,0,0,0,0,48.0,48.0,2,5,1,11,29,304.0833333333333,9.0,9.0,12.0,10.0,8,Mixed hub (commute + busy midday),3
TEST-02599,Merkato,2025-11-01 02:00:00,11.2,0.0,83.0,9.4,1,0,1,0.0,0,0,0,0,0,0,0,0,0,0,0,48.0,48.0,2,5,1,11,29,304.0833333333333,5.0,8.0,4.0,5.666666666666667,9,Market (midday peak),2
TEST-03022,Piassa,2025-11-01 02:00:00,11.2,0.0,83.0,9.4,1,0,1,0.0,0,0,0,0,0,0,0,0,0,0,0,48.0,48.0,2,5,1,11,29,304.0833333333333,5.0,6.0,13.0,8.0,10,Business / office (weekday commute),0
TEST-02043,Sarbet,2025-11-01 02:00:00,11.2,0.0,83.0,9.4,1,0,1,0.0,0,0,0,0,0,0,0,0,0,0,0,48.0,48.0,2,5,1,11,29,304.0833333333333,3.0,4.0,2.0,3.0,11,"Residential (evening peak, weekend >= weekday)",4
TEST-02100,Arat Kilo,2025-11-01 03:00:00,10.4,0.0,78.0,9.8,1,0,0,0.0,0,0,0,0,0,0,0,0,0,0,0,48.0,48.0,3,5,1,11,29,304.125,6.0,3.0,2.0,3.6666666666666665,0,Business / office (weekday commute),0
TEST-03985,Ayat,2025-11-01 03:00:00,10.4,0.0,78.0,9.8,1,0,0,0.0,0,0,0,0,0,0,0,0,0,0,0,48.0,48.0,3,5,1,11,29,304.125,6.0,5.0,3.0,4.666666666666667,1,"Residential (evening peak, weekend >= weekday)",4
TEST-02501,Bole,2025-11-01 03:00:00,10.4,0.0,78.0,9.8,1,0,0,0.0,0,0,0,0,0,0,0,0,0,0,0,48.0,10.0,3,5,1,11,29,304.125,27.0,33.0,32.0,30.666666666666668,2,"Leisure / nightlife (late, weekend-heavy)",1
TEST-00950,CMC,2025-11-01 03:00:00,10.4,0.0,78.0,9.8,1,0,0,0.0,0,0,0,0,0,0,0,0,0,0,0,48.0,48.0,3,5,1,11,29,304.125,2.0,3.0,,2.5,3,"Residential (evening peak, weekend >= weekday)",4
TEST-02792,Gerji,2025-11-01 03:00:00,10.4,0.0,78.0,9.8,1,0,0,0.0,0,0,0,0,0,0,0,0,0,0,0,48.0,48.0,3,5,1,11,29,304.125,2.0,5.0,6.0,4.333333333333333,4,"Residential (evening peak, weekend >= weekday)",4
TEST-02609,Kazanchis,2025-11-01 03:00:00,10.4,0.0,78.0,9.8,1,0,0,0.0,0,0,0,0,0,0,0,0,0,0,0,36.0,48.0,3,5,1,11,29,304.125,6.0,3.0,,4.5,5,Business / office (weekday commute),0
TEST-00158,Kolfe,2025-11-01 03:00:00,10.4,0.0,78.0,9.8,1,0,0,0.0,0,0,0,0,0,0,0,0,0,0,0,48.0,48.0,3,5,1,11,29,304.125,9.0,4.0,5.0,6.0,6,"Residential (evening peak, weekend >= weekday)",4
TEST-03909,Lideta,2025-11-01 03:00:00,10.4,0.0,78.0,9.8,1,0,0,0.0,0,0,0,0,0,0,0,0,0,0,0,48.0,48.0,3,5,1,11,29,304.125,8.0,3.0,5.0,5.333333333333333,7,Mixed hub (commute + busy midday),3
TEST-00348,Megenagna,2025-11-01 03:00:00,10.4,0.0,78.0,9.8,1,0,0,0.0,0,0,0,0,0,0,0,0,0,0,0,48.0,48.0,3,5,1,11,29,304.125,15.0,,18.0,16.5,8,Mixed hub (commute + busy midday),3
TEST-01332,Merkato,2025-11-01 03:00:00,10.4,0.0,78.0,9.8,1,0,0,0.0,0,0,0,0,0,0,0,0,0,0,0,48.0,48.0,3,5,1,11,29,304.125,2.0,9.0,8.0,6.333333333333333,9,Market (midday peak),2
TEST-03528,Piassa,2025-11-01 03:00:00,10.4,0.0,78.0,9.8,1,0,0,0.0,0,0,0,0,0,0,0,0,0,0,0,48.0,48.0,3,5,1,11,29,304.125,9.0,2.0,8.0,6.333333333333333,10,Business / office (weekday commute),0
TEST-00385,Sarbet,2025-11-01 03:00:00,10.4,0.0,78.0,9.8,1,0,0,0.0,0,0,0,0,0,0,0,0,0,0,0,48.0,48.0,3,5,1,11,29,304.125,,5.0,11.0,8.0,11,"Residential (evening peak, weekend >= weekday)",4
TEST-03276,Arat Kilo,2025-11-01 04:00:00,11.5,0.0,83.0,13.4,1,0,0,0.0,0,0,0,0,0,0,0,0,0,0,0,48.0,48.0,4,5,1,11,29,304.1666666666667,2.0,3.0,3.0,2.6666666666666665,0,Business / office (weekday commute),0
TEST-00637,Ayat,2025-11-01 04:00:00,11.5,0.0,83.0,13.4,1,0,0,0.0,0,0,0,0,0,0,0,0,0,0,0,48.0,48.0,4,5,1,11,29,304.1666666666667,6.0,3.0,3.0,4.0,1,"Residential (evening peak, weekend >= weekday)",4
TEST-01445,Bole,2025-11-01 04:00:00,11.5,0.0,83.0,13.4,1,0,0,0.0,0,0,0,0,0,0,0,0,0,0,0,48.0,11.0,4,5,1,11,29,304.1666666666667,22.0,39.0,22.0,27.666666666666668,2,"Leisure / nightlife (late, weekend-heavy)",1
TEST-00284,CMC,2025-11-01 04:00:00,11.5,0.0,83.0,13.4,1,0,0,0.0,0,0,0,0,0,0,0,0,0,0,0,48.0,48.0,4,5,1,11,29,304.1666666666667,8.0,9.0,12.0,9.666666666666666,3,"Residential (evening peak, weekend >= weekday)",4
TEST-03515,Gerji,2025-11-01 04:00:00,11.5,0.0,83.0,13.4,1,0,0,0.0,0,0,0,0,0,0,0,0,0,0,0,48.0,48.0,4,5,1,11,29,304.1666666666667,9.0,10.0,6.0,8.333333333333334,4,"Residential (evening peak, weekend >= weekday)",4
TEST-01533,Kazanchis,2025-11-01 04:00:00,11.5,0.0,83.0,13.4,1,0,0,0.0,0,0,0,0,0,0,0,0,0,0,0,35.0,48.0,4,5,1,11,29,304.1666666666667,4.0,5.0,6.0,5.0,5,Business / office (weekday commute),0
TEST-02241,Kolfe,2025-11-01 04:00:00,11.5,0.0,83.0,13.4,1,0,0,0.0,0,0,0,0,0,0,0,0,0,0,0,48.0,48.0,4,5,1,11,29,304.1666666666667,6.0,6.0,5.0,5.666666666666667,6,"Residential (evening peak, weekend >= weekday)",4
TEST-03053,Lideta,2025-11-01 04:00:00,11.5,0.0,83.0,13.4,1,0,0,0.0,0,0,0,0,0,0,0,0,0,0,0,48.0,48.0,4,5,1,11,29,304.1666666666667,,11.0,7.0,9.0,7,Mixed hub (commute + busy midday),3
TEST-01387,Megenagna,2025-11-01 04:00:00,11.5,0.0,83.0,13.4,1,0,0,0.0,0,0,0,0,0,0,0,0,0,0,0,48.0,48.0,4,5,1,11,29,304.1666666666667,7.0,14.0,13.0,11.333333333333334,8,Mixed hub (commute + busy midday),3
TEST-00763,Merkato,2025-11-01 04:00:00,11.5,0.0,83.0,13.4,1,0,0,0.0,0,0,0,0,0,0,0,0,0,0,0,48.0,48.0,4,5,1,11,29,304.1666666666667,13.0,14.0,16.0,14.333333333333334,9,Market (midday peak),2
TEST-01542,Piassa,2025-11-01 04:00:00,11.5,0.0,83.0,13.4,1,0,0,0.0,0,0,0,0,0,0,0,0,0,0,0,48.0,48.0,4,5,1,11,29,304.1666666666667,1.0,6.0,10.0,5.666666666666667,10,Business / office (weekday commute),0
TEST-01748,Sarbet,2025-11-01 04:00:00,11.5,0.0,83.0,13.4,1,0,0,0.0,0,0,0,0,0,0,0,0,0,0,0,48.0,48.0,4,5,1,11,29,304.1666666666667,4.0,7.0,5.0,5.333333333333333,11,"Residential (evening peak, weekend >= weekday)",4
TEST-03730,Arat Kilo,2025-11-01 05:00:00,12.2,0.0,87.0,7.0,1,0,0,0.0,0,0,0,0,0,0,0,0,0,0,0,48.0,48.0,5,5,1,11,29,304.2083333333333,7.0,4.0,3.0,4.666666666666667,0,Business / office (weekday commute),0
TEST-00960,Ayat,2025-11-01 05:00:00,12.2,0.0,87.0,7.0,1,0,0,0.0,0,0,0,0,0,0,0,0,0,0,0,48.0,48.0,5,5,1,11,29,304.2083333333333,5.0,5.0,4.0,4.666666666666667,1,"Residential (evening peak, weekend >= weekday)",4
TEST-03925,Bole,2025-11-01 05:00:00,12.2,0.0,87.0,7.0,1,0,0,0.0,0,0,0,0,0,0,0,0,0,0,0,48.0,12.0,5,5,1,11,29,304.2083333333333,52.0,47.0,51.0,50.0,2,"Leisure / nightlife (late, weekend-heavy)",1
TEST-02620,CMC,2025-11-01 05:00:00,12.2,0.0,87.0,7.0,1,0,0,0.0,0,0,0,0,0,0,0,0,0,0,0,48.0,48.0,5,5,1,11,29,304.2083333333333,16.0,5.0,,10.5,3,"Residential (evening peak, weekend >= weekday)",4
TEST-00899,Gerji,2025-11-01 05:00:00,12.2,0.0,87.0,7.0,1,0,0,0.0,0,0,0,0,0,0,0,0,0,0,0,48.0,48.0,5,5,1,11,29,304.2083333333333,2.0,10.0,7.0,6.333333333333333,4,"Residential (evening peak, weekend >= weekday)",4
TEST-00007,Kazanchis,2025-11-01 05:00:00,12.2,0.0,87.0,7.0,1,0,0,0.0,0,0,0,0,0,0,0,0,0,0,0,34.0,48.0,5,5,1,11,29,304.2083333333333,7.0,4.0,3.0,4.666666666666667,5,Business / office (weekday commute),0
TEST-00381,Kolfe,2025-11-01 05:00:00,12.2,0.0,87.0,7.0,1,0,0,0.0,0,0,0,0,0,0,0,0,0,0,0,48.0,48.0,5,5,1,11,29,304.2083333333333,4.0,6.0,7.0,5.666666666666667,6,"Residential (evening peak, weekend >= weekday)",4
TEST-01730,Lideta,2025-11-01 05:00:00,12.2,0.0,87.0,7.0,1,0,0,0.0,0,0,0,0,0,0,0,0,0,0,0,48.0,48.0,5,5,1,11,29,304.2083333333333,11.0,7.0,13.0,10.333333333333334,7,Mixed hub (commute + busy midday),3
TEST-03967,Megenagna,2025-11-01 05:00:00,12.2,0.0,87.0,7.0,1,0,0,0.0,0,0,0,0,0,0,0,0,0,0,0,48.0,48.0,5,5,1,11,29,304.2083333333333,20.0,17.0,15.0,17.333333333333332,8,Mixed hub (commute + busy midday),3
TEST-01474,Merkato,2025-11-01 05:00:00,12.2,0.0,87.0,7.0,1,0,0,0.0,0,0,0,0,0,0,0,0,0,0,0,48.0,48.0,5,5,1,11,29,304.2083333333333,28.0,,32.0,30.0,9,Market (midday peak),2
TEST-02139,Piassa,2025-11-01 05:00:00,12.2,0.0,87.0,7.0,1,0,0,0.0,0,0,0,0,0,0,0,0,0,0,0,48.0,48.0,5,5,1,11,29,304.2083333333333,7.0,8.0,9.0,8.0,10,Business / office (weekday commute),0
TEST-02630,Sarbet,2025-11-01 05:00:00,12.2,0.0,87.0,7.0,1,0,0,0.0,0,0,0,0,0,0,0,0,0,0,0,48.0,48.0,5,5,1,11,29,304.2083333333333,5.0,4.0,5.0,4.666666666666667,11,"Residential (evening peak, weekend >= weekday)",4
TEST-03964,Arat Kilo,2025-11-01 06:00:00,13.2,0.0,84.0,7.8,1,0,0,0.0,0,0,0,0,0,0,0,0,0,0,0,48.0,48.0,6,5,1,11,29,304.25,8.0,0.0,4.0,4.0,0,Business / office (weekday commute),0
TEST-02867,Ayat,2025-11-01 06:00:00,13.2,0.0,84.0,7.8,1,0,0,0.0,0,0,0,0,0,0,0,0,0,0,0,48.0,48.0,6,5,1,11,29,304.25,10.0,11.0,6.0,9.0,1,"Residential (evening peak, weekend >= weekday)",4
TEST-02710,Bole,2025-11-01 06:00:00,13.2,0.0,84.0,7.8,1,0,0,0.0,0,0,0,0,0,0,0,0,0,0,0,48.0,13.0,6,5,1,11,29,304.25,48.0,54.0,54.0,52.0,2,"Leisure / nightlife (late, weekend-heavy)",1
TEST-02759,CMC,2025-11-01 06:00:00,13.2,0.0,84.0,7.8,1,0,0,0.0,0,0,0,0,0,0,0,0,0,0,0,48.0,48.0,6,5,1,11,29,304.25,12.0,9.0,9.0,10.0,3,"Residential (evening peak, weekend >= weekday)",4
TEST-01465,Gerji,2025-11-01 06:00:00,13.2,0.0,84.0,7.8,1,0,0,0.0,0,0,0,0,0,0,0,0,0,0,0,48.0,48.0,6,5,1,11,29,304.25,11.0,12.0,14.0,12.333333333333334,4,"Residential (evening peak, weekend >= weekday)",4
TEST-01847,Kazanchis,2025-11-01 06:00:00,13.2,0.0,84.0,7.8,1,0,0,0.0,0,0,0,0,0,0,0,0,0,0,0,33.0,48.0,6,5,1,11,29,304.25,5.0,8.0,11.0,8.0,5,Business / office (weekday commute),0
TEST-03492,Kolfe,2025-11-01 06:00:00,13.2,0.0,84.0,7.8,1,0,0,0.0,0,0,0,0,0,0,0,0,0,0,0,48.0,48.0,6,5,1,11,29,304.25,12.0,5.0,7.0,8.0,6,"Residential (evening peak, weekend >= weekday)",4
TEST-02541,Lideta,2025-11-01 06:00:00,13.2,0.0,84.0,7.8,1,0,0,0.0,0,0,0,0,0,0,0,0,0,0,0,48.0,48.0,6,5,1,11,29,304.25,12.0,19.0,18.0,16.333333333333332,7,Mixed hub (commute + busy midday),3
TEST-02298,Megenagna,2025-11-01 06:00:00,13.2,0.0,84.0,7.8,1,0,0,0.0,0,0,0,0,0,0,0,0,0,0,0,48.0,48.0,6,5,1,11,29,304.25,23.0,16.0,16.0,18.33333333333333,8,Mixed hub (commute + busy midday),3
TEST-03137,Merkato,2025-11-01 06:00:00,13.2,0.0,84.0,7.8,1,0,0,0.0,0,0,0,0,0,0,0,0,0,0,0,48.0,48.0,6,5,1,11,29,304.25,66.0,76.0,54.0,65.33333333333333,9,Market (midday peak),2
TEST-00309,Piassa,2025-11-01 06:00:00,13.2,0.0,84.0,7.8,1,0,0,0.0,0,0,0,0,0,0,0,0,0,0,0,48.0,48.0,6,5,1,11,29,304.25,5.0,6.0,9.0,6.666666666666667,10,Business / office (weekday commute),0
TEST-01723,Sarbet,2025-11-01 06:00:00,13.2,0.0,84.0,7.8,1,0,0,0.0,0,0,0,0,0,0,0,0,0,0,0,48.0,48.0,6,5,1,11,29,304.25,10.0,6.0,11.0,9.0,11,"Residential (evening peak, weekend >= weekday)",4
TEST-02270,Arat Kilo,2025-11-01 07:00:00,15.1,0.0,67.0,13.3,1,0,0,0.0,0,0,0,0,0,0,0,0,0,0,0,48.0,48.0,7,5,1,11,29,304.2916666666667,6.0,3.0,10.0,6.333333333333333,0,Business / office (weekday commute),0
TEST-03922,Ayat,2025-11-01 07:00:00,15.1,0.0,67.0,13.3,1,0,0,0.0,0,0,0,0,0,0,0,0,0,0,0,48.0,48.0,7,5,1,11,29,304.2916666666667,16.0,5.0,14.0,11.666666666666666,1,"Residential (evening peak, weekend >= weekday)",4
TEST-03525,Bole,2025-11-01 07:00:00,15.1,0.0,67.0,13.3,1,0,0,0.0,0,0,0,0,0,0,0,0,0,0,0,48.0,14.0,7,5,1,11,29,304.2916666666667,38.0,35.0,43.0,38.66666666666666,2,"Leisure / nightlife (late, weekend-heavy)",1
TEST-03543,CMC,2025-11-01 07:00:00,15.1,0.0,67.0,13.3,1,0,0,0.0,0,0,0,0,0,0,0,0,0,0,0,48.0,48.0,7,5,1,11,29,304.2916666666667,20.0,9.0,28.0,19.0,3,"Residential (evening peak, weekend >= weekday)",4
TEST-00915,Gerji,2025-11-01 07:00:00,15.1,0.0,67.0,13.3,1,0,0,0.0,0,0,0,0,0,0,0,0,0,0,0,48.0,48.0,7,5,1,11,29,304.2916666666667,23.0,12.0,13.0,16.0,4,"Residential (evening peak, weekend >= weekday)",4
TEST-01792,Kazanchis,2025-11-01 07:00:00,15.1,0.0,67.0,13.3,1,0,0,0.0,0,0,0,0,0,0,0,0,0,0,0,32.0,48.0,7,5,1,11,29,304.2916666666667,6.0,8.0,20.0,11.333333333333334,5,Business / office (weekday commute),0
TEST-03599,Kolfe,2025-11-01 07:00:00,15.1,0.0,67.0,13.3,1,0,0,0.0,0,0,0,0,0,0,0,0,0,0,0,48.0,48.0,7,5,1,11,29,304.2916666666667,24.0,19.0,26.0,23.0,6,"Residential (evening peak, weekend >= weekday)",4
TEST-01880,Lideta,2025-11-01 07:00:00,15.1,0.0,67.0,13.3,1,0,0,0.0,0,0,0,0,0,0,0,0,0,0,0,48.0,48.0,7,5,1,11,29,304.2916666666667,21.0,18.0,12.0,17.0,7,Mixed hub (commute + busy midday),3
TEST-01671,Megenagna,2025-11-01 07:00:00,15.1,0.0,67.0,13.3,1,0,0,0.0,0,0,0,0,0,0,0,0,0,0,0,48.0,48.0,7,5,1,11,29,304.2916666666667,,27.0,25.0,26.0,8,Mixed hub (commute + busy midday),3
TEST-00047,Merkato,2025-11-01 07:00:00,15.1,0.0,67.0,13.3,1,0,0,0.0,0,0,0,0,0,0,0,0,0,0,0,48.0,48.0,7,5,1,11,29,304.2916666666667,137.0,101.0,112.0,116.66666666666669,9,Market (midday peak),2
TEST-03639,Piassa,2025-11-01 07:00:00,15.1,0.0,67.0,13.3,1,0,0,0.0,0,0,0,0,0,0,0,0,0,0,0,48.0,48.0,7,5,1,11,29,304.2916666666667,12.0,5.0,4.0,7.0,10,Business / office (weekday commute),0
TEST-00989,Sarbet,2025-11-01 07:00:00,15.1,0.0,67.0,13.3,1,0,0,0.0,0,0,0,0,0,0,0,0,0,0,0,48.0,48.0,7,5,1,11,29,304.2916666666667,20.0,13.0,10.0,14.333333333333334,11,"Residential (evening peak, weekend >= weekday)",4
TEST-00648,Arat Kilo,2025-11-01 08:00:00,16.1,0.0,79.0,8.0,1,0,0,0.0,0,0,0,0,0,0,0,0,0,0,0,48.0,48.0,8,5,1,11,29,304.3333333333333,17.0,10.0,11.0,12.666666666666666,0,Business / office (weekday commute),0
TEST-01329,Ayat,2025-11-01 08:00:00,16.1,0.0,79.0,8.0,1,0,0,0.0,0,0,0,0,0,0,0,0,0,0,0,48.0,48.0,8,5,1,11,29,304.3333333333333,20.0,11.0,19.0,16.666666666666668,1,"Residential (evening peak, weekend >= weekday)",4
TEST-03940,Bole,2025-11-01 08:00:00,16.1,0.0,79.0,8.0,1,0,0,0.0,0,0,0,0,0,0,0,0,0,0,0,48.0,15.0,8,5,1,11,29,304.3333333333333,13.0,23.0,37.0,24.33333333333333,2,"Leisure / nightlife (late, weekend-heavy)",1
TEST-03465,CMC,2025-11-01 08:00:00,16.1,0.0,79.0,8.0,1,0,0,0.0,0,0,0,0,0,0,0,0,0,0,0,48.0,48.0,8,5,1,11,29,304.3333333333333,27.0,24.0,14.0,21.666666666666668,3,"Residential (evening peak, weekend >= weekday)",4
TEST-01701,Gerji,2025-11-01 08:00:00,16.1,0.0,79.0,8.0,1,0,0,0.0,0,0,0,0,0,0,0,0,0,0,0,48.0,48.0,8,5,1,11,29,304.3333333333333,23.0,21.0,33.0,25.666666666666668,4,"Residential (evening peak, weekend >= weekday)",4
TEST-00336,Kazanchis,2025-11-01 08:00:00,16.1,0.0,79.0,8.0,1,0,0,0.0,0,0,0,0,0,0,0,0,0,0,0,31.0,48.0,8,5,1,11,29,304.3333333333333,15.0,15.0,17.0,15.666666666666666,5,Business / office (weekday commute),0
TEST-01813,Kolfe,2025-11-01 08:00:00,16.1,0.0,79.0,8.0,1,0,0,0.0,0,0,0,0,0,0,0,0,0,0,0,48.0,48.0,8,5,1,11,29,304.3333333333333,23.0,25.0,29.0,25.666666666666668,6,"Residential (evening peak, weekend >= weekday)",4
TEST-02168,Lideta,2025-11-01 08:00:00,16.1,0.0,79.0,8.0,1,0,0,0.0,0,0,0,0,0,0,0,0,0,0,0,48.0,48.0,8,5,1,11,29,304.3333333333333,18.0,24.0,32.0,24.666666666666668,7,Mixed hub (commute + busy midday),3
TEST-03067,Megenagna,2025-11-01 08:00:00,16.1,0.0,79.0,8.0,1,0,0,0.0,0,0,0,0,0,0,0,0,0,0,0,48.0,48.0,8,5,1,11,29,304.3333333333333,39.0,40.0,33.0,37.333333333333336,8,Mixed hub (commute + busy midday),3
TEST-02974,Merkato,2025-11-01 08:00:00,16.1,0.0,79.0,8.0,1,0,0,0.0,0,0,0,0,0,0,0,0,0,0,0,48.0,48.0,8,5,1,11,29,304.3333333333333,95.0,103.0,73.0,90.33333333333331,9,Market (midday peak),2
TEST-01971,Piassa,2025-11-01 08:00:00,16.1,0.0,79.0,8.0,1,0,0,0.0,0,0,0,0,0,0,0,0,0,0,0,48.0,48.0,8,5,1,11,29,304.3333333333333,14.0,13.0,16.0,14.333333333333334,10,Business / office (weekday commute),0
TEST-02190,Sarbet,2025-11-01 08:00:00,16.1,0.0,79.0,8.0,1,0,0,0.0,0,0,0,0,0,0,0,0,0,0,0,48.0,48.0,8,5,1,11,29,304.3333333333333,27.0,31.0,37.0,31.666666666666668,11,"Residential (evening peak, weekend >= weekday)",4
TEST-01737,Arat Kilo,2025-11-01 09:00:00,17.8,0.0,69.0,7.8,1,0,0,0.0,0,0,0,0,0,0,0,0,0,0,0,48.0,48.0,9,5,1,11,29,304.375,10.0,11.0,11.0,10.666666666666666,0,Business / office (weekday commute),0
TEST-03101,Ayat,2025-11-01 09:00:00,17.8,0.0,69.0,7.8,1,0,0,0.0,0,0,0,0,0,0,0,0,0,0,0,48.0,48.0,9,5,1,11,29,304.375,26.0,27.0,22.0,25.0,1,"Residential (evening peak, weekend >= weekday)",4
TEST-01752,Bole,2025-11-01 09:00:00,17.8,0.0,69.0,7.8,1,0,0,0.0,0,0,0,0,0,0,0,0,0,0,0,48.0,16.0,9,5,1,11,29,304.375,20.0,17.0,18.0,18.33333333333333,2,"Leisure / nightlife (late, weekend-heavy)",1
TEST-02832,CMC,2025-11-01 09:00:00,17.8,0.0,69.0,7.8,1,0,0,0.0,0,0,0,0,0,0,0,0,0,0,0,48.0,48.0,9,5,1,11,29,304.375,37.0,30.0,39.0,35.333333333333336,3,"Residential (evening peak, weekend >= weekday)",4
TEST-00202,Gerji,2025-11-01 09:00:00,17.8,0.0,69.0,7.8,1,0,0,0.0,0,0,0,0,0,0,0,0,0,0,0,48.0,48.0,9,5,1,11,29,304.375,24.0,33.0,30.0,29.0,4,"Residential (evening peak, weekend >= weekday)",4
TEST-01340,Kazanchis,2025-11-01 09:00:00,17.8,0.0,69.0,7.8,1,0,0,0.0,0,0,0,0,0,0,0,0,0,0,0,30.0,48.0,9,5,1,11,29,304.375,15.0,16.0,15.0,15.333333333333334,5,Business / office (weekday commute),0
TEST-02626,Kolfe,2025-11-01 09:00:00,17.8,0.0,69.0,7.8,1,0,0,0.0,0,0,0,0,0,0,0,0,0,0,0,48.0,48.0,9,5,1,11,29,304.375,31.0,36.0,31.0,32.666666666666664,6,"Residential (evening peak, weekend >= weekday)",4
TEST-02827,Lideta,2025-11-01 09:00:00,17.8,0.0,69.0,7.8,1,0,0,0.0,0,0,0,0,0,0,0,0,0,0,0,48.0,48.0,9,5,1,11,29,304.375,34.0,30.0,27.0,30.33333333333333,7,Mixed hub (commute + busy midday),3
TEST-03146,Megenagna,2025-11-01 09:00:00,17.8,0.0,69.0,7.8,1,0,0,0.0,0,0,0,0,0,0,0,0,0,0,0,48.0,48.0,9,5,1,11,29,304.375,40.0,43.0,23.0,35.333333333333336,8,Mixed hub (commute + busy midday),3
TEST-03999,Merkato,2025-11-01 09:00:00,17.8,0.0,69.0,7.8,1,0,0,0.0,0,0,0,0,0,0,0,0,0,0,0,48.0,48.0,9,5,1,11,29,304.375,66.0,89.0,123.0,92.66666666666669,9,Market (midday peak),2
TEST-03196,Piassa,2025-11-01 09:00:00,17.8,0.0,69.0,7.8,1,0,0,0.0,0,0,0,0,0,0,0,0,0,0,0,48.0,48.0,9,5,1,11,29,304.375,23.0,13.0,24.0,20.0,10,Business / office (weekday commute),0
TEST-02229,Sarbet,2025-11-01 09:00:00,17.8,0.0,69.0,7.8,1,0,0,0.0,0,0,0,0,0,0,0,0,0,0,0,48.0,48.0,9,5,1,11,29,304.375,32.0,28.0,33.0,31.0,11,"Residential (evening peak, weekend >= weekday)",4
TEST-02728,Arat Kilo,2025-11-01 10:00:00,19.3,0.0,67.0,7.2,1,0,0,0.0,0,0,0,0,0,0,0,0,0,0,0,48.0,48.0,10,5,1,11,29,304.4166666666667,14.0,23.0,14.0,17.0,0,Business / office (weekday commute),0
TEST-03771,Ayat,2025-11-01 10:00:00,19.3,0.0,67.0,7.2,1,0,0,0.0,0,0,0,0,0,0,0,0,0,0,0,48.0,48.0,10,5,1,11,29,304.4166666666667,40.0,28.0,21.0,29.666666666666668,1,"Residential (evening peak, weekend >= weekday)",4
TEST-00259,Bole,2025-11-01 10:00:00,19.3,0.0,67.0,7.2,1,0,0,0.0,0,0,0,0,0,0,0,0,0,0,0,48.0,17.0,10,5,1,11,29,304.4166666666667,37.0,23.0,33.0,31.0,2,"Leisure / nightlife (late, weekend-heavy)",1
TEST-00480,CMC,2025-11-01 10:00:00,19.3,0.0,67.0,7.2,1,0,0,0.0,0,0,0,0,0,0,0,0,0,0,0,48.0,48.0,10,5,1,11,29,304.4166666666667,30.0,41.0,45.0,38.66666666666666,3,"Residential (evening peak, weekend >= weekday)",4
TEST-02069,Gerji,2025-11-01 10:00:00,19.3,0.0,67.0,7.2,1,0,0,0.0,0,0,0,0,0,0,0,0,0,0,0,48.0,48.0,10,5,1,11,29,304.4166666666667,40.0,45.0,40.0,41.66666666666666,4,"Residential (evening peak, weekend >= weekday)",4
TEST-00237,Kazanchis,2025-11-01 10:00:00,19.3,0.0,67.0,7.2,1,0,0,0.0,0,0,0,0,0,0,0,0,0,0,0,29.0,48.0,10,5,1,11,29,304.4166666666667,25.0,24.0,21.0,23.33333333333333,5,Business / office (weekday commute),0
TEST-01301,Kolfe,2025-11-01 10:00:00,19.3,0.0,67.0,7.2,1,0,0,0.0,0,0,0,0,0,0,0,0,0,0,0,48.0,48.0,10,5,1,11,29,304.4166666666667,44.0,41.0,32.0,39.0,6,"Residential (evening peak, weekend >= weekday)",4
TEST-00860,Lideta,2025-11-01 10:00:00,19.3,0.0,67.0,7.2,1,0,0,0.0,0,0,0,0,0,0,0,0,0,0,0,48.0,48.0,10,5,1,11,29,304.4166666666667,34.0,43.0,36.0,37.66666666666666,7,Mixed hub (commute + busy midday),3
TEST-00499,Megenagna,2025-11-01 10:00:00,19.3,0.0,67.0,7.2,1,0,0,0.0,0,0,0,0,0,0,0,0,0,0,0,48.0,48.0,10,5,1,11,29,304.4166666666667,51.0,38.0,66.0,51.66666666666666,8,Mixed hub (commute + busy midday),3
TEST-02869,Merkato,2025-11-01 10:00:00,19.3,0.0,67.0,7.2,1,0,0,0.0,0,0,0,0,0,0,0,0,0,0,0,48.0,48.0,10,5,1,11,29,304.4166666666667,104.0,141.0,106.0,117.0,9,Market (midday peak),2
TEST-00068,Piassa,2025-11-01 10:00:00,19.3,0.0,67.0,7.2,1,0,0,0.0,0,0,0,0,0,0,0,0,0,0,0,48.0,48.0,10,5,1,11,29,304.4166666666667,26.0,12.0,15.0,17.666666666666668,10,Business / office (weekday commute),0
TEST-03688,Sarbet,2025-11-01 10:00:00,19.3,0.0,67.0,7.2,1,0,0,0.0,0,0,0,0,0,0,0,0,0,0,0,48.0,48.0,10,5,1,11,29,304.4166666666667,37.0,35.0,28.0,33.333333333333336,11,"Residential (evening peak, weekend >= weekday)",4
TEST-03340,Arat Kilo,2025-11-01 11:00:00,21.1,0.0,59.0,14.6,1,0,0,0.0,0,0,0,0,0,0,0,0,0,0,0,48.0,48.0,11,5,1,11,29,304.4583333333333,28.0,16.0,25.0,23.0,0,Business / office (weekday commute),0
TEST-01076,Ayat,2025-11-01 11:00:00,21.1,0.0,59.0,14.6,1,0,0,0.0,0,0,0,0,0,0,0,0,0,0,0,48.0,48.0,11,5,1,11,29,304.4583333333333,34.0,32.0,21.0,29.0,1,"Residential (evening peak, weekend >= weekday)",4
TEST-03550,Bole,2025-11-01 11:00:00,21.1,0.0,59.0,14.6,1,0,0,0.0,0,0,0,0,0,0,0,0,0,0,0,48.0,18.0,11,5,1,11,29,304.4583333333333,28.0,35.0,35.0,32.666666666666664,2,"Leisure / nightlife (late, weekend-heavy)",1
TEST-02077,CMC,2025-11-01 11:00:00,21.1,0.0,59.0,14.6,1,0,0,0.0,0,0,0,0,0,0,0,0,0,0,0,48.0,48.0,11,5,1,11,29,304.4583333333333,39.0,37.0,47.0,41.0,3,"Residential (evening peak, weekend >= weekday)",4
TEST-03090,Gerji,2025-11-01 11:00:00,21.1,0.0,59.0,14.6,1,0,0,0.0,0,0,0,0,0,0,0,0,0,0,0,48.0,48.0,11,5,1,11,29,304.4583333333333,55.0,47.0,,51.0,4,"Residential (evening peak, weekend >= weekday)",4
TEST-01500,Kazanchis,2025-11-01 11:00:00,21.1,0.0,59.0,14.6,1,0,0,0.0,0,0,0,0,0,0,0,0,0,0,0,28.0,48.0,11,5,1,11,29,304.4583333333333,26.0,18.0,23.0,22.33333333333333,5,Business / office (weekday commute),0
TEST-03310,Kolfe,2025-11-01 11:00:00,21.1,0.0,59.0,14.6,1,0,0,0.0,0,0,0,0,0,0,0,0,0,0,0,48.0,48.0,11,5,1,11,29,304.4583333333333,48.0,41.0,37.0,42.0,6,"Residential (evening peak, weekend >= weekday)",4
TEST-01658,Lideta,2025-11-01 11:00:00,21.1,0.0,59.0,14.6,1,0,0,0.0,0,0,0,0,0,0,0,0,0,0,0,48.0,48.0,11,5,1,11,29,304.4583333333333,,39.0,52.0,45.5,7,Mixed hub (commute + busy midday),3
TEST-00144,Megenagna,2025-11-01 11:00:00,21.1,0.0,59.0,14.6,1,0,0,0.0,0,0,0,0,0,0,0,0,0,0,0,48.0,48.0,11,5,1,11,29,304.4583333333333,55.0,44.0,42.0,47.0,8,Mixed hub (commute + busy midday),3
TEST-03479,Merkato,2025-11-01 11:00:00,21.1,0.0,59.0,14.6,1,0,0,0.0,0,0,0,0,0,0,0,0,0,0,0,48.0,48.0,11,5,1,11,29,304.4583333333333,134.0,104.0,122.0,120.0,9,Market (midday peak),2
TEST-00119,Piassa,2025-11-01 11:00:00,21.1,0.0,59.0,14.6,1,0,0,0.0,0,0,0,0,0,0,0,0,0,0,0,48.0,48.0,11,5,1,11,29,304.4583333333333,21.0,35.0,20.0,25.33333333333333,10,Business / office (weekday commute),0
TEST-02933,Sarbet,2025-11-01 11:00:00,21.1,0.0,59.0,14.6,1,0,0,0.0,0,0,0,0,0,0,0,0,0,0,0,48.0,48.0,11,5,1,11,29,304.4583333333333,34.0,24.0,46.0,34.666666666666664,11,"Residential (evening peak, weekend >= weekday)",4
TEST-00099,Arat Kilo,2025-11-01 12:00:00,22.9,0.0,56.0,6.1,1,0,0,0.0,0,0,0,0,0,0,0,0,0,0,0,48.0,48.0,12,5,1,11,29,304.5,14.0,17.0,23.0,18.0,0,Business / office (weekday commute),0
TEST-03607,Ayat,2025-11-01 12:00:00,22.9,0.0,56.0,6.1,1,0,0,0.0,0,0,0,0,0,0,0,0,0,0,0,48.0,48.0,12,5,1,11,29,304.5,44.0,40.0,34.0,39.333333333333336,1,"Residential (evening peak, weekend >= weekday)",4
TEST-00814,Bole,2025-11-01 12:00:00,22.9,0.0,56.0,6.1,1,0,0,0.0,0,0,0,0,0,0,0,0,0,0,0,48.0,19.0,12,5,1,11,29,304.5,48.0,29.0,50.0,42.333333333333336,2,"Leisure / nightlife (late, weekend-heavy)",1
TEST-02952,CMC,2025-11-01 12:00:00,22.9,0.0,56.0,6.1,1,0,0,0.0,0,0,0,0,0,0,0,0,0,0,0,48.0,48.0,12,5,1,11,29,304.5,49.0,51.0,48.0,49.333333333333336,3,"Residential (evening peak, weekend >= weekday)",4
TEST-02088,Gerji,2025-11-01 12:00:00,22.9,0.0,56.0,6.1,1,0,0,0.0,0,0,0,0,0,0,0,0,0,0,0,48.0,48.0,12,5,1,11,29,304.5,39.0,44.0,39.0,40.66666666666666,4,"Residential (evening peak, weekend >= weekday)",4
TEST-02012,Kazanchis,2025-11-01 12:00:00,22.9,0.0,56.0,6.1,1,0,0,0.0,0,0,0,0,0,0,0,0,0,0,0,27.0,48.0,12,5,1,11,29,304.5,24.0,33.0,23.0,26.666666666666668,5,Business / office (weekday commute),0
TEST-01836,Kolfe,2025-11-01 12:00:00,22.9,0.0,56.0,6.1,1,0,0,0.0,0,0,0,0,0,0,0,0,0,0,0,48.0,48.0,12,5,1,11,29,304.5,36.0,52.0,52.0,46.66666666666666,6,"Residential (evening peak, weekend >= weekday)",4
TEST-00565,Lideta,2025-11-01 12:00:00,22.9,0.0,56.0,6.1,1,0,0,0.0,0,0,0,0,0,0,0,0,0,0,0,48.0,48.0,12,5,1,11,29,304.5,33.0,37.0,49.0,39.66666666666666,7,Mixed hub (commute + busy midday),3
TEST-03660,Megenagna,2025-11-01 12:00:00,22.9,0.0,56.0,6.1,1,0,0,0.0,0,0,0,0,0,0,0,0,0,0,0,48.0,48.0,12,5,1,11,29,304.5,53.0,49.0,57.0,53.0,8,Mixed hub (commute + busy midday),3
TEST-01092,Merkato,2025-11-01 12:00:00,22.9,0.0,56.0,6.1,1,0,0,0.0,0,0,0,0,0,0,0,0,0,0,0,48.0,48.0,12,5,1,11,29,304.5,131.0,145.0,136.0,137.33333333333334,9,Market (midday peak),2
TEST-03325,Piassa,2025-11-01 12:00:00,22.9,0.0,56.0,6.1,1,0,0,0.0,0,0,0,0,0,0,0,0,0,0,0,48.0,48.0,12,5,1,11,29,304.5,24.0,36.0,24.0,28.0,10,Business / office (weekday commute),0
TEST-02603,Sarbet,2025-11-01 12:00:00,22.9,0.0,56.0,6.1,1,0,0,0.0,0,0,0,0,0,0,0,0,0,0,0,48.0,48.0,12,5,1,11,29,304.5,50.0,35.0,49.0,44.66666666666666,11,"Residential (evening peak, weekend >= weekday)",4
TEST-02789,Arat Kilo,2025-11-01 13:00:00,21.8,0.0,48.0,17.9,1,0,0,0.0,0,0,0,0,0,0,0,0,0,0,0,48.0,48.0,13,5,1,11,29,304.5416666666667,23.0,16.0,17.0,18.666666666666668,0,Business / office (weekday commute),0
TEST-01057,Ayat,2025-11-01 13:00:00,21.8,0.0,48.0,17.9,1,0,0,0.0,0,0,0,0,0,0,0,0,0,0,0,48.0,48.0,13,5,1,11,29,304.5416666666667,37.0,39.0,31.0,35.666666666666664,1,"Residential (evening peak, weekend >= weekday)",4
TEST-01959,Bole,2025-11-01 13:00:00,21.8,0.0,48.0,17.9,1,0,0,0.0,0,0,0,0,0,0,0,0,0,0,0,48.0,20.0,13,5,1,11,29,304.5416666666667,38.0,39.0,,38.5,2,"Leisure / nightlife (late, weekend-heavy)",1
TEST-00838,CMC,2025-11-01 13:00:00,21.8,0.0,48.0,17.9,1,0,0,0.0,0,0,0,0,0,0,0,0,0,0,0,48.0,48.0,13,5,1,11,29,304.5416666666667,,50.0,60.0,55.0,3,"Residential (evening peak, weekend >= weekday)",4
TEST-02092,Gerji,2025-11-01 13:00:00,21.8,0.0,48.0,17.9,1,0,0,0.0,0,0,0,0,0,0,0,0,0,0,0,48.0,48.0,13,5,1,11,29,304.5416666666667,41.0,47.0,42.0,43.333333333333336,4,"Residential (evening peak, weekend >= weekday)",4
TEST-00105,Kazanchis,2025-11-01 13:00:00,21.8,0.0,48.0,17.9,1,0,0,0.0,0,0,0,0,0,0,0,0,0,0,0,26.0,48.0,13,5,1,11,29,304.5416666666667,28.0,52.0,,40.0,5,Business / office (weekday commute),0
TEST-02106,Kolfe,2025-11-01 13:00:00,21.8,0.0,48.0,17.9,1,0,0,0.0,0,0,0,0,0,0,0,0,0,0,0,48.0,48.0,13,5,1,11,29,304.5416666666667,46.0,36.0,43.0,41.66666666666666,6,"Residential (evening peak, weekend >= weekday)",4
TEST-02856,Lideta,2025-11-01 13:00:00,21.8,0.0,48.0,17.9,1,0,0,0.0,0,0,0,0,0,0,0,0,0,0,0,48.0,48.0,13,5,1,11,29,304.5416666666667,,39.0,51.0,45.0,7,Mixed hub (commute + busy midday),3
TEST-02612,Megenagna,2025-11-01 13:00:00,21.8,0.0,48.0,17.9,1,0,0,0.0,0,0,0,0,0,0,0,0,0,0,0,48.0,48.0,13,5,1,11,29,304.5416666666667,66.0,62.0,52.0,60.0,8,Mixed hub (commute + busy midday),3
TEST-00747,Merkato,2025-11-01 13:00:00,21.8,0.0,48.0,17.9,1,0,0,0.0,0,0,0,0,0,0,0,0,0,0,0,48.0,48.0,13,5,1,11,29,304.5416666666667,146.0,153.0,,149.5,9,Market (midday peak),2
TEST-02931,Piassa,2025-11-01 13:00:00,21.8,0.0,48.0,17.9,1,0,0,0.0,0,0,0,0,0,0,0,0,0,0,0,48.0,48.0,13,5,1,11,29,304.5416666666667,26.0,29.0,21.0,25.33333333333333,10,Business / office (weekday commute),0
TEST-02499,Sarbet,2025-11-01 13:00:00,21.8,0.0,48.0,17.9,1,0,0,0.0,0,0,0,0,0,0,0,0,0,0,0,48.0,48.0,13,5,1,11,29,304.5416666666667,34.0,34.0,50.0,39.333333333333336,11,"Residential (evening peak, weekend >= weekday)",4
TEST-01966,Arat Kilo,2025-11-01 14:00:00,25.5,0.0,54.0,8.3,1,0,0,0.0,0,0,0,0,0,0,0,0,0,0,0,48.0,48.0,14,5,1,11,29,304.5833333333333,22.0,15.0,,18.5,0,Business / office (weekday commute),0
TEST-03664,Ayat,2025-11-01 14:00:00,25.5,0.0,54.0,8.3,1,0,0,0.0,0,0,0,0,0,0,0,0,0,0,0,48.0,48.0,14,5,1,11,29,304.5833333333333,29.0,26.0,39.0,31.33333333333333,1,"Residential (evening peak, weekend >= weekday)",4
TEST-01457,Bole,2025-11-01 14:00:00,25.5,0.0,54.0,8.3,1,0,0,0.0,0,0,0,0,0,0,0,0,0,0,0,48.0,21.0,14,5,1,11,29,304.5833333333333,39.0,60.0,37.0,45.333333333333336,2,"Leisure / nightlife (late, weekend-heavy)",1
TEST-03709,CMC,2025-11-01 14:00:00,25.5,0.0,54.0,8.3,1,0,0,0.0,0,0,0,0,0,0,0,0,0,0,0,48.0,48.0,14,5,1,11,29,304.5833333333333,56.0,38.0,46.0,46.66666666666666,3,"Residential (evening peak, weekend >= weekday)",4
TEST-01842,Gerji,2025-11-01 14:00:00,25.5,0.0,54.0,8.3,1,0,0,0.0,0,0,0,0,0,0,0,0,0,0,0,48.0,48.0,14,5,1,11,29,304.5833333333333,50.0,47.0,36.0,44.333333333333336,4,"Residential (evening peak, weekend >= weekday)",4
TEST-02585,Kazanchis,2025-11-01 14:00:00,25.5,0.0,54.0,8.3,1,0,0,0.0,0,0,0,0,0,0,0,0,0,0,0,25.0,48.0,14,5,1,11,29,304.5833333333333,39.0,54.0,56.0,49.66666666666666,5,Business / office (weekday commute),0
TEST-01894,Kolfe,2025-11-01 14:00:00,25.5,0.0,54.0,8.3,1,0,0,0.0,0,0,0,0,0,0,0,0,0,0,0,48.0,48.0,14,5,1,11,29,304.5833333333333,,41.0,38.0,39.5,6,"Residential (evening peak, weekend >= weekday)",4
TEST-01129,Lideta,2025-11-01 14:00:00,25.5,0.0,54.0,8.3,1,0,0,0.0,0,0,0,0,0,0,0,0,0,0,0,48.0,48.0,14,5,1,11,29,304.5833333333333,49.0,37.0,44.0,43.333333333333336,7,Mixed hub (commute + busy midday),3
TEST-03529,Megenagna,2025-11-01 14:00:00,25.5,0.0,54.0,8.3,1,0,0,0.0,0,0,0,0,0,0,0,0,0,0,0,48.0,48.0,14,5,1,11,29,304.5833333333333,65.0,48.0,79.0,64.0,8,Mixed hub (commute + busy midday),3
TEST-02131,Merkato,2025-11-01 14:00:00,25.5,0.0,54.0,8.3,1,0,0,0.0,0,0,0,0,0,0,0,0,0,0,0,48.0,48.0,14,5,1,11,29,304.5833333333333,158.0,148.0,124.0,143.33333333333334,9,Market (midday peak),2
TEST-00965,Piassa,2025-11-01 14:00:00,25.5,0.0,54.0,8.3,1,0,0,0.0,0,0,0,0,0,0,0,0,0,0,0,48.0,48.0,14,5,1,11,29,304.5833333333333,26.0,24.0,17.0,22.33333333333333,10,Business / office (weekday commute),0
TEST-00086,Sarbet,2025-11-01 14:00:00,25.5,0.0,54.0,8.3,1,0,0,0.0,0,0,0,0,0,0,0,0,0,0,0,48.0,48.0,14,5,1,11,29,304.5833333333333,51.0,39.0,30.0,40.0,11,"Residential (evening peak, weekend >= weekday)",4
TEST-03611,Arat Kilo,2025-11-01 15:00:00,23.4,0.0,56.0,6.4,1,0,0,0.0,0,0,0,0,0,0,0,0,0,0,0,48.0,48.0,15,5,1,11,29,304.625,17.0,11.0,24.0,17.333333333333332,0,Business / office (weekday commute),0
TEST-03927,Ayat,2025-11-01 15:00:00,23.4,0.0,56.0,6.4,1,0,0,0.0,0,0,0,0,0,0,0,0,0,0,0,48.0,48.0,15,5,1,11,29,304.625,27.0,32.0,28.0,29.0,1,"Residential (evening peak, weekend >= weekday)",4
TEST-03473,Bole,2025-11-01 15:00:00,23.4,0.0,56.0,6.4,1,0,0,0.0,0,0,0,0,0,0,0,0,0,0,0,48.0,22.0,15,5,1,11,29,304.625,42.0,48.0,67.0,52.333333333333336,2,"Leisure / nightlife (late, weekend-heavy)",1
TEST-02299,CMC,2025-11-01 15:00:00,23.4,0.0,56.0,6.4,1,0,0,0.0,0,0,0,0,0,0,0,0,0,0,0,48.0,48.0,15,5,1,11,29,304.625,51.0,31.0,44.0,42.0,3,"Residential (evening peak, weekend >= weekday)",4
TEST-01245,Gerji,2025-11-01 15:00:00,23.4,0.0,56.0,6.4,1,0,0,0.0,0,0,0,0,0,0,0,0,0,0,0,48.0,48.0,15,5,1,11,29,304.625,57.0,35.0,38.0,43.333333333333336,4,"Residential (evening peak, weekend >= weekday)",4
TEST-01064,Kazanchis,2025-11-01 15:00:00,23.4,0.0,56.0,6.4,1,0,0,0.0,0,0,0,0,0,0,0,0,0,0,0,24.0,48.0,15,5,1,11,29,304.625,31.0,19.0,33.0,27.666666666666668,5,Business / office (weekday commute),0
TEST-02512,Kolfe,2025-11-01 15:00:00,23.4,0.0,56.0,6.4,1,0,0,0.0,0,0,0,0,0,0,0,0,0,0,0,48.0,48.0,15,5,1,11,29,304.625,31.0,26.0,48.0,35.0,6,"Residential (evening peak, weekend >= weekday)",4
TEST-01582,Lideta,2025-11-01 15:00:00,23.4,0.0,56.0,6.4,1,0,0,0.0,0,0,0,0,0,0,0,0,0,0,0,48.0,48.0,15,5,1,11,29,304.625,40.0,47.0,58.0,48.333333333333336,7,Mixed hub (commute + busy midday),3
TEST-01934,Megenagna,2025-11-01 15:00:00,23.4,0.0,56.0,6.4,1,0,0,0.0,0,0,0,0,0,0,0,0,0,0,0,48.0,48.0,15,5,1,11,29,304.625,46.0,64.0,68.0,59.333333333333336,8,Mixed hub (commute + busy midday),3
TEST-03410,Merkato,2025-11-01 15:00:00,23.4,0.0,56.0,6.4,1,0,0,0.0,0,0,0,0,0,0,0,0,0,0,0,48.0,48.0,15,5,1,11,29,304.625,120.0,118.0,141.0,126.33333333333331,9,Market (midday peak),2
TEST-00135,Piassa,2025-11-01 15:00:00,23.4,0.0,56.0,6.4,1,0,0,0.0,0,0,0,0,0,0,0,0,0,0,0,48.0,48.0,15,5,1,11,29,304.625,31.0,25.0,23.0,26.33333333333333,10,Business / office (weekday commute),0
TEST-03190,Sarbet,2025-11-01 15:00:00,23.4,0.0,56.0,6.4,1,0,0,0.0,0,0,0,0,0,0,0,0,0,0,0,48.0,48.0,15,5,1,11,29,304.625,34.0,36.0,39.0,36.333333333333336,11,"Residential (evening peak, weekend >= weekday)",4
TEST-00733,Arat Kilo,2025-11-01 16:00:00,24.2,0.0,51.0,4.1,1,0,1,0.0,0,0,0,0,0,0,0,0,0,0,0,48.0,48.0,16,5,1,11,29,304.6666666666667,14.0,21.0,17.0,17.333333333333332,0,Business / office (weekday commute),0
TEST-00293,Ayat,2025-11-01 16:00:00,24.2,0.0,51.0,4.1,1,0,1,0.0,0,0,0,0,0,0,0,0,0,0,0,48.0,48.0,16,5,1,11,29,304.6666666666667,27.0,31.0,51.0,36.333333333333336,1,"Residential (evening peak, weekend >= weekday)",4
TEST-00398,Bole,2025-11-01 16:00:00,24.2,0.0,51.0,4.1,1,0,1,0.0,0,0,0,0,0,0,0,0,0,0,0,48.0,23.0,16,5,1,11,29,304.6666666666667,,48.0,50.0,49.0,2,"Leisure / nightlife (late, weekend-heavy)",1
TEST-01622,CMC,2025-11-01 16:00:00,24.2,0.0,51.0,4.1,1,0,1,0.0,0,0,0,0,0,0,0,0,0,0,0,48.0,48.0,16,5,1,11,29,304.6666666666667,41.0,45.0,,43.0,3,"Residential (evening peak, weekend >= weekday)",4
TEST-01467,Gerji,2025-11-01 16:00:00,24.2,0.0,51.0,4.1,1,0,1,0.0,0,0,0,0,0,0,0,0,0,0,0,48.0,48.0,16,5,1,11,29,304.6666666666667,46.0,43.0,55.0,48.0,4,"Residential (evening peak, weekend >= weekday)",4
TEST-03848,Kazanchis,2025-11-01 16:00:00,24.2,0.0,51.0,4.1,1,0,1,0.0,0,0,0,0,0,0,0,0,0,0,0,23.0,48.0,16,5,1,11,29,304.6666666666667,36.0,28.0,61.0,41.66666666666666,5,Business / office (weekday commute),0
TEST-03244,Kolfe,2025-11-01 16:00:00,24.2,0.0,51.0,4.1,1,0,1,0.0,0,0,0,0,0,0,0,0,0,0,0,48.0,48.0,16,5,1,11,29,304.6666666666667,50.0,41.0,61.0,50.66666666666666,6,"Residential (evening peak, weekend >= weekday)",4
TEST-00792,Lideta,2025-11-01 16:00:00,24.2,0.0,51.0,4.1,1,0,1,0.0,0,0,0,0,0,0,0,0,0,0,0,48.0,48.0,16,5,1,11,29,304.6666666666667,53.0,55.0,47.0,51.66666666666666,7,Mixed hub (commute + busy midday),3
TEST-01357,Megenagna,2025-11-01 16:00:00,24.2,0.0,51.0,4.1,1,0,1,0.0,0,0,0,0,0,0,0,0,0,0,0,48.0,48.0,16,5,1,11,29,304.6666666666667,59.0,55.0,65.0,59.66666666666666,8,Mixed hub (commute + busy midday),3
TEST-02513,Merkato,2025-11-01 16:00:00,24.2,0.0,51.0,4.1,1,0,1,0.0,0,0,0,0,0,0,0,0,0,0,0,48.0,48.0,16,5,1,11,29,304.6666666666667,89.0,98.0,105.0,97.33333333333331,9,Market (midday peak),2
TEST-01770,Piassa,2025-11-01 16:00:00,24.2,0.0,51.0,4.1,1,0,1,0.0,0,0,0,0,0,0,0,0,0,0,0,48.0,48.0,16,5,1,11,29,304.6666666666667,,21.0,32.0,26.5,10,Business / office (weekday commute),0
TEST-02780,Sarbet,2025-11-01 16:00:00,24.2,0.0,51.0,4.1,1,0,1,0.0,0,0,0,0,0,0,0,0,0,0,0,48.0,48.0,16,5,1,11,29,304.6666666666667,30.0,45.0,53.0,42.66666666666666,11,"Residential (evening peak, weekend >= weekday)",4
TEST-00339,Arat Kilo,2025-11-01 17:00:00,22.8,0.0,60.0,7.1,1,0,0,0.0,0,0,0,0,0,0,0,0,0,0,0,48.0,48.0,17,5,1,11,29,304.7083333333333,15.0,26.0,25.0,22.0,0,Business / office (weekday commute),0
TEST-02067,Ayat,2025-11-01 17:00:00,22.8,0.0,60.0,7.1,1,0,0,0.0,0,0,0,0,0,0,0,0,0,0,0,48.0,48.0,17,5,1,11,29,304.7083333333333,35.0,46.0,46.0,42.333333333333336,1,"Residential (evening peak, weekend >= weekday)",4
TEST-03744,Bole,2025-11-01 17:00:00,22.8,0.0,60.0,7.1,1,0,0,0.0,0,0,0,0,0,0,0,0,0,0,0,48.0,24.0,17,5,1,11,29,304.7083333333333,46.0,40.0,83.0,56.333333333333336,2,"Leisure / nightlife (late, weekend-heavy)",1
TEST-02625,CMC,2025-11-01 17:00:00,22.8,0.0,60.0,7.1,1,0,0,0.0,0,0,0,0,0,0,0,0,0,0,0,48.0,48.0,17,5,1,11,29,304.7083333333333,,45.0,82.0,63.5,3,"Residential (evening peak, weekend >= weekday)",4
TEST-00418,Gerji,2025-11-01 17:00:00,22.8,0.0,60.0,7.1,1,0,0,0.0,0,0,0,0,0,0,0,0,0,0,0,48.0,48.0,17,5,1,11,29,304.7083333333333,48.0,49.0,74.0,57.0,4,"Residential (evening peak, weekend >= weekday)",4
TEST-03844,Kazanchis,2025-11-01 17:00:00,22.8,0.0,60.0,7.1,1,0,0,0.0,0,0,0,0,0,0,0,0,0,0,0,22.0,48.0,17,5,1,11,29,304.7083333333333,36.0,68.0,175.0,93.0,5,Business / office (weekday commute),0
TEST-02889,Kolfe,2025-11-01 17:00:00,22.8,0.0,60.0,7.1,1,0,0,0.0,0,0,0,0,0,0,0,0,0,0,0,48.0,48.0,17,5,1,11,29,304.7083333333333,28.0,36.0,57.0,40.333333333333336,6,"Residential (evening peak, weekend >= weekday)",4
TEST-02721,Lideta,2025-11-01 17:00:00,22.8,0.0,60.0,7.1,1,0,0,0.0,0,0,0,0,0,0,0,0,0,0,0,48.0,48.0,17,5,1,11,29,304.7083333333333,45.0,44.0,49.0,46.0,7,Mixed hub (commute + busy midday),3
TEST-03897,Megenagna,2025-11-01 17:00:00,22.8,0.0,60.0,7.1,1,0,0,0.0,0,0,0,0,0,0,0,0,0,0,0,48.0,48.0,17,5,1,11,29,304.7083333333333,47.0,47.0,96.0,63.333333333333336,8,Mixed hub (commute + busy midday),3
TEST-02659,Merkato,2025-11-01 17:00:00,22.8,0.0,60.0,7.1,1,0,0,0.0,0,0,0,0,0,0,0,0,0,0,0,48.0,48.0,17,5,1,11,29,304.7083333333333,106.0,71.0,56.0,77.66666666666667,9,Market (midday peak),2
TEST-01632,Piassa,2025-11-01 17:00:00,22.8,0.0,60.0,7.1,1,0,0,0.0,0,0,0,0,0,0,0,0,0,0,0,48.0,48.0,17,5,1,11,29,304.7083333333333,28.0,39.0,62.0,43.0,10,Business / office (weekday commute),0
TEST-01254,Sarbet,2025-11-01 17:00:00,22.8,0.0,60.0,7.1,1,0,0,0.0,0,0,0,0,0,0,0,0,0,0,0,48.0,48.0,17,5,1,11,29,304.7083333333333,33.0,51.0,45.0,43.0,11,"Residential (evening peak, weekend >= weekday)",4
TEST-02643,Arat Kilo,2025-11-01 18:00:00,22.4,0.0,65.0,9.3,1,0,0,0.0,0,0,0,0,0,0,0,0,0,0,0,48.0,48.0,18,5,1,11,29,304.75,25.0,33.0,42.0,33.333333333333336,0,Business / office (weekday commute),0
TEST-01495,Ayat,2025-11-01 18:00:00,22.4,0.0,65.0,9.3,1,0,0,0.0,0,0,0,0,0,0,0,0,0,0,0,48.0,48.0,18,5,1,11,29,304.75,45.0,35.0,43.0,41.0,1,"Residential (evening peak, weekend >= weekday)",4
TEST-00399,Bole,2025-11-01 18:00:00,22.4,0.0,65.0,9.3,1,0,0,0.0,0,0,0,0,0,0,0,0,0,0,0,48.0,25.0,18,5,1,11,29,304.75,54.0,55.0,64.0,57.66666666666666,2,"Leisure / nightlife (late, weekend-heavy)",1
TEST-03917,CMC,2025-11-01 18:00:00,22.4,0.0,65.0,9.3,1,0,0,0.0,0,0,0,0,0,0,0,0,0,0,0,48.0,48.0,18,5,1,11,29,304.75,63.0,36.0,51.0,50.0,3,"Residential (evening peak, weekend >= weekday)",4
TEST-02925,Gerji,2025-11-01 18:00:00,22.4,0.0,65.0,9.3,1,0,0,0.0,0,0,0,0,0,0,0,0,0,0,0,48.0,48.0,18,5,1,11,29,304.75,40.0,57.0,55.0,50.66666666666666,4,"Residential (evening peak, weekend >= weekday)",4
TEST-03099,Kazanchis,2025-11-01 18:00:00,22.4,0.0,65.0,9.3,1,0,0,0.0,0,0,0,0,0,0,0,0,0,0,0,21.0,48.0,18,5,1,11,29,304.75,61.0,53.0,146.0,86.66666666666667,5,Business / office (weekday commute),0
TEST-01035,Kolfe,2025-11-01 18:00:00,22.4,0.0,65.0,9.3,1,0,0,0.0,0,0,0,0,0,0,0,0,0,0,0,48.0,48.0,18,5,1,11,29,304.75,57.0,39.0,47.0,47.66666666666666,6,"Residential (evening peak, weekend >= weekday)",4
TEST-01174,Lideta,2025-11-01 18:00:00,22.4,0.0,65.0,9.3,1,0,0,0.0,0,0,0,0,0,0,0,0,0,0,0,48.0,48.0,18,5,1,11,29,304.75,39.0,47.0,46.0,44.0,7,Mixed hub (commute + busy midday),3
TEST-00516,Megenagna,2025-11-01 18:00:00,22.4,0.0,65.0,9.3,1,0,0,0.0,0,0,0,0,0,0,0,0,0,0,0,48.0,48.0,18,5,1,11,29,304.75,49.0,41.0,54.0,48.0,8,Mixed hub (commute + busy midday),3
TEST-03231,Merkato,2025-11-01 18:00:00,22.4,0.0,65.0,9.3,1,0,0,0.0,0,0,0,0,0,0,0,0,0,0,0,48.0,48.0,18,5,1,11,29,304.75,67.0,80.0,51.0,66.0,9,Market (midday peak),2
TEST-03630,Piassa,2025-11-01 18:00:00,22.4,0.0,65.0,9.3,1,0,0,0.0,0,0,0,0,0,0,0,0,0,0,0,48.0,48.0,18,5,1,11,29,304.75,46.0,39.0,51.0,45.333333333333336,10,Business / office (weekday commute),0
TEST-00153,Sarbet,2025-11-01 18:00:00,22.4,0.0,65.0,9.3,1,0,0,0.0,0,0,0,0,0,0,0,0,0,0,0,48.0,48.0,18,5,1,11,29,304.75,31.0,34.0,38.0,34.333333333333336,11,"Residential (evening peak, weekend >= weekday)",4
TEST-00273,Arat Kilo,2025-11-01 19:00:00,22.8,0.0,56.0,21.6,1,0,0,0.0,0,0,0,0,0,0,0,0,0,0,0,48.0,48.0,19,5,1,11,29,304.7916666666667,29.0,40.0,32.0,33.666666666666664,0,Business / office (weekday commute),0
TEST-00542,Ayat,2025-11-01 19:00:00,22.8,0.0,56.0,21.6,1,0,0,0.0,0,0,0,0,0,0,0,0,0,0,0,48.0,48.0,19,5,1,11,29,304.7916666666667,38.0,33.0,39.0,36.66666666666666,1,"Residential (evening peak, weekend >= weekday)",4
TEST-00914,Bole,2025-11-01 19:00:00,22.8,0.0,56.0,21.6,1,0,0,0.0,0,0,0,0,0,0,0,0,0,0,0,48.0,26.0,19,5,1,11,29,304.7916666666667,58.0,53.0,43.0,51.333333333333336,2,"Leisure / nightlife (late, weekend-heavy)",1
TEST-03357,CMC,2025-11-01 19:00:00,22.8,0.0,56.0,21.6,1,0,0,0.0,0,0,0,0,0,0,0,0,0,0,0,48.0,48.0,19,5,1,11,29,304.7916666666667,55.0,62.0,42.0,53.0,3,"Residential (evening peak, weekend >= weekday)",4
TEST-00408,Gerji,2025-11-01 19:00:00,22.8,0.0,56.0,21.6,1,0,0,0.0,0,0,0,0,0,0,0,0,0,0,0,48.0,48.0,19,5,1,11,29,304.7916666666667,53.0,64.0,51.0,56.0,4,"Residential (evening peak, weekend >= weekday)",4
TEST-03689,Kazanchis,2025-11-01 19:00:00,22.8,0.0,56.0,21.6,1,0,0,0.0,0,0,0,0,0,0,0,0,0,0,0,20.0,48.0,19,5,1,11,29,304.7916666666667,45.0,30.0,35.0,36.66666666666666,5,Business / office (weekday commute),0
TEST-00821,Kolfe,2025-11-01 19:00:00,22.8,0.0,56.0,21.6,1,0,0,0.0,0,0,0,0,0,0,0,0,0,0,0,48.0,48.0,19,5,1,11,29,304.7916666666667,47.0,48.0,55.0,50.0,6,"Residential (evening peak, weekend >= weekday)",4
TEST-00536,Lideta,2025-11-01 19:00:00,22.8,0.0,56.0,21.6,1,0,0,0.0,0,0,0,0,0,0,0,0,0,0,0,48.0,48.0,19,5,1,11,29,304.7916666666667,37.0,24.0,32.0,31.0,7,Mixed hub (commute + busy midday),3
TEST-03039,Megenagna,2025-11-01 19:00:00,22.8,0.0,56.0,21.6,1,0,0,0.0,0,0,0,0,0,0,0,0,0,0,0,48.0,48.0,19,5,1,11,29,304.7916666666667,47.0,57.0,50.0,51.333333333333336,8,Mixed hub (commute + busy midday),3
TEST-02693,Merkato,2025-11-01 19:00:00,22.8,0.0,56.0,21.6,1,0,0,0.0,0,0,0,0,0,0,0,0,0,0,0,48.0,48.0,19,5,1,11,29,304.7916666666667,41.0,31.0,35.0,35.666666666666664,9,Market (midday peak),2
TEST-03828,Piassa,2025-11-01 19:00:00,22.8,0.0,56.0,21.6,1,0,0,0.0,0,0,0,0,0,0,0,0,0,0,0,48.0,48.0,19,5,1,11,29,304.7916666666667,40.0,29.0,28.0,32.333333333333336,10,Business / office (weekday commute),0
TEST-01754,Sarbet,2025-11-01 19:00:00,22.8,0.0,56.0,21.6,1,0,0,0.0,0,0,0,0,0,0,0,0,0,0,0,48.0,48.0,19,5,1,11,29,304.7916666666667,46.0,31.0,59.0,45.333333333333336,11,"Residential (evening peak, weekend >= weekday)",4
TEST-01077,Arat Kilo,2025-11-01 20:00:00,20.1,0.0,64.0,10.9,1,0,0,0.0,0,0,0,0,0,0,0,0,0,0,0,48.0,48.0,20,5,1,11,29,304.8333333333333,19.0,26.0,28.0,24.33333333333333,0,Business / office (weekday commute),0
TEST-02372,Ayat,2025-11-01 20:00:00,20.1,0.0,64.0,10.9,1,0,0,0.0,0,0,0,0,0,0,0,0,0,0,0,48.0,48.0,20,5,1,11,29,304.8333333333333,28.0,31.0,40.0,33.0,1,"Residential (evening peak, weekend >= weekday)",4
TEST-03060,Bole,2025-11-01 20:00:00,20.1,0.0,64.0,10.9,1,0,0,0.0,0,0,0,0,0,0,0,0,0,0,0,48.0,27.0,20,5,1,11,29,304.8333333333333,72.0,85.0,98.0,85.0,2,"Leisure / nightlife (late, weekend-heavy)",1
TEST-03470,CMC,2025-11-01 20:00:00,20.1,0.0,64.0,10.9,1,0,0,0.0,0,0,0,0,0,0,0,0,0,0,0,48.0,48.0,20,5,1,11,29,304.8333333333333,35.0,34.0,52.0,40.333333333333336,3,"Residential (evening peak, weekend >= weekday)",4
TEST-02811,Gerji,2025-11-01 20:00:00,20.1,0.0,64.0,10.9,1,0,0,0.0,0,0,0,0,0,0,0,0,0,0,0,48.0,48.0,20,5,1,11,29,304.8333333333333,36.0,39.0,43.0,39.333333333333336,4,"Residential (evening peak, weekend >= weekday)",4
TEST-02060,Kazanchis,2025-11-01 20:00:00,20.1,0.0,64.0,10.9,1,0,0,0.0,0,0,0,0,0,0,0,0,0,0,0,19.0,48.0,20,5,1,11,29,304.8333333333333,29.0,34.0,29.0,30.666666666666668,5,Business / office (weekday commute),0
TEST-04003,Kolfe,2025-11-01 20:00:00,20.1,0.0,64.0,10.9,1,0,0,0.0,0,0,0,0,0,0,0,0,0,0,0,48.0,48.0,20,5,1,11,29,304.8333333333333,41.0,35.0,64.0,46.66666666666666,6,"Residential (evening peak, weekend >= weekday)",4
TEST-01091,Lideta,2025-11-01 20:00:00,20.1,0.0,64.0,10.9,1,0,0,0.0,0,0,0,0,0,0,0,0,0,0,0,48.0,48.0,20,5,1,11,29,304.8333333333333,32.0,34.0,41.0,35.666666666666664,7,Mixed hub (commute + busy midday),3
TEST-02504,Megenagna,2025-11-01 20:00:00,20.1,0.0,64.0,10.9,1,0,0,0.0,0,0,0,0,0,0,0,0,0,0,0,48.0,48.0,20,5,1,11,29,304.8333333333333,46.0,32.0,57.0,45.0,8,Mixed hub (commute + busy midday),3
TEST-02128,Merkato,2025-11-01 20:00:00,20.1,0.0,64.0,10.9,1,0,0,0.0,0,0,0,0,0,0,0,0,0,0,0,48.0,48.0,20,5,1,11,29,304.8333333333333,14.0,19.0,,16.5,9,Market (midday peak),2
TEST-02114,Piassa,2025-11-01 20:00:00,20.1,0.0,64.0,10.9,1,0,0,0.0,0,0,0,0,0,0,0,0,0,0,0,48.0,48.0,20,5,1,11,29,304.8333333333333,,32.0,25.0,28.5,10,Business / office (weekday commute),0
TEST-02040,Sarbet,2025-11-01 20:00:00,20.1,0.0,64.0,10.9,1,0,0,0.0,0,0,0,0,0,0,0,0,0,0,0,48.0,48.0,20,5,1,11,29,304.8333333333333,26.0,35.0,49.0,36.66666666666666,11,"Residential (evening peak, weekend >= weekday)",4
TEST-02444,Arat Kilo,2025-11-01 21:00:00,17.0,0.0,65.0,12.9,1,0,0,0.0,0,0,0,0,0,0,0,0,0,0,0,48.0,48.0,21,5,1,11,29,304.875,16.0,17.0,19.0,17.333333333333332,0,Business / office (weekday commute),0
TEST-03988,Ayat,2025-11-01 21:00:00,17.0,0.0,65.0,12.9,1,0,0,0.0,0,0,0,0,0,0,0,0,0,0,0,48.0,48.0,21,5,1,11,29,304.875,25.0,27.0,25.0,25.666666666666668,1,"Residential (evening peak, weekend >= weekday)",4
TEST-00477,Bole,2025-11-01 21:00:00,17.0,0.0,65.0,12.9,1,0,0,0.0,0,0,0,0,0,0,0,0,0,0,0,48.0,28.0,21,5,1,11,29,304.875,115.0,85.0,99.0,99.66666666666669,2,"Leisure / nightlife (late, weekend-heavy)",1
TEST-00321,CMC,2025-11-01 21:00:00,17.0,0.0,65.0,12.9,1,0,0,0.0,0,0,0,0,0,0,0,0,0,0,0,48.0,48.0,21,5,1,11,29,304.875,29.0,52.0,37.0,39.333333333333336,3,"Residential (evening peak, weekend >= weekday)",4
TEST-00387,Gerji,2025-11-01 21:00:00,17.0,0.0,65.0,12.9,1,0,0,0.0,0,0,0,0,0,0,0,0,0,0,0,48.0,48.0,21,5,1,11,29,304.875,31.0,33.0,32.0,32.0,4,"Residential (evening peak, weekend >= weekday)",4
TEST-02778,Kazanchis,2025-11-01 21:00:00,17.0,0.0,65.0,12.9,1,0,0,0.0,0,0,0,0,0,0,0,0,0,0,0,18.0,48.0,21,5,1,11,29,304.875,28.0,24.0,28.0,26.666666666666668,5,Business / office (weekday commute),0
TEST-01055,Kolfe,2025-11-01 21:00:00,17.0,0.0,65.0,12.9,1,0,0,0.0,0,0,0,0,0,0,0,0,0,0,0,48.0,48.0,21,5,1,11,29,304.875,34.0,33.0,34.0,33.666666666666664,6,"Residential (evening peak, weekend >= weekday)",4
TEST-01067,Lideta,2025-11-01 21:00:00,17.0,0.0,65.0,12.9,1,0,0,0.0,0,0,0,0,0,0,0,0,0,0,0,48.0,48.0,21,5,1,11,29,304.875,18.0,20.0,23.0,20.33333333333333,7,Mixed hub (commute + busy midday),3
TEST-00326,Megenagna,2025-11-01 21:00:00,17.0,0.0,65.0,12.9,1,0,0,0.0,0,0,0,0,0,0,0,0,0,0,0,48.0,48.0,21,5,1,11,29,304.875,26.0,,28.0,27.0,8,Mixed hub (commute + busy midday),3
TEST-00539,Merkato,2025-11-01 21:00:00,17.0,0.0,65.0,12.9,1,0,0,0.0,0,0,0,0,0,0,0,0,0,0,0,48.0,48.0,21,5,1,11,29,304.875,4.0,7.0,9.0,6.666666666666667,9,Market (midday peak),2
TEST-02790,Piassa,2025-11-01 21:00:00,17.0,0.0,65.0,12.9,1,0,0,0.0,0,0,0,0,0,0,0,0,0,0,0,48.0,48.0,21,5,1,11,29,304.875,24.0,16.0,25.0,21.666666666666668,10,Business / office (weekday commute),0
TEST-01510,Sarbet,2025-11-01 21:00:00,17.0,0.0,65.0,12.9,1,0,0,0.0,0,0,0,0,0,0,0,0,0,0,0,48.0,48.0,21,5,1,11,29,304.875,44.0,20.0,32.0,32.0,11,"Residential (evening peak, weekend >= weekday)",4
TEST-02804,Arat Kilo,2025-11-01 22:00:00,15.4,0.0,73.0,11.0,1,0,0,0.0,0,0,0,0,0,0,0,0,0,0,0,48.0,48.0,22,5,1,11,29,304.9166666666667,19.0,14.0,9.0,14.0,0,Business / office (weekday commute),0
TEST-02075,Ayat,2025-11-01 22:00:00,15.4,0.0,73.0,11.0,1,0,0,0.0,0,0,0,0,0,0,0,0,0,0,0,48.0,48.0,22,5,1,11,29,304.9166666666667,16.0,18.0,13.0,15.666666666666666,1,"Residential (evening peak, weekend >= weekday)",4
TEST-02489,Bole,2025-11-01 22:00:00,15.4,0.0,73.0,11.0,1,0,0,0.0,0,0,0,0,0,0,0,0,0,0,0,48.0,29.0,22,5,1,11,29,304.9166666666667,137.0,96.0,89.0,107.33333333333331,2,"Leisure / nightlife (late, weekend-heavy)",1
TEST-00912,CMC,2025-11-01 22:00:00,15.4,0.0,73.0,11.0,1,0,0,0.0,0,0,0,0,0,0,0,0,0,0,0,48.0,48.0,22,5,1,11,29,304.9166666666667,20.0,24.0,23.0,22.33333333333333,3,"Residential (evening peak, weekend >= weekday)",4
TEST-00734,Gerji,2025-11-01 22:00:00,15.4,0.0,73.0,11.0,1,0,0,0.0,0,0,0,0,0,0,0,0,0,0,0,48.0,48.0,22,5,1,11,29,304.9166666666667,,21.0,17.0,19.0,4,"Residential (evening peak, weekend >= weekday)",4
TEST-03037,Kazanchis,2025-11-01 22:00:00,15.4,0.0,73.0,11.0,1,0,0,0.0,0,0,0,0,0,0,0,0,0,0,0,17.0,48.0,22,5,1,11,29,304.9166666666667,16.0,13.0,22.0,17.0,5,Business / office (weekday commute),0
TEST-00517,Kolfe,2025-11-01 22:00:00,15.4,0.0,73.0,11.0,1,0,0,0.0,0,0,0,0,0,0,0,0,0,0,0,48.0,48.0,22,5,1,11,29,304.9166666666667,12.0,21.0,16.0,16.333333333333332,6,"Residential (evening peak, weekend >= weekday)",4
TEST-03431,Lideta,2025-11-01 22:00:00,15.4,0.0,73.0,11.0,1,0,0,0.0,0,0,0,0,0,0,0,0,0,0,0,48.0,48.0,22,5,1,11,29,304.9166666666667,23.0,19.0,17.0,19.666666666666668,7,Mixed hub (commute + busy midday),3
TEST-02884,Megenagna,2025-11-01 22:00:00,15.4,0.0,73.0,11.0,1,0,0,0.0,0,0,0,0,0,0,0,0,0,0,0,48.0,48.0,22,5,1,11,29,304.9166666666667,21.0,21.0,24.0,22.0,8,Mixed hub (commute + busy midday),3
TEST-00849,Merkato,2025-11-01 22:00:00,15.4,0.0,73.0,11.0,1,0,0,0.0,0,0,0,0,0,0,0,0,0,0,0,48.0,48.0,22,5,1,11,29,304.9166666666667,5.0,9.0,10.0,8.0,9,Market (midday peak),2
TEST-00867,Piassa,2025-11-01 22:00:00,15.4,0.0,73.0,11.0,1,0,0,0.0,0,0,0,0,0,0,0,0,0,0,0,48.0,48.0,22,5,1,11,29,304.9166666666667,12.0,9.0,16.0,12.333333333333334,10,Business / office (weekday commute),0
TEST-01721,Sarbet,2025-11-01 22:00:00,15.4,0.0,73.0,11.0,1,0,0,0.0,0,0,0,0,0,0,0,0,0,0,0,48.0,48.0,22,5,1,11,29,304.9166666666667,,14.0,12.0,13.0,11,"Residential (evening peak, weekend >= weekday)",4
TEST-02745,Arat Kilo,2025-11-01 23:00:00,14.6,0.0,80.0,14.1,1,0,0,0.0,0,0,0,0,0,0,0,0,0,0,0,48.0,48.0,23,5,1,11,29,304.9583333333333,4.0,13.0,8.0,8.333333333333334,0,Business / office (weekday commute),0
TEST-02119,Ayat,2025-11-01 23:00:00,14.6,0.0,80.0,14.1,1,0,0,0.0,0,0,0,0,0,0,0,0,0,0,0,48.0,48.0,23,5,1,11,29,304.9583333333333,20.0,9.0,10.0,13.0,1,"Residential (evening peak, weekend >= weekday)",4
TEST-00350,Bole,2025-11-01 23:00:00,14.6,0.0,80.0,14.1,1,0,0,0.0,0,0,0,0,0,0,0,0,0,0,0,48.0,30.0,23,5,1,11,29,304.9583333333333,109.0,112.0,101.0,107.33333333333331,2,"Leisure / nightlife (late, weekend-heavy)",1
TEST-01293,CMC,2025-11-01 23:00:00,14.6,0.0,80.0,14.1,1,0,0,0.0,0,0,0,0,0,0,0,0,0,0,0,48.0,48.0,23,5,1,11,29,304.9583333333333,14.0,20.0,12.0,15.333333333333334,3,"Residential (evening peak, weekend >= weekday)",4
TEST-02866,Gerji,2025-11-01 23:00:00,14.6,0.0,80.0,14.1,1,0,0,0.0,0,0,0,0,0,0,0,0,0,0,0,48.0,48.0,23,5,1,11,29,304.9583333333333,17.0,15.0,8.0,13.333333333333334,4,"Residential (evening peak, weekend >= weekday)",4
TEST-02610,Kazanchis,2025-11-01 23:00:00,14.6,0.0,80.0,14.1,1,0,0,0.0,0,0,0,0,0,0,0,0,0,0,0,16.0,48.0,23,5,1,11,29,304.9583333333333,14.0,9.0,6.0,9.666666666666666,5,Business / office (weekday commute),0
TEST-02161,Kolfe,2025-11-01 23:00:00,14.6,0.0,80.0,14.1,1,0,0,0.0,0,0,0,0,0,0,0,0,0,0,0,48.0,48.0,23,5,1,11,29,304.9583333333333,11.0,11.0,4.0,8.666666666666666,6,"Residential (evening peak, weekend >= weekday)",4
TEST-00193,Lideta,2025-11-01 23:00:00,14.6,0.0,80.0,14.1,1,0,0,0.0,0,0,0,0,0,0,0,0,0,0,0,48.0,48.0,23,5,1,11,29,304.9583333333333,6.0,13.0,11.0,10.0,7,Mixed hub (commute + busy midday),3
TEST-02362,Megenagna,2025-11-01 23:00:00,14.6,0.0,80.0,14.1,1,0,0,0.0,0,0,0,0,0,0,0,0,0,0,0,48.0,48.0,23,5,1,11,29,304.9583333333333,19.0,11.0,23.0,17.666666666666668,8,Mixed hub (commute + busy midday),3
TEST-01422,Merkato,2025-11-01 23:00:00,14.6,0.0,80.0,14.1,1,0,0,0.0,0,0,0,0,0,0,0,0,0,0,0,48.0,48.0,23,5,1,11,29,304.9583333333333,8.0,7.0,7.0,7.333333333333333,9,Market (midday peak),2
TEST-02551,Piassa,2025-11-01 23:00:00,14.6,0.0,80.0,14.1,1,0,0,0.0,0,0,0,0,0,0,0,0,0,0,0,48.0,48.0,23,5,1,11,29,304.9583333333333,,9.0,10.0,9.5,10,Business / office (weekday commute),0
TEST-01913,Sarbet,2025-11-01 23:00:00,14.6,0.0,80.0,14.1,1,0,0,0.0,0,0,0,0,0,0,0,0,0,0,0,48.0,48.0,23,5,1,11,29,304.9583333333333,4.0,10.0,8.0,7.333333333333333,11,"Residential (evening peak, weekend >= weekday)",4
TEST-02937,Arat Kilo,2025-11-02 00:00:00,13.1,0.0,84.0,14.9,1,0,0,0.0,0,0,0,0,0,0,0,0,0,0,0,48.0,48.0,0,6,1,11,28,305.0,3.0,4.0,7.0,4.666666666666667,0,Business / office (weekday commute),0
TEST-03046,Ayat,2025-11-02 00:00:00,13.1,0.0,84.0,14.9,1,0,0,0.0,0,0,0,0,0,0,0,0,0,0,0,48.0,48.0,0,6,1,11,28,305.0,6.0,9.0,11.0,8.666666666666666,1,"Residential (evening peak, weekend >= weekday)",4
TEST-03620,Bole,2025-11-02 00:00:00,13.1,0.0,84.0,14.9,1,0,0,0.0,0,0,0,0,0,0,0,0,0,0,0,48.0,31.0,0,6,1,11,28,305.0,130.0,91.0,93.0,104.66666666666669,2,"Leisure / nightlife (late, weekend-heavy)",1
TEST-02195,CMC,2025-11-02 00:00:00,13.1,0.0,84.0,14.9,1,0,0,0.0,0,0,0,0,0,0,0,0,0,0,0,48.0,48.0,0,6,1,11,28,305.0,4.0,11.0,7.0,7.333333333333333,3,"Residential (evening peak, weekend >= weekday)",4
TEST-01558,Gerji,2025-11-02 00:00:00,13.1,0.0,84.0,14.9,1,0,0,0.0,0,0,0,0,0,0,0,0,0,0,0,48.0,48.0,0,6,1,11,28,305.0,6.0,11.0,10.0,9.0,4,"Residential (evening peak, weekend >= weekday)",4
TEST-03403,Kazanchis,2025-11-02 00:00:00,13.1,0.0,84.0,14.9,1,0,0,0.0,0,0,0,0,0,0,0,0,0,0,0,15.0,48.0,0,6,1,11,28,305.0,10.0,6.0,3.0,6.333333333333333,5,Business / office (weekday commute),0
TEST-02031,Kolfe,2025-11-02 00:00:00,13.1,0.0,84.0,14.9,1,0,0,0.0,0,0,0,0,0,0,0,0,0,0,0,48.0,48.0,0,6,1,11,28,305.0,7.0,12.0,5.0,8.0,6,"Residential (evening peak, weekend >= weekday)",4
TEST-01680,Lideta,2025-11-02 00:00:00,13.1,0.0,84.0,14.9,1,0,0,0.0,0,0,0,0,0,0,0,0,0,0,0,48.0,48.0,0,6,1,11,28,305.0,7.0,9.0,6.0,7.333333333333333,7,Mixed hub (commute + busy midday),3
TEST-03830,Megenagna,2025-11-02 00:00:00,13.1,0.0,84.0,14.9,1,0,0,0.0,0,0,0,0,0,0,0,0,0,0,0,48.0,48.0,0,6,1,11,28,305.0,14.0,11.0,8.0,11.0,8,Mixed hub (commute + busy midday),3
TEST-02657,Merkato,2025-11-02 00:00:00,13.1,0.0,84.0,14.9,1,0,0,0.0,0,0,0,0,0,0,0,0,0,0,0,48.0,48.0,0,6,1,11,28,305.0,0.0,1.0,2.0,1.0,9,Market (midday peak),2
TEST-00241,Piassa,2025-11-02 00:00:00,13.1,0.0,84.0,14.9,1,0,0,0.0,0,0,0,0,0,0,0,0,0,0,0,48.0,48.0,0,6,1,11,28,305.0,10.0,10.0,10.0,10.0,10,Business / office (weekday commute),0
TEST-02483,Sarbet,2025-11-02 00:00:00,13.1,0.0,84.0,14.9,1,0,0,0.0,0,0,0,0,0,0,0,0,0,0,0,48.0,48.0,0,6,1,11,28,305.0,4.0,2.0,4.0,3.333333333333333,11,"Residential (evening peak, weekend >= weekday)",4
TEST-01116,Arat Kilo,2025-11-02 01:00:00,11.0,0.0,84.0,3.8,1,0,0,0.0,0,0,0,0,0,0,0,0,0,0,0,48.0,48.0,1,6,1,11,28,305.0416666666667,8.0,5.0,7.0,6.666666666666667,0,Business / office (weekday commute),0
TEST-02737,Ayat,2025-11-02 01:00:00,11.0,0.0,84.0,3.8,1,0,0,0.0,0,0,0,0,0,0,0,0,0,0,0,48.0,48.0,1,6,1,11,28,305.0416666666667,9.0,3.0,6.0,6.0,1,"Residential (evening peak, weekend >= weekday)",4
TEST-01985,Bole,2025-11-02 01:00:00,11.0,0.0,84.0,3.8,1,0,0,0.0,0,0,0,0,0,0,0,0,0,0,0,48.0,32.0,1,6,1,11,28,305.0416666666667,72.0,59.0,76.0,69.0,2,"Leisure / nightlife (late, weekend-heavy)",1
TEST-00710,CMC,2025-11-02 01:00:00,11.0,0.0,84.0,3.8,1,0,0,0.0,0,0,0,0,0,0,0,0,0,0,0,48.0,48.0,1,6,1,11,28,305.0416666666667,0.0,8.0,6.0,4.666666666666667,3,"Residential (evening peak, weekend >= weekday)",4
TEST-00708,Gerji,2025-11-02 01:00:00,11.0,0.0,84.0,3.8,1,0,0,0.0,0,0,0,0,0,0,0,0,0,0,0,48.0,48.0,1,6,1,11,28,305.0416666666667,5.0,5.0,3.0,4.333333333333333,4,"Residential (evening peak, weekend >= weekday)",4
TEST-02699,Kazanchis,2025-11-02 01:00:00,11.0,0.0,84.0,3.8,1,0,0,0.0,0,0,0,0,0,0,0,0,0,0,0,14.0,48.0,1,6,1,11,28,305.0416666666667,5.0,8.0,8.0,7.0,5,Business / office (weekday commute),0
TEST-02735,Kolfe,2025-11-02 01:00:00,11.0,0.0,84.0,3.8,1,0,0,0.0,0,0,0,0,0,0,0,0,0,0,0,48.0,48.0,1,6,1,11,28,305.0416666666667,12.0,6.0,6.0,8.0,6,"Residential (evening peak, weekend >= weekday)",4
TEST-03854,Lideta,2025-11-02 01:00:00,11.0,0.0,84.0,3.8,1,0,0,0.0,0,0,0,0,0,0,0,0,0,0,0,48.0,48.0,1,6,1,11,28,305.0416666666667,11.0,6.0,4.0,7.0,7,Mixed hub (commute + busy midday),3
TEST-00489,Megenagna,2025-11-02 01:00:00,11.0,0.0,84.0,3.8,1,0,0,0.0,0,0,0,0,0,0,0,0,0,0,0,48.0,48.0,1,6,1,11,28,305.0416666666667,5.0,10.0,11.0,8.666666666666666,8,Mixed hub (commute + busy midday),3
TEST-01486,Merkato,2025-11-02 01:00:00,11.0,0.0,84.0,3.8,1,0,0,0.0,0,0,0,0,0,0,0,0,0,0,0,48.0,48.0,1,6,1,11,28,305.0416666666667,3.0,,5.0,4.0,9,Market (midday peak),2
TEST-03737,Piassa,2025-11-02 01:00:00,11.0,0.0,84.0,3.8,1,0,0,0.0,0,0,0,0,0,0,0,0,0,0,0,48.0,48.0,1,6,1,11,28,305.0416666666667,2.0,4.0,2.0,2.6666666666666665,10,Business / office (weekday commute),0
TEST-00731,Sarbet,2025-11-02 01:00:00,11.0,0.0,84.0,3.8,1,0,0,0.0,0,0,0,0,0,0,0,0,0,0,0,48.0,48.0,1,6,1,11,28,305.0416666666667,6.0,5.0,3.0,4.666666666666667,11,"Residential (evening peak, weekend >= weekday)",4
TEST-03750,Arat Kilo,2025-11-02 02:00:00,10.7,0.0,82.0,16.2,1,0,0,0.0,0,0,0,0,0,0,0,0,0,0,0,48.0,48.0,2,6,1,11,28,305.0833333333333,4.0,3.0,2.0,3.0,0,Business / office (weekday commute),0
TEST-03064,Ayat,2025-11-02 02:00:00,10.7,0.0,82.0,16.2,1,0,0,0.0,0,0,0,0,0,0,0,0,0,0,0,48.0,48.0,2,6,1,11,28,305.0833333333333,5.0,5.0,2.0,4.0,1,"Residential (evening peak, weekend >= weekday)",4
TEST-01590,Bole,2025-11-02 02:00:00,10.7,0.0,82.0,16.2,1,0,0,0.0,0,0,0,0,0,0,0,0,0,0,0,48.0,33.0,2,6,1,11,28,305.0833333333333,34.0,39.0,29.0,34.0,2,"Leisure / nightlife (late, weekend-heavy)",1
TEST-00566,CMC,2025-11-02 02:00:00,10.7,0.0,82.0,16.2,1,0,0,0.0,0,0,0,0,0,0,0,0,0,0,0,48.0,48.0,2,6,1,11,28,305.0833333333333,7.0,3.0,10.0,6.666666666666667,3,"Residential (evening peak, weekend >= weekday)",4
TEST-03795,Gerji,2025-11-02 02:00:00,10.7,0.0,82.0,16.2,1,0,0,0.0,0,0,0,0,0,0,0,0,0,0,0,48.0,48.0,2,6,1,11,28,305.0833333333333,4.0,8.0,5.0,5.666666666666667,4,"Residential (evening peak, weekend >= weekday)",4
TEST-03855,Kazanchis,2025-11-02 02:00:00,10.7,0.0,82.0,16.2,1,0,0,0.0,0,0,0,0,0,0,0,0,0,0,0,13.0,48.0,2,6,1,11,28,305.0833333333333,6.0,1.0,4.0,3.6666666666666665,5,Business / office (weekday commute),0
TEST-01602,Kolfe,2025-11-02 02:00:00,10.7,0.0,82.0,16.2,1,0,0,0.0,0,0,0,0,0,0,0,0,0,0,0,48.0,48.0,2,6,1,11,28,305.0833333333333,3.0,2.0,7.0,4.0,6,"Residential (evening peak, weekend >= weekday)",4
TEST-01938,Lideta,2025-11-02 02:00:00,10.7,0.0,82.0,16.2,1,0,0,0.0,0,0,0,0,0,0,0,0,0,0,0,48.0,48.0,2,6,1,11,28,305.0833333333333,6.0,17.0,,11.5,7,Mixed hub (commute + busy midday),3
TEST-02872,Megenagna,2025-11-02 02:00:00,10.7,0.0,82.0,16.2,1,0,0,0.0,0,0,0,0,0,0,0,0,0,0,0,48.0,48.0,2,6,1,11,28,305.0833333333333,15.0,19.0,15.0,16.333333333333332,8,Mixed hub (commute + busy midday),3
TEST-00151,Merkato,2025-11-02 02:00:00,10.7,0.0,82.0,16.2,1,0,0,0.0,0,0,0,0,0,0,0,0,0,0,0,48.0,48.0,2,6,1,11,28,305.0833333333333,3.0,3.0,0.0,2.0,9,Market (midday peak),2
TEST-00327,Piassa,2025-11-02 02:00:00,10.7,0.0,82.0,16.2,1,0,0,0.0,0,0,0,0,0,0,0,0,0,0,0,48.0,48.0,2,6,1,11,28,305.0833333333333,4.0,8.0,4.0,5.333333333333333,10,Business / office (weekday commute),0
TEST-00865,Sarbet,2025-11-02 02:00:00,10.7,0.0,82.0,16.2,1,0,0,0.0,0,0,0,0,0,0,0,0,0,0,0,48.0,48.0,2,6,1,11,28,305.0833333333333,6.0,5.0,7.0,6.0,11,"Residential (evening peak, weekend >= weekday)",4
TEST-03784,Arat Kilo,2025-11-02 03:00:00,11.0,0.0,81.0,11.9,1,0,0,0.0,0,0,0,0,0,0,0,0,0,0,0,48.0,48.0,3,6,1,11,28,305.125,1.0,2.0,2.0,1.6666666666666667,0,Business / office (weekday commute),0
TEST-04004,Ayat,2025-11-02 03:00:00,11.0,0.0,81.0,11.9,1,0,0,0.0,0,0,0,0,0,0,0,0,0,0,0,48.0,48.0,3,6,1,11,28,305.125,1.0,7.0,2.0,3.333333333333333,1,"Residential (evening peak, weekend >= weekday)",4
TEST-03334,Bole,2025-11-02 03:00:00,11.0,0.0,81.0,11.9,1,0,0,0.0,0,0,0,0,0,0,0,0,0,0,0,48.0,34.0,3,6,1,11,28,305.125,18.0,26.0,27.0,23.666666666666668,2,"Leisure / nightlife (late, weekend-heavy)",1
TEST-01965,CMC,2025-11-02 03:00:00,11.0,0.0,81.0,11.9,1,0,0,0.0,0,0,0,0,0,0,0,0,0,0,0,48.0,48.0,3,6,1,11,28,305.125,11.0,6.0,7.0,8.0,3,"Residential (evening peak, weekend >= weekday)",4
TEST-03374,Gerji,2025-11-02 03:00:00,11.0,0.0,81.0,11.9,1,0,0,0.0,0,0,0,0,0,0,0,0,0,0,0,48.0,48.0,3,6,1,11,28,305.125,5.0,5.0,4.0,4.666666666666667,4,"Residential (evening peak, weekend >= weekday)",4
TEST-03166,Kazanchis,2025-11-02 03:00:00,11.0,0.0,81.0,11.9,1,0,0,0.0,0,0,0,0,0,0,0,0,0,0,0,12.0,48.0,3,6,1,11,28,305.125,10.0,3.0,5.0,6.0,5,Business / office (weekday commute),0
TEST-01491,Kolfe,2025-11-02 03:00:00,11.0,0.0,81.0,11.9,1,0,0,0.0,0,0,0,0,0,0,0,0,0,0,0,48.0,48.0,3,6,1,11,28,305.125,7.0,5.0,4.0,5.333333333333333,6,"Residential (evening peak, weekend >= weekday)",4
TEST-02800,Lideta,2025-11-02 03:00:00,11.0,0.0,81.0,11.9,1,0,0,0.0,0,0,0,0,0,0,0,0,0,0,0,48.0,48.0,3,6,1,11,28,305.125,10.0,11.0,,10.5,7,Mixed hub (commute + busy midday),3
TEST-01200,Megenagna,2025-11-02 03:00:00,11.0,0.0,81.0,11.9,1,0,0,0.0,0,0,0,0,0,0,0,0,0,0,0,48.0,48.0,3,6,1,11,28,305.125,14.0,12.0,7.0,11.0,8,Mixed hub (commute + busy midday),3
TEST-02264,Merkato,2025-11-02 03:00:00,11.0,0.0,81.0,11.9,1,0,0,0.0,0,0,0,0,0,0,0,0,0,0,0,48.0,48.0,3,6,1,11,28,305.125,2.0,2.0,5.0,3.0,9,Market (midday peak),2
TEST-03095,Piassa,2025-11-02 03:00:00,11.0,0.0,81.0,11.9,1,0,0,0.0,0,0,0,0,0,0,0,0,0,0,0,48.0,48.0,3,6,1,11,28,305.125,1.0,6.0,6.0,4.333333333333333,10,Business / office (weekday commute),0
TEST-00394,Sarbet,2025-11-02 03:00:00,11.0,0.0,81.0,11.9,1,0,0,0.0,0,0,0,0,0,0,0,0,0,0,0,48.0,48.0,3,6,1,11,28,305.125,7.0,4.0,2.0,4.333333333333333,11,"Residential (evening peak, weekend >= weekday)",4
TEST-03565,Arat Kilo,2025-11-02 04:00:00,11.7,0.0,94.0,10.4,1,0,0,0.0,0,0,0,0,0,0,0,0,0,0,0,48.0,48.0,4,6,1,11,28,305.1666666666667,3.0,5.0,5.0,4.333333333333333,0,Business / office (weekday commute),0
TEST-03445,Ayat,2025-11-02 04:00:00,11.7,0.0,94.0,10.4,1,0,0,0.0,0,0,0,0,0,0,0,0,0,0,0,48.0,48.0,4,6,1,11,28,305.1666666666667,,4.0,4.0,4.0,1,"Residential (evening peak, weekend >= weekday)",4
TEST-00330,Bole,2025-11-02 04:00:00,11.7,0.0,94.0,10.4,1,0,0,0.0,0,0,0,0,0,0,0,0,0,0,0,48.0,35.0,4,6,1,11,28,305.1666666666667,33.0,33.0,27.0,31.0,2,"Leisure / nightlife (late, weekend-heavy)",1
TEST-00948,CMC,2025-11-02 04:00:00,11.7,0.0,94.0,10.4,1,0,0,0.0,0,0,0,0,0,0,0,0,0,0,0,48.0,48.0,4,6,1,11,28,305.1666666666667,8.0,6.0,4.0,6.0,3,"Residential (evening peak, weekend >= weekday)",4
TEST-02638,Gerji,2025-11-02 04:00:00,11.7,0.0,94.0,10.4,1,0,0,0.0,0,0,0,0,0,0,0,0,0,0,0,48.0,48.0,4,6,1,11,28,305.1666666666667,4.0,,7.0,5.5,4,"Residential (evening peak, weekend >= weekday)",4
TEST-03221,Kazanchis,2025-11-02 04:00:00,11.7,0.0,94.0,10.4,1,0,0,0.0,0,0,0,0,0,0,0,0,0,0,0,11.0,48.0,4,6,1,11,28,305.1666666666667,5.0,1.0,7.0,4.333333333333333,5,Business / office (weekday commute),0
TEST-00024,Kolfe,2025-11-02 04:00:00,11.7,0.0,94.0,10.4,1,0,0,0.0,0,0,0,0,0,0,0,0,0,0,0,48.0,48.0,4,6,1,11,28,305.1666666666667,4.0,7.0,6.0,5.666666666666667,6,"Residential (evening peak, weekend >= weekday)",4
TEST-02389,Lideta,2025-11-02 04:00:00,11.7,0.0,94.0,10.4,1,0,0,0.0,0,0,0,0,0,0,0,0,0,0,0,48.0,48.0,4,6,1,11,28,305.1666666666667,5.0,7.0,10.0,7.333333333333333,7,Mixed hub (commute + busy midday),3
TEST-03868,Megenagna,2025-11-02 04:00:00,11.7,0.0,94.0,10.4,1,0,0,0.0,0,0,0,0,0,0,0,0,0,0,0,48.0,48.0,4,6,1,11,28,305.1666666666667,12.0,17.0,12.0,13.666666666666666,8,Mixed hub (commute + busy midday),3
TEST-02666,Merkato,2025-11-02 04:00:00,11.7,0.0,94.0,10.4,1,0,0,0.0,0,0,0,0,0,0,0,0,0,0,0,48.0,48.0,4,6,1,11,28,305.1666666666667,7.0,3.0,,5.0,9,Market (midday peak),2
TEST-03628,Piassa,2025-11-02 04:00:00,11.7,0.0,94.0,10.4,1,0,0,0.0,0,0,0,0,0,0,0,0,0,0,0,48.0,48.0,4,6,1,11,28,305.1666666666667,2.0,5.0,5.0,4.0,10,Business / office (weekday commute),0
TEST-00046,Sarbet,2025-11-02 04:00:00,11.7,0.0,94.0,10.4,1,0,0,0.0,0,0,0,0,0,0,0,0,0,0,0,48.0,48.0,4,6,1,11,28,305.1666666666667,5.0,3.0,4.0,4.0,11,"Residential (evening peak, weekend >= weekday)",4
TEST-03028,Arat Kilo,2025-11-02 05:00:00,11.9,0.0,82.0,16.0,1,0,0,0.0,0,0,0,0,0,0,0,0,0,0,0,48.0,48.0,5,6,1,11,28,305.2083333333333,3.0,6.0,5.0,4.666666666666667,0,Business / office (weekday commute),0
TEST-02063,Ayat,2025-11-02 05:00:00,11.9,0.0,82.0,16.0,1,0,0,0.0,0,0,0,0,0,0,0,0,0,0,0,48.0,48.0,5,6,1,11,28,305.2083333333333,2.0,6.0,8.0,5.333333333333333,1,"Residential (evening peak, weekend >= weekday)",4
TEST-00762,Bole,2025-11-02 05:00:00,11.9,0.0,82.0,16.0,1,0,0,0.0,0,0,0,0,0,0,0,0,0,0,0,48.0,36.0,5,6,1,11,28,305.2083333333333,35.0,24.0,49.0,36.0,2,"Leisure / nightlife (late, weekend-heavy)",1
TEST-00753,CMC,2025-11-02 05:00:00,11.9,0.0,82.0,16.0,1,0,0,0.0,0,0,0,0,0,0,0,0,0,0,0,48.0,48.0,5,6,1,11,28,305.2083333333333,5.0,5.0,8.0,6.0,3,"Residential (evening peak, weekend >= weekday)",4
TEST-02280,Gerji,2025-11-02 05:00:00,11.9,0.0,82.0,16.0,1,0,0,0.0,0,0,0,0,0,0,0,0,0,0,0,48.0,48.0,5,6,1,11,28,305.2083333333333,9.0,6.0,5.0,6.666666666666667,4,"Residential (evening peak, weekend >= weekday)",4
TEST-02821,Kazanchis,2025-11-02 05:00:00,11.9,0.0,82.0,16.0,1,0,0,0.0,0,0,0,0,0,0,0,0,0,0,0,10.0,48.0,5,6,1,11,28,305.2083333333333,11.0,6.0,6.0,7.666666666666667,5,Business / office (weekday commute),0
TEST-02047,Kolfe,2025-11-02 05:00:00,11.9,0.0,82.0,16.0,1,0,0,0.0,0,0,0,0,0,0,0,0,0,0,0,48.0,48.0,5,6,1,11,28,305.2083333333333,6.0,8.0,7.0,7.0,6,"Residential (evening peak, weekend >= weekday)",4
TEST-01502,Lideta,2025-11-02 05:00:00,11.9,0.0,82.0,16.0,1,0,0,0.0,0,0,0,0,0,0,0,0,0,0,0,48.0,48.0,5,6,1,11,28,305.2083333333333,13.0,7.0,15.0,11.666666666666666,7,Mixed hub (commute + busy midday),3
TEST-01869,Megenagna,2025-11-02 05:00:00,11.9,0.0,82.0,16.0,1,0,0,0.0,0,0,0,0,0,0,0,0,0,0,0,48.0,48.0,5,6,1,11,28,305.2083333333333,18.0,14.0,14.0,15.333333333333334,8,Mixed hub (commute + busy midday),3
TEST-00044,Merkato,2025-11-02 05:00:00,11.9,0.0,82.0,16.0,1,0,0,0.0,0,0,0,0,0,0,0,0,0,0,0,48.0,48.0,5,6,1,11,28,305.2083333333333,3.0,11.0,11.0,8.333333333333334,9,Market (midday peak),2
TEST-00409,Piassa,2025-11-02 05:00:00,11.9,0.0,82.0,16.0,1,0,0,0.0,0,0,0,0,0,0,0,0,0,0,0,48.0,48.0,5,6,1,11,28,305.2083333333333,4.0,3.0,5.0,4.0,10,Business / office (weekday commute),0
TEST-02686,Sarbet,2025-11-02 05:00:00,11.9,0.0,82.0,16.0,1,0,0,0.0,0,0,0,0,0,0,0,0,0,0,0,48.0,48.0,5,6,1,11,28,305.2083333333333,4.0,9.0,11.0,8.0,11,"Residential (evening peak, weekend >= weekday)",4
TEST-03676,Arat Kilo,2025-11-02 06:00:00,12.9,0.0,73.0,12.7,1,0,0,0.0,0,0,0,0,0,0,0,0,0,0,0,48.0,48.0,6,6,1,11,28,305.25,5.0,3.0,4.0,4.0,0,Business / office (weekday commute),0
TEST-00690,Ayat,2025-11-02 06:00:00,12.9,0.0,73.0,12.7,1,0,0,0.0,0,0,0,0,0,0,0,0,0,0,0,48.0,48.0,6,6,1,11,28,305.25,8.0,7.0,3.0,6.0,1,"Residential (evening peak, weekend >= weekday)",4
TEST-03667,Bole,2025-11-02 06:00:00,12.9,0.0,73.0,12.7,1,0,0,0.0,0,0,0,0,0,0,0,0,0,0,0,48.0,37.0,6,6,1,11,28,305.25,55.0,51.0,44.0,50.0,2,"Leisure / nightlife (late, weekend-heavy)",1
TEST-02518,CMC,2025-11-02 06:00:00,12.9,0.0,73.0,12.7,1,0,0,0.0,0,0,0,0,0,0,0,0,0,0,0,48.0,48.0,6,6,1,11,28,305.25,9.0,13.0,5.0,9.0,3,"Residential (evening peak, weekend >= weekday)",4
TEST-02313,Gerji,2025-11-02 06:00:00,12.9,0.0,73.0,12.7,1,0,0,0.0,0,0,0,0,0,0,0,0,0,0,0,48.0,48.0,6,6,1,11,28,305.25,14.0,18.0,4.0,12.0,4,"Residential (evening peak, weekend >= weekday)",4
TEST-02738,Kazanchis,2025-11-02 06:00:00,12.9,0.0,73.0,12.7,1,0,0,0.0,0,0,0,0,0,0,0,0,0,0,0,9.0,48.0,6,6,1,11,28,305.25,14.0,,5.0,9.5,5,Business / office (weekday commute),0
TEST-03846,Kolfe,2025-11-02 06:00:00,12.9,0.0,73.0,12.7,1,0,0,0.0,0,0,0,0,0,0,0,0,0,0,0,48.0,48.0,6,6,1,11,28,305.25,7.0,11.0,12.0,10.0,6,"Residential (evening peak, weekend >= weekday)",4
TEST-03843,Lideta,2025-11-02 06:00:00,12.9,0.0,73.0,12.7,1,0,0,0.0,0,0,0,0,0,0,0,0,0,0,0,48.0,48.0,6,6,1,11,28,305.25,19.0,18.0,12.0,16.333333333333332,7,Mixed hub (commute + busy midday),3
TEST-03820,Megenagna,2025-11-02 06:00:00,12.9,0.0,73.0,12.7,1,0,0,0.0,0,0,0,0,0,0,0,0,0,0,0,48.0,48.0,6,6,1,11,28,305.25,25.0,15.0,24.0,21.33333333333333,8,Mixed hub (commute + busy midday),3
TEST-03490,Merkato,2025-11-02 06:00:00,12.9,0.0,73.0,12.7,1,0,0,0.0,0,0,0,0,0,0,0,0,0,0,0,48.0,48.0,6,6,1,11,28,305.25,16.0,,19.0,17.5,9,Market (midday peak),2
TEST-02943,Piassa,2025-11-02 06:00:00,12.9,0.0,73.0,12.7,1,0,0,0.0,0,0,0,0,0,0,0,0,0,0,0,48.0,48.0,6,6,1,11,28,305.25,11.0,5.0,11.0,9.0,10,Business / office (weekday commute),0
TEST-00454,Sarbet,2025-11-02 06:00:00,12.9,0.0,73.0,12.7,1,0,0,0.0,0,0,0,0,0,0,0,0,0,0,0,48.0,48.0,6,6,1,11,28,305.25,17.0,4.0,6.0,9.0,11,"Residential (evening peak, weekend >= weekday)",4
TEST-01456,Arat Kilo,2025-11-02 07:00:00,16.0,0.0,83.0,9.1,1,0,0,0.0,0,0,0,0,0,0,0,0,0,0,0,48.0,48.0,7,6,1,11,28,305.2916666666667,9.0,6.0,8.0,7.666666666666667,0,Business / office (weekday commute),0
TEST-00713,Ayat,2025-11-02 07:00:00,16.0,0.0,83.0,9.1,1,0,0,0.0,0,0,0,0,0,0,0,0,0,0,0,48.0,48.0,7,6,1,11,28,305.2916666666667,9.0,16.0,18.0,14.333333333333334,1,"Residential (evening peak, weekend >= weekday)",4
TEST-03019,Bole,2025-11-02 07:00:00,16.0,0.0,83.0,9.1,1,0,0,0.0,0,0,0,0,0,0,0,0,0,0,0,48.0,38.0,7,6,1,11,28,305.2916666666667,49.0,28.0,38.0,38.333333333333336,2,"Leisure / nightlife (late, weekend-heavy)",1
TEST-01345,CMC,2025-11-02 07:00:00,16.0,0.0,83.0,9.1,1,0,0,0.0,0,0,0,0,0,0,0,0,0,0,0,48.0,48.0,7,6,1,11,28,305.2916666666667,22.0,14.0,24.0,20.0,3,"Residential (evening peak, weekend >= weekday)",4
TEST-00959,Gerji,2025-11-02 07:00:00,16.0,0.0,83.0,9.1,1,0,0,0.0,0,0,0,0,0,0,0,0,0,0,0,48.0,48.0,7,6,1,11,28,305.2916666666667,15.0,17.0,12.0,14.666666666666666,4,"Residential (evening peak, weekend >= weekday)",4
TEST-02141,Kazanchis,2025-11-02 07:00:00,16.0,0.0,83.0,9.1,1,0,0,0.0,0,0,0,0,0,0,0,0,0,0,0,8.0,48.0,7,6,1,11,28,305.2916666666667,13.0,12.0,8.0,11.0,5,Business / office (weekday commute),0
TEST-02517,Kolfe,2025-11-02 07:00:00,16.0,0.0,83.0,9.1,1,0,0,0.0,0,0,0,0,0,0,0,0,0,0,0,48.0,48.0,7,6,1,11,28,305.2916666666667,16.0,10.0,12.0,12.666666666666666,6,"Residential (evening peak, weekend >= weekday)",4
TEST-00496,Lideta,2025-11-02 07:00:00,16.0,0.0,83.0,9.1,1,0,0,0.0,0,0,0,0,0,0,0,0,0,0,0,48.0,48.0,7,6,1,11,28,305.2916666666667,17.0,30.0,26.0,24.33333333333333,7,Mixed hub (commute + busy midday),3
TEST-01930,Megenagna,2025-11-02 07:00:00,16.0,0.0,83.0,9.1,1,0,0,0.0,0,0,0,0,0,0,0,0,0,0,0,48.0,48.0,7,6,1,11,28,305.2916666666667,42.0,32.0,31.0,35.0,8,Mixed hub (commute + busy midday),3
TEST-01159,Merkato,2025-11-02 07:00:00,16.0,0.0,83.0,9.1,1,0,0,0.0,0,0,0,0,0,0,0,0,0,0,0,48.0,48.0,7,6,1,11,28,305.2916666666667,49.0,52.0,41.0,47.333333333333336,9,Market (midday peak),2
TEST-01478,Piassa,2025-11-02 07:00:00,16.0,0.0,83.0,9.1,1,0,0,0.0,0,0,0,0,0,0,0,0,0,0,0,48.0,48.0,7,6,1,11,28,305.2916666666667,9.0,10.0,9.0,9.333333333333334,10,Business / office (weekday commute),0
TEST-02072,Sarbet,2025-11-02 07:00:00,16.0,0.0,83.0,9.1,1,0,0,0.0,0,0,0,0,0,0,0,0,0,0,0,48.0,48.0,7,6,1,11,28,305.2916666666667,14.0,12.0,20.0,15.333333333333334,11,"Residential (evening peak, weekend >= weekday)",4
TEST-03912,Arat Kilo,2025-11-02 08:00:00,16.1,0.0,74.0,17.1,1,0,0,0.0,0,0,0,0,0,0,0,0,0,0,0,48.0,48.0,8,6,1,11,28,305.3333333333333,10.0,16.0,8.0,11.333333333333334,0,Business / office (weekday commute),0
TEST-00029,Ayat,2025-11-02 08:00:00,16.1,0.0,74.0,17.1,1,0,0,0.0,0,0,0,0,0,0,0,0,0,0,0,48.0,48.0,8,6,1,11,28,305.3333333333333,16.0,16.0,13.0,15.0,1,"Residential (evening peak, weekend >= weekday)",4
TEST-00178,Bole,2025-11-02 08:00:00,16.1,0.0,74.0,17.1,1,0,0,0.0,0,0,0,0,0,0,0,0,0,0,0,48.0,39.0,8,6,1,11,28,305.3333333333333,22.0,22.0,23.0,22.33333333333333,2,"Leisure / nightlife (late, weekend-heavy)",1
TEST-03593,CMC,2025-11-02 08:00:00,16.1,0.0,74.0,17.1,1,0,0,0.0,0,0,0,0,0,0,0,0,0,0,0,48.0,48.0,8,6,1,11,28,305.3333333333333,29.0,27.0,26.0,27.33333333333333,3,"Residential (evening peak, weekend >= weekday)",4
TEST-00070,Gerji,2025-11-02 08:00:00,16.1,0.0,74.0,17.1,1,0,0,0.0,0,0,0,0,0,0,0,0,0,0,0,48.0,48.0,8,6,1,11,28,305.3333333333333,29.0,21.0,20.0,23.33333333333333,4,"Residential (evening peak, weekend >= weekday)",4
TEST-01363,Kazanchis,2025-11-02 08:00:00,16.1,0.0,74.0,17.1,1,0,0,0.0,0,0,0,0,0,0,0,0,0,0,0,7.0,48.0,8,6,1,11,28,305.3333333333333,16.0,13.0,13.0,14.0,5,Business / office (weekday commute),0
TEST-03831,Kolfe,2025-11-02 08:00:00,16.1,0.0,74.0,17.1,1,0,0,0.0,0,0,0,0,0,0,0,0,0,0,0,48.0,48.0,8,6,1,11,28,305.3333333333333,17.0,28.0,17.0,20.666666666666668,6,"Residential (evening peak, weekend >= weekday)",4
TEST-02344,Lideta,2025-11-02 08:00:00,16.1,0.0,74.0,17.1,1,0,0,0.0,0,0,0,0,0,0,0,0,0,0,0,48.0,48.0,8,6,1,11,28,305.3333333333333,34.0,29.0,28.0,30.33333333333333,7,Mixed hub (commute + busy midday),3
TEST-01156,Megenagna,2025-11-02 08:00:00,16.1,0.0,74.0,17.1,1,0,0,0.0,0,0,0,0,0,0,0,0,0,0,0,48.0,48.0,8,6,1,11,28,305.3333333333333,32.0,33.0,35.0,33.333333333333336,8,Mixed hub (commute + busy midday),3
TEST-02051,Merkato,2025-11-02 08:00:00,16.1,0.0,74.0,17.1,1,0,0,0.0,0,0,0,0,0,0,0,0,0,0,0,48.0,48.0,8,6,1,11,28,305.3333333333333,44.0,44.0,41.0,43.0,9,Market (midday peak),2
TEST-01423,Piassa,2025-11-02 08:00:00,16.1,0.0,74.0,17.1,1,0,0,0.0,0,0,0,0,0,0,0,0,0,0,0,48.0,48.0,8,6,1,11,28,305.3333333333333,14.0,11.0,12.0,12.333333333333334,10,Business / office (weekday commute),0
TEST-02687,Sarbet,2025-11-02 08:00:00,16.1,0.0,74.0,17.1,1,0,0,0.0,0,0,0,0,0,0,0,0,0,0,0,48.0,48.0,8,6,1,11,28,305.3333333333333,31.0,27.0,16.0,24.666666666666668,11,"Residential (evening peak, weekend >= weekday)",4
TEST-01881,Arat Kilo,2025-11-02 09:00:00,18.5,0.2,67.0,11.2,1,0,0,0.1999999999999982,1,0,0,0,0,0,0,0,0,0,0,48.0,48.0,9,6,1,11,28,305.375,15.0,13.0,17.0,15.0,0,Business / office (weekday commute),0
TEST-01524,Ayat,2025-11-02 09:00:00,18.5,0.2,67.0,11.2,1,0,0,0.1999999999999982,1,0,0,0,0,0,0,0,0,0,0,48.0,48.0,9,6,1,11,28,305.375,33.0,43.0,,38.0,1,"Residential (evening peak, weekend >= weekday)",4
TEST-02276,Bole,2025-11-02 09:00:00,18.5,0.2,67.0,11.2,1,0,0,0.1999999999999982,1,0,0,0,0,0,0,0,0,0,0,48.0,40.0,9,6,1,11,28,305.375,22.0,32.0,17.0,23.666666666666668,2,"Leisure / nightlife (late, weekend-heavy)",1
TEST-00671,CMC,2025-11-02 09:00:00,18.5,0.2,67.0,11.2,1,0,0,0.1999999999999982,1,0,0,0,0,0,0,0,0,0,0,48.0,48.0,9,6,1,11,28,305.375,25.0,40.0,36.0,33.666666666666664,3,"Residential (evening peak, weekend >= weekday)",4
TEST-01588,Gerji,2025-11-02 09:00:00,18.5,0.2,67.0,11.2,1,0,0,0.1999999999999982,1,0,0,0,0,0,0,0,0,0,0,48.0,48.0,9,6,1,11,28,305.375,42.0,33.0,42.0,39.0,4,"Residential (evening peak, weekend >= weekday)",4
TEST-02820,Kazanchis,2025-11-02 09:00:00,18.5,0.2,67.0,11.2,1,0,0,0.1999999999999982,1,0,0,0,0,0,0,0,0,0,0,6.0,48.0,9,6,1,11,28,305.375,17.0,13.0,14.0,14.666666666666666,5,Business / office (weekday commute),0
TEST-01923,Kolfe,2025-11-02 09:00:00,18.5,0.2,67.0,11.2,1,0,0,0.1999999999999982,1,0,0,0,0,0,0,0,0,0,0,48.0,48.0,9,6,1,11,28,305.375,35.0,33.0,,34.0,6,"Residential (evening peak, weekend >= weekday)",4
TEST-01599,Lideta,2025-11-02 09:00:00,18.5,0.2,67.0,11.2,1,0,0,0.1999999999999982,1,0,0,0,0,0,0,0,0,0,0,48.0,48.0,9,6,1,11,28,305.375,39.0,34.0,28.0,33.666666666666664,7,Mixed hub (commute + busy midday),3
TEST-01453,Megenagna,2025-11-02 09:00:00,18.5,0.2,67.0,11.2,1,0,0,0.1999999999999982,1,0,0,0,0,0,0,0,0,0,0,48.0,48.0,9,6,1,11,28,305.375,47.0,46.0,37.0,43.333333333333336,8,Mixed hub (commute + busy midday),3
TEST-00670,Merkato,2025-11-02 09:00:00,18.5,0.2,67.0,11.2,1,0,0,0.1999999999999982,1,0,0,0,0,0,0,0,0,0,0,48.0,48.0,9,6,1,11,28,305.375,46.0,40.0,40.0,42.0,9,Market (midday peak),2
TEST-00553,Piassa,2025-11-02 09:00:00,18.5,0.2,67.0,11.2,1,0,0,0.1999999999999982,1,0,0,0,0,0,0,0,0,0,0,48.0,48.0,9,6,1,11,28,305.375,21.0,19.0,14.0,18.0,10,Business / office (weekday commute),0
TEST-03908,Sarbet,2025-11-02 09:00:00,18.5,0.2,67.0,11.2,1,0,0,0.1999999999999982,1,0,0,0,0,0,0,0,0,0,0,48.0,48.0,9,6,1,11,28,305.375,18.0,26.0,38.0,27.33333333333333,11,"Residential (evening peak, weekend >= weekday)",4
TEST-00406,Arat Kilo,2025-11-02 10:00:00,20.1,0.0,65.0,13.7,1,0,0,0.1999999999999982,0,0,0,0,0,0,0,0,0,0,0,48.0,48.0,10,6,1,11,28,305.4166666666667,7.0,15.0,16.0,12.666666666666666,0,Business / office (weekday commute),0
TEST-03944,Ayat,2025-11-02 10:00:00,20.1,0.0,65.0,13.7,1,0,0,0.1999999999999982,0,0,0,0,0,0,0,0,0,0,0,48.0,48.0,10,6,1,11,28,305.4166666666667,32.0,26.0,39.0,32.333333333333336,1,"Residential (evening peak, weekend >= weekday)",4
TEST-01816,Bole,2025-11-02 10:00:00,20.1,0.0,65.0,13.7,1,0,0,0.1999999999999982,0,0,0,0,0,0,0,0,0,0,0,48.0,41.0,10,6,1,11,28,305.4166666666667,29.0,30.0,29.0,29.33333333333333,2,"Leisure / nightlife (late, weekend-heavy)",1
TEST-00592,CMC,2025-11-02 10:00:00,20.1,0.0,65.0,13.7,1,0,0,0.1999999999999982,0,0,0,0,0,0,0,0,0,0,0,48.0,48.0,10,6,1,11,28,305.4166666666667,51.0,37.0,48.0,45.333333333333336,3,"Residential (evening peak, weekend >= weekday)",4
TEST-00807,Gerji,2025-11-02 10:00:00,20.1,0.0,65.0,13.7,1,0,0,0.1999999999999982,0,0,0,0,0,0,0,0,0,0,0,48.0,48.0,10,6,1,11,28,305.4166666666667,42.0,51.0,31.0,41.333333333333336,4,"Residential (evening peak, weekend >= weekday)",4
TEST-02143,Kazanchis,2025-11-02 10:00:00,20.1,0.0,65.0,13.7,1,0,0,0.1999999999999982,0,0,0,0,0,0,0,0,0,0,0,5.0,48.0,10,6,1,11,28,305.4166666666667,25.0,26.0,22.0,24.33333333333333,5,Business / office (weekday commute),0
TEST-00349,Kolfe,2025-11-02 10:00:00,20.1,0.0,65.0,13.7,1,0,0,0.1999999999999982,0,0,0,0,0,0,0,0,0,0,0,48.0,48.0,10,6,1,11,28,305.4166666666667,29.0,50.0,41.0,40.0,6,"Residential (evening peak, weekend >= weekday)",4
TEST-02112,Lideta,2025-11-02 10:00:00,20.1,0.0,65.0,13.7,1,0,0,0.1999999999999982,0,0,0,0,0,0,0,0,0,0,0,48.0,48.0,10,6,1,11,28,305.4166666666667,36.0,33.0,41.0,36.66666666666666,7,Mixed hub (commute + busy midday),3
TEST-00179,Megenagna,2025-11-02 10:00:00,20.1,0.0,65.0,13.7,1,0,0,0.1999999999999982,0,0,0,0,0,0,0,0,0,0,0,48.0,48.0,10,6,1,11,28,305.4166666666667,56.0,52.0,52.0,53.333333333333336,8,Mixed hub (commute + busy midday),3
TEST-01501,Merkato,2025-11-02 10:00:00,20.1,0.0,65.0,13.7,1,0,0,0.1999999999999982,0,0,0,0,0,0,0,0,0,0,0,48.0,48.0,10,6,1,11,28,305.4166666666667,50.0,40.0,43.0,44.333333333333336,9,Market (midday peak),2
TEST-01016,Piassa,2025-11-02 10:00:00,20.1,0.0,65.0,13.7,1,0,0,0.1999999999999982,0,0,0,0,0,0,0,0,0,0,0,48.0,48.0,10,6,1,11,28,305.4166666666667,17.0,20.0,27.0,21.33333333333333,10,Business / office (weekday commute),0
TEST-03235,Sarbet,2025-11-02 10:00:00,20.1,0.0,65.0,13.7,1,0,0,0.1999999999999982,0,0,0,0,0,0,0,0,0,0,0,48.0,48.0,10,6,1,11,28,305.4166666666667,28.0,43.0,32.0,34.333333333333336,11,"Residential (evening peak, weekend >= weekday)",4
TEST-02062,Arat Kilo,2025-11-02 11:00:00,21.5,0.0,60.0,15.3,1,0,0,0.1999999999999982,0,0,0,0,0,0,0,0,0,0,0,48.0,48.0,11,6,1,11,28,305.4583333333333,10.0,19.0,30.0,19.666666666666668,0,Business / office (weekday commute),0
TEST-02187,Ayat,2025-11-02 11:00:00,21.5,0.0,60.0,15.3,1,0,0,0.1999999999999982,0,0,0,0,0,0,0,0,0,0,0,48.0,48.0,11,6,1,11,28,305.4583333333333,42.0,28.0,34.0,34.666666666666664,1,"Residential (evening peak, weekend >= weekday)",4
TEST-01004,Bole,2025-11-02 11:00:00,21.5,0.0,60.0,15.3,1,0,0,0.1999999999999982,0,0,0,0,0,0,0,0,0,0,0,48.0,42.0,11,6,1,11,28,305.4583333333333,31.0,39.0,36.0,35.333333333333336,2,"Leisure / nightlife (late, weekend-heavy)",1
TEST-01849,CMC,2025-11-02 11:00:00,21.5,0.0,60.0,15.3,1,0,0,0.1999999999999982,0,0,0,0,0,0,0,0,0,0,0,48.0,48.0,11,6,1,11,28,305.4583333333333,33.0,58.0,38.0,43.0,3,"Residential (evening peak, weekend >= weekday)",4
TEST-01492,Gerji,2025-11-02 11:00:00,21.5,0.0,60.0,15.3,1,0,0,0.1999999999999982,0,0,0,0,0,0,0,0,0,0,0,48.0,48.0,11,6,1,11,28,305.4583333333333,30.0,53.0,38.0,40.333333333333336,4,"Residential (evening peak, weekend >= weekday)",4
TEST-00260,Kazanchis,2025-11-02 11:00:00,21.5,0.0,60.0,15.3,1,0,0,0.1999999999999982,0,0,0,0,0,0,0,0,0,0,0,4.0,48.0,11,6,1,11,28,305.4583333333333,21.0,22.0,21.0,21.33333333333333,5,Business / office (weekday commute),0
TEST-00228,Kolfe,2025-11-02 11:00:00,21.5,0.0,60.0,15.3,1,0,0,0.1999999999999982,0,0,0,0,0,0,0,0,0,0,0,48.0,48.0,11,6,1,11,28,305.4583333333333,38.0,32.0,46.0,38.66666666666666,6,"Residential (evening peak, weekend >= weekday)",4
TEST-03665,Lideta,2025-11-02 11:00:00,21.5,0.0,60.0,15.3,1,0,0,0.1999999999999982,0,0,0,0,0,0,0,0,0,0,0,48.0,48.0,11,6,1,11,28,305.4583333333333,50.0,33.0,41.0,41.333333333333336,7,Mixed hub (commute + busy midday),3
TEST-02506,Megenagna,2025-11-02 11:00:00,21.5,0.0,60.0,15.3,1,0,0,0.1999999999999982,0,0,0,0,0,0,0,0,0,0,0,48.0,48.0,11,6,1,11,28,305.4583333333333,,37.0,54.0,45.5,8,Mixed hub (commute + busy midday),3
TEST-01376,Merkato,2025-11-02 11:00:00,21.5,0.0,60.0,15.3,1,0,0,0.1999999999999982,0,0,0,0,0,0,0,0,0,0,0,48.0,48.0,11,6,1,11,28,305.4583333333333,61.0,60.0,53.0,58.0,9,Market (midday peak),2
TEST-01408,Piassa,2025-11-02 11:00:00,21.5,0.0,60.0,15.3,1,0,0,0.1999999999999982,0,0,0,0,0,0,0,0,0,0,0,48.0,48.0,11,6,1,11,28,305.4583333333333,21.0,33.0,19.0,24.33333333333333,10,Business / office (weekday commute),0
TEST-02261,Sarbet,2025-11-02 11:00:00,21.5,0.0,60.0,15.3,1,0,0,0.1999999999999982,0,0,0,0,0,0,0,0,0,0,0,48.0,48.0,11,6,1,11,28,305.4583333333333,41.0,37.0,43.0,40.333333333333336,11,"Residential (evening peak, weekend >= weekday)",4
TEST-03526,Arat Kilo,2025-11-02 12:00:00,23.5,0.3,53.0,5.6,1,0,0,0.2999999999999982,1,0,0,0,0,0,0,0,0,0,0,48.0,48.0,12,6,1,11,28,305.5,16.0,30.0,21.0,22.33333333333333,0,Business / office (weekday commute),0
TEST-02887,Ayat,2025-11-02 12:00:00,23.5,0.3,53.0,5.6,1,0,0,0.2999999999999982,1,0,0,0,0,0,0,0,0,0,0,48.0,48.0,12,6,1,11,28,305.5,43.0,32.0,17.0,30.666666666666668,1,"Residential (evening peak, weekend >= weekday)",4
TEST-00174,Bole,2025-11-02 12:00:00,23.5,0.3,53.0,5.6,1,0,0,0.2999999999999982,1,0,0,0,0,0,0,0,0,0,0,48.0,43.0,12,6,1,11,28,305.5,,29.0,32.0,30.5,2,"Leisure / nightlife (late, weekend-heavy)",1
TEST-00674,CMC,2025-11-02 12:00:00,23.5,0.3,53.0,5.6,1,0,0,0.2999999999999982,1,0,0,0,0,0,0,0,0,0,0,48.0,48.0,12,6,1,11,28,305.5,34.0,44.0,36.0,38.0,3,"Residential (evening peak, weekend >= weekday)",4
TEST-03591,Gerji,2025-11-02 12:00:00,23.5,0.3,53.0,5.6,1,0,0,0.2999999999999982,1,0,0,0,0,0,0,0,0,0,0,48.0,48.0,12,6,1,11,28,305.5,52.0,45.0,48.0,48.333333333333336,4,"Residential (evening peak, weekend >= weekday)",4
TEST-02090,Kazanchis,2025-11-02 12:00:00,23.5,0.3,53.0,5.6,1,0,0,0.2999999999999982,1,0,0,0,0,0,0,0,0,0,0,3.0,48.0,12,6,1,11,28,305.5,20.0,23.0,22.0,21.666666666666668,5,Business / office (weekday commute),0
TEST-00318,Kolfe,2025-11-02 12:00:00,23.5,0.3,53.0,5.6,1,0,0,0.2999999999999982,1,0,0,0,0,0,0,0,0,0,0,48.0,48.0,12,6,1,11,28,305.5,45.0,48.0,38.0,43.66666666666666,6,"Residential (evening peak, weekend >= weekday)",4
TEST-01551,Lideta,2025-11-02 12:00:00,23.5,0.3,53.0,5.6,1,0,0,0.2999999999999982,1,0,0,0,0,0,0,0,0,0,0,48.0,48.0,12,6,1,11,28,305.5,,50.0,57.0,53.5,7,Mixed hub (commute + busy midday),3
TEST-00861,Megenagna,2025-11-02 12:00:00,23.5,0.3,53.0,5.6,1,0,0,0.2999999999999982,1,0,0,0,0,0,0,0,0,0,0,48.0,48.0,12,6,1,11,28,305.5,51.0,66.0,66.0,61.0,8,Mixed hub (commute + busy midday),3
TEST-01434,Merkato,2025-11-02 12:00:00,23.5,0.3,53.0,5.6,1,0,0,0.2999999999999982,1,0,0,0,0,0,0,0,0,0,0,48.0,48.0,12,6,1,11,28,305.5,44.0,48.0,68.0,53.333333333333336,9,Market (midday peak),2
TEST-03747,Piassa,2025-11-02 12:00:00,23.5,0.3,53.0,5.6,1,0,0,0.2999999999999982,1,0,0,0,0,0,0,0,0,0,0,48.0,48.0,12,6,1,11,28,305.5,29.0,,32.0,30.5,10,Business / office (weekday commute),0
TEST-03133,Sarbet,2025-11-02 12:00:00,23.5,0.3,53.0,5.6,1,0,0,0.2999999999999982,1,0,0,0,0,0,0,0,0,0,0,48.0,48.0,12,6,1,11,28,305.5,35.0,44.0,48.0,42.333333333333336,11,"Residential (evening peak, weekend >= weekday)",4
TEST-00375,Arat Kilo,2025-11-02 13:00:00,24.2,0.0,57.5,5.25,0,1,1,0.2999999999999982,0,0,0,0,0,0,0,0,0,0,0,48.0,48.0,13,6,1,11,28,305.5416666666667,21.0,14.0,21.0,18.666666666666668,0,Business / office (weekday commute),0
TEST-03547,Ayat,2025-11-02 13:00:00,24.2,0.0,57.5,5.25,0,1,1,0.2999999999999982,0,0,0,0,0,0,0,0,0,0,0,48.0,48.0,13,6,1,11,28,305.5416666666667,21.0,46.0,33.0,33.333333333333336,1,"Residential (evening peak, weekend >= weekday)",4
TEST-01831,Bole,2025-11-02 13:00:00,24.2,0.0,57.5,5.25,0,1,1,0.2999999999999982,0,0,0,0,0,0,0,0,0,0,0,48.0,44.0,13,6,1,11,28,305.5416666666667,39.0,51.0,55.0,48.333333333333336,2,"Leisure / nightlife (late, weekend-heavy)",1
TEST-03836,CMC,2025-11-02 13:00:00,24.2,0.0,57.5,5.25,0,1,1,0.2999999999999982,0,0,0,0,0,0,0,0,0,0,0,48.0,48.0,13,6,1,11,28,305.5416666666667,49.0,54.0,50.0,51.0,3,"Residential (evening peak, weekend >= weekday)",4
TEST-02177,Gerji,2025-11-02 13:00:00,24.2,0.0,57.5,5.25,0,1,1,0.2999999999999982,0,0,0,0,0,0,0,0,0,0,0,48.0,48.0,13,6,1,11,28,305.5416666666667,44.0,52.0,47.0,47.66666666666666,4,"Residential (evening peak, weekend >= weekday)",4
TEST-03739,Kazanchis,2025-11-02 13:00:00,24.2,0.0,57.5,5.25,0,1,1,0.2999999999999982,0,1,15207,0,0,0,1,0,0,0,0,2.0,48.0,13,6,1,11,28,305.5416666666667,35.0,40.0,38.0,37.66666666666666,5,Business / office (weekday commute),0
TEST-01645,Kolfe,2025-11-02 13:00:00,24.2,0.0,57.5,5.25,0,1,1,0.2999999999999982,0,0,0,0,0,0,0,0,0,0,0,48.0,48.0,13,6,1,11,28,305.5416666666667,45.0,45.0,39.0,43.0,6,"Residential (evening peak, weekend >= weekday)",4
TEST-03282,Lideta,2025-11-02 13:00:00,24.2,0.0,57.5,5.25,0,1,1,0.2999999999999982,0,0,0,0,0,0,0,0,0,0,0,48.0,48.0,13,6,1,11,28,305.5416666666667,50.0,48.0,38.0,45.333333333333336,7,Mixed hub (commute + busy midday),3
TEST-00168,Megenagna,2025-11-02 13:00:00,24.2,0.0,57.5,5.25,0,1,1,0.2999999999999982,0,0,0,0,0,0,0,0,0,0,0,48.0,48.0,13,6,1,11,28,305.5416666666667,75.0,61.0,57.0,64.33333333333333,8,Mixed hub (commute + busy midday),3
TEST-01919,Merkato,2025-11-02 13:00:00,24.2,0.0,57.5,5.25,0,1,1,0.2999999999999982,0,0,0,0,0,0,0,0,0,0,0,48.0,48.0,13,6,1,11,28,305.5416666666667,64.0,61.0,34.0,53.0,9,Market (midday peak),2
TEST-01690,Piassa,2025-11-02 13:00:00,24.2,0.0,57.5,5.25,0,1,1,0.2999999999999982,0,0,0,0,0,0,0,0,0,0,0,48.0,48.0,13,6,1,11,28,305.5416666666667,23.0,39.0,28.0,30.0,10,Business / office (weekday commute),0
TEST-03021,Sarbet,2025-11-02 13:00:00,24.2,0.0,57.5,5.25,0,1,1,0.2999999999999982,0,0,0,0,0,0,0,0,0,0,0,48.0,48.0,13,6,1,11,28,305.5416666666667,45.0,52.0,35.0,44.0,11,"Residential (evening peak, weekend >= weekday)",4
TEST-00479,Arat Kilo,2025-11-02 14:00:00,24.9,0.0,62.0,4.9,1,0,0,0.2999999999999982,0,0,0,0,0,0,0,0,0,0,0,48.0,48.0,14,6,1,11,28,305.5833333333333,16.0,22.0,17.0,18.33333333333333,0,Business / office (weekday commute),0
TEST-00504,Ayat,2025-11-02 14:00:00,24.9,0.0,62.0,4.9,1,0,0,0.2999999999999982,0,0,0,0,0,0,0,0,0,0,0,48.0,48.0,14,6,1,11,28,305.5833333333333,29.0,30.0,30.0,29.666666666666668,1,"Residential (evening peak, weekend >= weekday)",4
TEST-00057,Bole,2025-11-02 14:00:00,24.9,0.0,62.0,4.9,1,0,0,0.2999999999999982,0,0,0,0,0,0,0,0,0,0,0,48.0,45.0,14,6,1,11,28,305.5833333333333,49.0,39.0,57.0,48.333333333333336,2,"Leisure / nightlife (late, weekend-heavy)",1
TEST-00815,CMC,2025-11-02 14:00:00,24.9,0.0,62.0,4.9,1,0,0,0.2999999999999982,0,0,0,0,0,0,0,0,0,0,0,48.0,48.0,14,6,1,11,28,305.5833333333333,32.0,38.0,41.0,37.0,3,"Residential (evening peak, weekend >= weekday)",4
TEST-00764,Gerji,2025-11-02 14:00:00,24.9,0.0,62.0,4.9,1,0,0,0.2999999999999982,0,0,0,0,0,0,0,0,0,0,0,48.0,48.0,14,6,1,11,28,305.5833333333333,44.0,43.0,44.0,43.66666666666666,4,"Residential (evening peak, weekend >= weekday)",4
TEST-02918,Kazanchis,2025-11-02 14:00:00,24.9,0.0,62.0,4.9,1,0,0,0.2999999999999982,0,1,15207,0,0,0,1,0,0,0,0,1.0,48.0,14,6,1,11,28,305.5833333333333,33.0,35.0,30.0,32.666666666666664,5,Business / office (weekday commute),0
TEST-01838,Kolfe,2025-11-02 14:00:00,24.9,0.0,62.0,4.9,1,0,0,0.2999999999999982,0,0,0,0,0,0,0,0,0,0,0,48.0,48.0,14,6,1,11,28,305.5833333333333,33.0,40.0,50.0,41.0,6,"Residential (evening peak, weekend >= weekday)",4
TEST-03901,Lideta,2025-11-02 14:00:00,24.9,0.0,62.0,4.9,1,0,0,0.2999999999999982,0,0,0,0,0,0,0,0,0,0,0,48.0,48.0,14,6,1,11,28,305.5833333333333,49.0,44.0,37.0,43.333333333333336,7,Mixed hub (commute + busy midday),3
TEST-02250,Megenagna,2025-11-02 14:00:00,24.9,0.0,62.0,4.9,1,0,0,0.2999999999999982,0,0,0,0,0,0,0,0,0,0,0,48.0,48.0,14,6,1,11,28,305.5833333333333,54.0,74.0,64.0,64.0,8,Mixed hub (commute + busy midday),3
TEST-01042,Merkato,2025-11-02 14:00:00,24.9,0.0,62.0,4.9,1,0,0,0.2999999999999982,0,0,0,0,0,0,0,0,0,0,0,48.0,48.0,14,6,1,11,28,305.5833333333333,53.0,47.0,49.0,49.66666666666666,9,Market (midday peak),2
TEST-01304,Piassa,2025-11-02 14:00:00,24.9,0.0,62.0,4.9,1,0,0,0.2999999999999982,0,0,0,0,0,0,0,0,0,0,0,48.0,48.0,14,6,1,11,28,305.5833333333333,23.0,24.0,25.0,24.0,10,Business / office (weekday commute),0
TEST-00045,Sarbet,2025-11-02 14:00:00,24.9,0.0,62.0,4.9,1,0,0,0.2999999999999982,0,0,0,0,0,0,0,0,0,0,0,48.0,48.0,14,6,1,11,28,305.5833333333333,40.0,42.0,42.0,41.333333333333336,11,"Residential (evening peak, weekend >= weekday)",4
TEST-00540,Arat Kilo,2025-11-02 15:00:00,24.3,0.6,69.0,15.0,1,0,0,0.5999999999999982,1,0,0,0,0,0,0,0,0,0,0,48.0,48.0,15,6,1,11,28,305.625,11.0,15.0,18.0,14.666666666666666,0,Business / office (weekday commute),0
TEST-03366,Ayat,2025-11-02 15:00:00,24.3,0.6,69.0,15.0,1,0,0,0.5999999999999982,1,0,0,0,0,0,0,0,0,0,0,48.0,48.0,15,6,1,11,28,305.625,32.0,25.0,27.0,28.0,1,"Residential (evening peak, weekend >= weekday)",4
TEST-00507,Bole,2025-11-02 15:00:00,24.3,0.6,69.0,15.0,1,0,0,0.5999999999999982,1,0,0,0,0,0,0,0,0,0,0,48.0,46.0,15,6,1,11,28,305.625,44.0,61.0,42.0,49.0,2,"Leisure / nightlife (late, weekend-heavy)",1
TEST-02903,CMC,2025-11-02 15:00:00,24.3,0.6,69.0,15.0,1,0,0,0.5999999999999982,1,0,0,0,0,0,0,0,0,0,0,48.0,48.0,15,6,1,11,28,305.625,43.0,48.0,27.0,39.333333333333336,3,"Residential (evening peak, weekend >= weekday)",4
TEST-02711,Gerji,2025-11-02 15:00:00,24.3,0.6,69.0,15.0,1,0,0,0.5999999999999982,1,0,0,0,0,0,0,0,0,0,0,48.0,48.0,15,6,1,11,28,305.625,50.0,33.0,46.0,43.0,4,"Residential (evening peak, weekend >= weekday)",4
TEST-02199,Kazanchis,2025-11-02 15:00:00,24.3,0.6,69.0,15.0,1,0,0,0.5999999999999982,1,1,15207,0,0,0,1,0,0,0,0,0.0,48.0,15,6,1,11,28,305.625,17.0,,,17.0,5,Business / office (weekday commute),0
TEST-00979,Kolfe,2025-11-02 15:00:00,24.3,0.6,69.0,15.0,1,0,0,0.5999999999999982,1,0,0,0,0,0,0,0,0,0,0,48.0,48.0,15,6,1,11,28,305.625,35.0,45.0,45.0,41.66666666666666,6,"Residential (evening peak, weekend >= weekday)",4
TEST-00455,Lideta,2025-11-02 15:00:00,24.3,0.6,69.0,15.0,1,0,0,0.5999999999999982,1,0,0,0,0,0,0,0,0,0,0,48.0,48.0,15,6,1,11,28,305.625,42.0,43.0,51.0,45.333333333333336,7,Mixed hub (commute + busy midday),3
TEST-01138,Megenagna,2025-11-02 15:00:00,24.3,0.6,69.0,15.0,1,0,0,0.5999999999999982,1,0,0,0,0,0,0,0,0,0,0,48.0,48.0,15,6,1,11,28,305.625,47.0,41.0,66.0,51.333333333333336,8,Mixed hub (commute + busy midday),3
TEST-02764,Merkato,2025-11-02 15:00:00,24.3,0.6,69.0,15.0,1,0,0,0.5999999999999982,1,0,0,0,0,0,0,0,0,0,0,48.0,48.0,15,6,1,11,28,305.625,40.0,47.0,35.0,40.66666666666666,9,Market (midday peak),2
TEST-00069,Piassa,2025-11-02 15:00:00,24.3,0.6,69.0,15.0,1,0,0,0.5999999999999982,1,0,0,0,0,0,0,0,0,0,0,48.0,48.0,15,6,1,11,28,305.625,9.0,16.0,20.0,15.0,10,Business / office (weekday commute),0
TEST-02723,Sarbet,2025-11-02 15:00:00,24.3,0.6,69.0,15.0,1,0,0,0.5999999999999982,1,0,0,0,0,0,0,0,0,0,0,48.0,48.0,15,6,1,11,28,305.625,44.0,,37.0,40.5,11,"Residential (evening peak, weekend >= weekday)",4
TEST-02529,Arat Kilo,2025-11-02 16:00:00,24.9,0.0,56.0,6.9,1,0,0,0.5999999999999982,0,0,0,0,0,0,0,0,0,0,0,48.0,48.0,16,6,1,11,28,305.6666666666667,17.0,15.0,27.0,19.666666666666668,0,Business / office (weekday commute),0
TEST-00605,Ayat,2025-11-02 16:00:00,24.9,0.0,56.0,6.9,1,0,0,0.5999999999999982,0,0,0,0,0,0,0,0,0,0,0,48.0,48.0,16,6,1,11,28,305.6666666666667,37.0,52.0,28.0,39.0,1,"Residential (evening peak, weekend >= weekday)",4
TEST-02046,Bole,2025-11-02 16:00:00,24.9,0.0,56.0,6.9,1,0,0,0.5999999999999982,0,0,0,0,0,0,0,0,0,0,0,48.0,47.0,16,6,1,11,28,305.6666666666667,51.0,58.0,41.0,50.0,2,"Leisure / nightlife (late, weekend-heavy)",1
TEST-01230,CMC,2025-11-02 16:00:00,24.9,0.0,56.0,6.9,1,0,0,0.5999999999999982,0,0,0,0,0,0,0,0,0,0,0,48.0,48.0,16,6,1,11,28,305.6666666666667,36.0,36.0,35.0,35.666666666666664,3,"Residential (evening peak, weekend >= weekday)",4
TEST-01523,Gerji,2025-11-02 16:00:00,24.9,0.0,56.0,6.9,1,0,0,0.5999999999999982,0,0,0,0,0,0,0,0,0,0,0,48.0,48.0,16,6,1,11,28,305.6666666666667,,52.0,46.0,49.0,4,"Residential (evening peak, weekend >= weekday)",4
TEST-03502,Kazanchis,2025-11-02 16:00:00,24.9,0.0,56.0,6.9,1,0,0,0.5999999999999982,0,1,15207,0,0,0,1,0,0,0,0,27.0,48.0,16,6,1,11,28,305.6666666666667,28.0,29.0,25.0,27.33333333333333,5,Business / office (weekday commute),0
TEST-01692,Kolfe,2025-11-02 16:00:00,24.9,0.0,56.0,6.9,1,0,0,0.5999999999999982,0,0,0,0,0,0,0,0,0,0,0,48.0,48.0,16,6,1,11,28,305.6666666666667,,35.0,25.0,30.0,6,"Residential (evening peak, weekend >= weekday)",4
TEST-01497,Lideta,2025-11-02 16:00:00,24.9,0.0,56.0,6.9,1,0,0,0.5999999999999982,0,0,0,0,0,0,0,0,0,0,0,48.0,48.0,16,6,1,11,28,305.6666666666667,64.0,32.0,50.0,48.66666666666666,7,Mixed hub (commute + busy midday),3
TEST-01211,Megenagna,2025-11-02 16:00:00,24.9,0.0,56.0,6.9,1,0,0,0.5999999999999982,0,0,0,0,0,0,0,0,0,0,0,48.0,48.0,16,6,1,11,28,305.6666666666667,45.0,44.0,71.0,53.333333333333336,8,Mixed hub (commute + busy midday),3
TEST-00874,Merkato,2025-11-02 16:00:00,24.9,0.0,56.0,6.9,1,0,0,0.5999999999999982,0,0,0,0,0,0,0,0,0,0,0,48.0,48.0,16,6,1,11,28,305.6666666666667,23.0,,37.0,30.0,9,Market (midday peak),2
TEST-02236,Piassa,2025-11-02 16:00:00,24.9,0.0,56.0,6.9,1,0,0,0.5999999999999982,0,0,0,0,0,0,0,0,0,0,0,48.0,48.0,16,6,1,11,28,305.6666666666667,25.0,30.0,25.0,26.666666666666668,10,Business / office (weekday commute),0
TEST-02336,Sarbet,2025-11-02 16:00:00,24.9,0.0,56.0,6.9,1,0,0,0.5999999999999982,0,0,0,0,0,0,0,0,0,0,0,48.0,48.0,16,6,1,11,28,305.6666666666667,49.0,45.0,35.0,43.0,11,"Residential (evening peak, weekend >= weekday)",4
TEST-00072,Arat Kilo,2025-11-02 17:00:00,22.8,13.0,65.0,4.1,1,0,0,13.599999999999998,3,0,0,0,0,0,0,0,0,0,0,48.0,48.0,17,6,1,11,28,305.7083333333333,26.0,27.0,18.0,23.666666666666668,0,Business / office (weekday commute),0
TEST-01122,Ayat,2025-11-02 17:00:00,22.8,13.0,65.0,4.1,1,0,0,13.599999999999998,3,0,0,0,0,0,0,0,0,0,0,48.0,48.0,17,6,1,11,28,305.7083333333333,40.0,34.0,36.0,36.66666666666666,1,"Residential (evening peak, weekend >= weekday)",4
TEST-01778,Bole,2025-11-02 17:00:00,22.8,13.0,65.0,4.1,1,0,0,13.599999999999998,3,0,0,0,0,0,0,0,0,0,0,48.0,48.0,17,6,1,11,28,305.7083333333333,42.0,45.0,52.0,46.333333333333336,2,"Leisure / nightlife (late, weekend-heavy)",1
TEST-01694,CMC,2025-11-02 17:00:00,22.8,13.0,65.0,4.1,1,0,0,13.599999999999998,3,0,0,0,0,0,0,0,0,0,0,48.0,48.0,17,6,1,11,28,305.7083333333333,50.0,52.0,40.0,47.333333333333336,3,"Residential (evening peak, weekend >= weekday)",4
TEST-03444,Gerji,2025-11-02 17:00:00,22.8,13.0,65.0,4.1,1,0,0,13.599999999999998,3,0,0,0,0,0,0,0,0,0,0,48.0,48.0,17,6,1,11,28,305.7083333333333,54.0,45.0,46.0,48.333333333333336,4,"Residential (evening peak, weekend >= weekday)",4
TEST-00384,Kazanchis,2025-11-02 17:00:00,22.8,13.0,65.0,4.1,1,0,0,13.599999999999998,3,1,15207,0,0,0,1,0,0,0,0,26.0,0.0,17,6,1,11,28,305.7083333333333,40.0,43.0,35.0,39.333333333333336,5,Business / office (weekday commute),0
TEST-01335,Kolfe,2025-11-02 17:00:00,22.8,13.0,65.0,4.1,1,0,0,13.599999999999998,3,0,0,0,0,0,0,0,0,0,0,48.0,48.0,17,6,1,11,28,305.7083333333333,34.0,39.0,49.0,40.66666666666666,6,"Residential (evening peak, weekend >= weekday)",4
TEST-03898,Lideta,2025-11-02 17:00:00,22.8,13.0,65.0,4.1,1,0,0,13.599999999999998,3,0,0,0,0,0,0,0,0,0,0,48.0,48.0,17,6,1,11,28,305.7083333333333,,57.0,47.0,52.0,7,Mixed hub (commute + busy midday),3
TEST-00883,Megenagna,2025-11-02 17:00:00,22.8,13.0,65.0,4.1,1,0,0,13.599999999999998,3,0,0,0,0,0,0,0,0,0,0,48.0,48.0,17,6,1,11,28,305.7083333333333,52.0,68.0,82.0,67.33333333333333,8,Mixed hub (commute + busy midday),3
TEST-00633,Merkato,2025-11-02 17:00:00,22.8,13.0,65.0,4.1,1,0,0,13.599999999999998,3,0,0,0,0,0,0,0,0,0,0,48.0,48.0,17,6,1,11,28,305.7083333333333,28.0,27.0,37.0,30.666666666666668,9,Market (midday peak),2
TEST-03726,Piassa,2025-11-02 17:00:00,22.8,13.0,65.0,4.1,1,0,0,13.599999999999998,3,0,0,0,0,0,0,0,0,0,0,48.0,48.0,17,6,1,11,28,305.7083333333333,29.0,27.0,35.0,30.33333333333333,10,Business / office (weekday commute),0
TEST-02314,Sarbet,2025-11-02 17:00:00,22.8,13.0,65.0,4.1,1,0,0,13.599999999999998,3,0,0,0,0,0,0,0,0,0,0,48.0,48.0,17,6,1,11,28,305.7083333333333,45.0,33.0,47.0,41.66666666666666,11,"Residential (evening peak, weekend >= weekday)",4
TEST-03649,Arat Kilo,2025-11-02 18:00:00,23.7,0.0,57.0,12.0,1,0,0,12.999999999999998,0,0,0,0,0,0,0,0,0,0,0,48.0,48.0,18,6,1,11,28,305.75,18.0,24.0,24.0,22.0,0,Business / office (weekday commute),0
TEST-03900,Ayat,2025-11-02 18:00:00,23.7,0.0,57.0,12.0,1,0,0,12.999999999999998,0,0,0,0,0,0,0,0,0,0,0,48.0,48.0,18,6,1,11,28,305.75,37.0,40.0,34.0,37.0,1,"Residential (evening peak, weekend >= weekday)",4
TEST-00442,Bole,2025-11-02 18:00:00,23.7,0.0,57.0,12.0,1,0,0,12.999999999999998,0,0,0,0,0,0,0,0,0,0,0,48.0,48.0,18,6,1,11,28,305.75,78.0,82.0,68.0,76.0,2,"Leisure / nightlife (late, weekend-heavy)",1
TEST-02113,CMC,2025-11-02 18:00:00,23.7,0.0,57.0,12.0,1,0,0,12.999999999999998,0,0,0,0,0,0,0,0,0,0,0,48.0,48.0,18,6,1,11,28,305.75,45.0,35.0,51.0,43.66666666666666,3,"Residential (evening peak, weekend >= weekday)",4
TEST-03383,Gerji,2025-11-02 18:00:00,23.7,0.0,57.0,12.0,1,0,0,12.999999999999998,0,0,0,0,0,0,0,0,0,0,0,48.0,48.0,18,6,1,11,28,305.75,49.0,56.0,48.0,51.0,4,"Residential (evening peak, weekend >= weekday)",4
TEST-03011,Kazanchis,2025-11-02 18:00:00,23.7,0.0,57.0,12.0,1,0,0,12.999999999999998,0,1,15207,0,0,0,1,0,0,0,0,25.0,1.0,18,6,1,11,28,305.75,36.0,46.0,36.0,39.333333333333336,5,Business / office (weekday commute),0
TEST-02324,Kolfe,2025-11-02 18:00:00,23.7,0.0,57.0,12.0,1,0,0,12.999999999999998,0,0,0,0,0,0,0,0,0,0,0,48.0,48.0,18,6,1,11,28,305.75,33.0,36.0,52.0,40.333333333333336,6,"Residential (evening peak, weekend >= weekday)",4
TEST-02519,Lideta,2025-11-02 18:00:00,23.7,0.0,57.0,12.0,1,0,0,12.999999999999998,0,0,0,0,0,0,0,0,0,0,0,48.0,48.0,18,6,1,11,28,305.75,35.0,41.0,51.0,42.333333333333336,7,Mixed hub (commute + busy midday),3
TEST-00208,Megenagna,2025-11-02 18:00:00,23.7,0.0,57.0,12.0,1,0,0,12.999999999999998,0,0,0,0,0,0,0,0,0,0,0,48.0,48.0,18,6,1,11,28,305.75,61.0,49.0,57.0,55.66666666666666,8,Mixed hub (commute + busy midday),3
TEST-02037,Merkato,2025-11-02 18:00:00,23.7,0.0,57.0,12.0,1,0,0,12.999999999999998,0,0,0,0,0,0,0,0,0,0,0,48.0,48.0,18,6,1,11,28,305.75,15.0,31.0,31.0,25.666666666666668,9,Market (midday peak),2
TEST-01673,Piassa,2025-11-02 18:00:00,23.7,0.0,57.0,12.0,1,0,0,12.999999999999998,0,0,0,0,0,0,0,0,0,0,0,48.0,48.0,18,6,1,11,28,305.75,37.0,29.0,32.0,32.666666666666664,10,Business / office (weekday commute),0
TEST-00684,Sarbet,2025-11-02 18:00:00,23.7,0.0,57.0,12.0,1,0,0,12.999999999999998,0,0,0,0,0,0,0,0,0,0,0,48.0,48.0,18,6,1,11,28,305.75,40.0,39.0,43.0,40.66666666666666,11,"Residential (evening peak, weekend >= weekday)",4
TEST-01298,Arat Kilo,2025-11-02 19:00:00,21.0,0.0,60.0,8.6,1,0,0,12.999999999999998,0,0,0,0,0,0,0,0,0,0,0,48.0,48.0,19,6,1,11,28,305.7916666666667,23.0,29.0,15.0,22.33333333333333,0,Business / office (weekday commute),0
TEST-01761,Ayat,2025-11-02 19:00:00,21.0,0.0,60.0,8.6,1,0,0,12.999999999999998,0,0,0,0,0,0,0,0,0,0,0,48.0,48.0,19,6,1,11,28,305.7916666666667,,27.0,41.0,34.0,1,"Residential (evening peak, weekend >= weekday)",4
TEST-00200,Bole,2025-11-02 19:00:00,21.0,0.0,60.0,8.6,1,0,0,12.999999999999998,0,0,0,0,0,0,0,0,0,0,0,48.0,48.0,19,6,1,11,28,305.7916666666667,52.0,66.0,75.0,64.33333333333333,2,"Leisure / nightlife (late, weekend-heavy)",1
TEST-01300,CMC,2025-11-02 19:00:00,21.0,0.0,60.0,8.6,1,0,0,12.999999999999998,0,0,0,0,0,0,0,0,0,0,0,48.0,48.0,19,6,1,11,28,305.7916666666667,41.0,49.0,49.0,46.333333333333336,3,"Residential (evening peak, weekend >= weekday)",4
TEST-03765,Gerji,2025-11-02 19:00:00,21.0,0.0,60.0,8.6,1,0,0,12.999999999999998,0,0,0,0,0,0,0,0,0,0,0,48.0,48.0,19,6,1,11,28,305.7916666666667,23.0,47.0,43.0,37.66666666666666,4,"Residential (evening peak, weekend >= weekday)",4
TEST-01109,Kazanchis,2025-11-02 19:00:00,21.0,0.0,60.0,8.6,1,0,0,12.999999999999998,0,0,0,0,0,0,0,0,0,0,0,24.0,2.0,19,6,1,11,28,305.7916666666667,41.0,41.0,41.0,41.0,5,Business / office (weekday commute),0
TEST-00856,Kolfe,2025-11-02 19:00:00,21.0,0.0,60.0,8.6,1,0,0,12.999999999999998,0,0,0,0,0,0,0,0,0,0,0,48.0,48.0,19,6,1,11,28,305.7916666666667,47.0,34.0,43.0,41.333333333333336,6,"Residential (evening peak, weekend >= weekday)",4
TEST-03089,Lideta,2025-11-02 19:00:00,21.0,0.0,60.0,8.6,1,0,0,12.999999999999998,0,0,0,0,0,0,0,0,0,0,0,48.0,48.0,19,6,1,11,28,305.7916666666667,41.0,28.0,37.0,35.333333333333336,7,Mixed hub (commute + busy midday),3
TEST-03508,Megenagna,2025-11-02 19:00:00,21.0,0.0,60.0,8.6,1,0,0,12.999999999999998,0,0,0,0,0,0,0,0,0,0,0,48.0,48.0,19,6,1,11,28,305.7916666666667,40.0,,46.0,43.0,8,Mixed hub (commute + busy midday),3
TEST-00139,Merkato,2025-11-02 19:00:00,21.0,0.0,60.0,8.6,1,0,0,12.999999999999998,0,0,0,0,0,0,0,0,0,0,0,48.0,48.0,19,6,1,11,28,305.7916666666667,15.0,12.0,14.0,13.666666666666666,9,Market (midday peak),2
TEST-01647,Piassa,2025-11-02 19:00:00,21.0,0.0,60.0,8.6,1,0,0,12.999999999999998,0,0,0,0,0,0,0,0,0,0,0,48.0,48.0,19,6,1,11,28,305.7916666666667,28.0,31.0,26.0,28.33333333333333,10,Business / office (weekday commute),0
TEST-02893,Sarbet,2025-11-02 19:00:00,21.0,0.0,60.0,8.6,1,0,0,12.999999999999998,0,0,0,0,0,0,0,0,0,0,0,48.0,48.0,19,6,1,11,28,305.7916666666667,59.0,34.0,48.0,47.0,11,"Residential (evening peak, weekend >= weekday)",4
TEST-01111,Arat Kilo,2025-11-02 20:00:00,18.9,0.0,62.0,20.8,1,0,0,0.0,0,0,0,0,0,0,0,0,0,0,0,48.0,48.0,20,6,1,11,28,305.8333333333333,22.0,15.0,25.0,20.666666666666668,0,Business / office (weekday commute),0
TEST-01451,Ayat,2025-11-02 20:00:00,18.9,0.0,62.0,20.8,1,0,0,0.0,0,0,0,0,0,0,0,0,0,0,0,48.0,48.0,20,6,1,11,28,305.8333333333333,35.0,24.0,24.0,27.666666666666668,1,"Residential (evening peak, weekend >= weekday)",4
TEST-01236,Bole,2025-11-02 20:00:00,18.9,0.0,62.0,20.8,1,0,0,0.0,0,0,0,0,0,0,0,0,0,0,0,48.0,48.0,20,6,1,11,28,305.8333333333333,84.0,63.0,56.0,67.66666666666667,2,"Leisure / nightlife (late, weekend-heavy)",1
TEST-01427,CMC,2025-11-02 20:00:00,18.9,0.0,62.0,20.8,1,0,0,0.0,0,0,0,0,0,0,0,0,0,0,0,48.0,48.0,20,6,1,11,28,305.8333333333333,44.0,35.0,33.0,37.333333333333336,3,"Residential (evening peak, weekend >= weekday)",4
TEST-01243,Gerji,2025-11-02 20:00:00,18.9,0.0,62.0,20.8,1,0,0,0.0,0,0,0,0,0,0,0,0,0,0,0,48.0,48.0,20,6,1,11,28,305.8333333333333,56.0,44.0,45.0,48.333333333333336,4,"Residential (evening peak, weekend >= weekday)",4
TEST-03973,Kazanchis,2025-11-02 20:00:00,18.9,0.0,62.0,20.8,1,0,0,0.0,0,0,0,0,0,0,0,0,0,0,0,23.0,3.0,20,6,1,11,28,305.8333333333333,31.0,34.0,28.0,31.0,5,Business / office (weekday commute),0
TEST-01631,Kolfe,2025-11-02 20:00:00,18.9,0.0,62.0,20.8,1,0,0,0.0,0,0,0,0,0,0,0,0,0,0,0,48.0,48.0,20,6,1,11,28,305.8333333333333,33.0,30.0,29.0,30.666666666666668,6,"Residential (evening peak, weekend >= weekday)",4
TEST-00084,Lideta,2025-11-02 20:00:00,18.9,0.0,62.0,20.8,1,0,0,0.0,0,0,0,0,0,0,0,0,0,0,0,48.0,48.0,20,6,1,11,28,305.8333333333333,35.0,27.0,16.0,26.0,7,Mixed hub (commute + busy midday),3
TEST-02381,Megenagna,2025-11-02 20:00:00,18.9,0.0,62.0,20.8,1,0,0,0.0,0,0,0,0,0,0,0,0,0,0,0,48.0,48.0,20,6,1,11,28,305.8333333333333,39.0,28.0,46.0,37.66666666666666,8,Mixed hub (commute + busy midday),3
TEST-03150,Merkato,2025-11-02 20:00:00,18.9,0.0,62.0,20.8,1,0,0,0.0,0,0,0,0,0,0,0,0,0,0,0,48.0,48.0,20,6,1,11,28,305.8333333333333,10.0,5.0,5.0,6.666666666666667,9,Market (midday peak),2
TEST-02940,Piassa,2025-11-02 20:00:00,18.9,0.0,62.0,20.8,1,0,0,0.0,0,0,0,0,0,0,0,0,0,0,0,48.0,48.0,20,6,1,11,28,305.8333333333333,29.0,27.0,19.0,25.0,10,Business / office (weekday commute),0
TEST-01527,Sarbet,2025-11-02 20:00:00,18.9,0.0,62.0,20.8,1,0,0,0.0,0,0,0,0,0,0,0,0,0,0,0,48.0,48.0,20,6,1,11,28,305.8333333333333,28.0,34.0,32.0,31.33333333333333,11,"Residential (evening peak, weekend >= weekday)",4
TEST-03640,Arat Kilo,2025-11-02 21:00:00,18.3,0.0,64.0,6.8,1,0,0,0.0,0,0,0,0,0,0,0,0,0,0,0,48.0,48.0,21,6,1,11,28,305.875,12.0,23.0,15.0,16.666666666666668,0,Business / office (weekday commute),0
TEST-03617,Ayat,2025-11-02 21:00:00,18.3,0.0,64.0,6.8,1,0,0,0.0,0,0,0,0,0,0,0,0,0,0,0,48.0,48.0,21,6,1,11,28,305.875,23.0,32.0,19.0,24.666666666666668,1,"Residential (evening peak, weekend >= weekday)",4
TEST-02497,Bole,2025-11-02 21:00:00,18.3,0.0,64.0,6.8,1,0,0,0.0,0,0,0,0,0,0,0,0,0,0,0,48.0,48.0,21,6,1,11,28,305.875,86.0,59.0,71.0,72.0,2,"Leisure / nightlife (late, weekend-heavy)",1
TEST-01479,CMC,2025-11-02 21:00:00,18.3,0.0,64.0,6.8,1,0,0,0.0,0,0,0,0,0,0,0,0,0,0,0,48.0,48.0,21,6,1,11,28,305.875,39.0,35.0,34.0,36.0,3,"Residential (evening peak, weekend >= weekday)",4
TEST-02877,Gerji,2025-11-02 21:00:00,18.3,0.0,64.0,6.8,1,0,0,0.0,0,0,0,0,0,0,0,0,0,0,0,48.0,48.0,21,6,1,11,28,305.875,43.0,22.0,33.0,32.666666666666664,4,"Residential (evening peak, weekend >= weekday)",4
TEST-03424,Kazanchis,2025-11-02 21:00:00,18.3,0.0,64.0,6.8,1,0,0,0.0,0,0,0,0,0,0,0,0,0,0,0,22.0,4.0,21,6,1,11,28,305.875,36.0,23.0,22.0,27.0,5,Business / office (weekday commute),0
TEST-00060,Kolfe,2025-11-02 21:00:00,18.3,0.0,64.0,6.8,1,0,0,0.0,0,0,0,0,0,0,0,0,0,0,0,48.0,48.0,21,6,1,11,28,305.875,28.0,28.0,33.0,29.666666666666668,6,"Residential (evening peak, weekend >= weekday)",4
TEST-00335,Lideta,2025-11-02 21:00:00,18.3,0.0,64.0,6.8,1,0,0,0.0,0,0,0,0,0,0,0,0,0,0,0,48.0,48.0,21,6,1,11,28,305.875,25.0,31.0,29.0,28.33333333333333,7,Mixed hub (commute + busy midday),3
TEST-00121,Megenagna,2025-11-02 21:00:00,18.3,0.0,64.0,6.8,1,0,0,0.0,0,0,0,0,0,0,0,0,0,0,0,48.0,48.0,21,6,1,11,28,305.875,27.0,27.0,25.0,26.33333333333333,8,Mixed hub (commute + busy midday),3
TEST-01045,Merkato,2025-11-02 21:00:00,18.3,0.0,64.0,6.8,1,0,0,0.0,0,0,0,0,0,0,0,0,0,0,0,48.0,48.0,21,6,1,11,28,305.875,9.0,4.0,2.0,5.0,9,Market (midday peak),2
TEST-03237,Piassa,2025-11-02 21:00:00,18.3,0.0,64.0,6.8,1,0,0,0.0,0,0,0,0,0,0,0,0,0,0,0,48.0,48.0,21,6,1,11,28,305.875,30.0,14.0,26.0,23.33333333333333,10,Business / office (weekday commute),0
TEST-00990,Sarbet,2025-11-02 21:00:00,18.3,0.0,64.0,6.8,1,0,0,0.0,0,0,0,0,0,0,0,0,0,0,0,48.0,48.0,21,6,1,11,28,305.875,42.0,38.0,27.0,35.666666666666664,11,"Residential (evening peak, weekend >= weekday)",4
TEST-02493,Arat Kilo,2025-11-02 22:00:00,15.6,0.0,72.0,13.5,1,0,0,0.0,0,0,0,0,0,0,0,0,0,0,0,48.0,48.0,22,6,1,11,28,305.9166666666667,10.0,11.0,9.0,10.0,0,Business / office (weekday commute),0
TEST-01426,Ayat,2025-11-02 22:00:00,15.6,0.0,72.0,13.5,1,0,0,0.0,0,0,0,0,0,0,0,0,0,0,0,48.0,48.0,22,6,1,11,28,305.9166666666667,10.0,13.0,11.0,11.333333333333334,1,"Residential (evening peak, weekend >= weekday)",4
TEST-01399,Bole,2025-11-02 22:00:00,15.6,0.0,72.0,13.5,1,0,0,0.0,0,0,0,0,0,0,0,0,0,0,0,48.0,48.0,22,6,1,11,28,305.9166666666667,68.0,56.0,65.0,63.0,2,"Leisure / nightlife (late, weekend-heavy)",1
TEST-01933,CMC,2025-11-02 22:00:00,15.6,0.0,72.0,13.5,1,0,0,0.0,0,0,0,0,0,0,0,0,0,0,0,48.0,48.0,22,6,1,11,28,305.9166666666667,20.0,20.0,28.0,22.666666666666668,3,"Residential (evening peak, weekend >= weekday)",4
TEST-02351,Gerji,2025-11-02 22:00:00,15.6,0.0,72.0,13.5,1,0,0,0.0,0,0,0,0,0,0,0,0,0,0,0,48.0,48.0,22,6,1,11,28,305.9166666666667,21.0,17.0,14.0,17.333333333333332,4,"Residential (evening peak, weekend >= weekday)",4
TEST-01995,Kazanchis,2025-11-02 22:00:00,15.6,0.0,72.0,13.5,1,0,0,0.0,0,0,0,0,0,0,0,0,0,0,0,21.0,5.0,22,6,1,11,28,305.9166666666667,13.0,13.0,11.0,12.333333333333334,5,Business / office (weekday commute),0
TEST-02566,Kolfe,2025-11-02 22:00:00,15.6,0.0,72.0,13.5,1,0,0,0.0,0,0,0,0,0,0,0,0,0,0,0,48.0,48.0,22,6,1,11,28,305.9166666666667,31.0,27.0,19.0,25.666666666666668,6,"Residential (evening peak, weekend >= weekday)",4
TEST-02089,Lideta,2025-11-02 22:00:00,15.6,0.0,72.0,13.5,1,0,0,0.0,0,0,0,0,0,0,0,0,0,0,0,48.0,48.0,22,6,1,11,28,305.9166666666667,15.0,9.0,22.0,15.333333333333334,7,Mixed hub (commute + busy midday),3
TEST-00688,Megenagna,2025-11-02 22:00:00,15.6,0.0,72.0,13.5,1,0,0,0.0,0,0,0,0,0,0,0,0,0,0,0,48.0,48.0,22,6,1,11,28,305.9166666666667,18.0,26.0,20.0,21.33333333333333,8,Mixed hub (commute + busy midday),3
TEST-01060,Merkato,2025-11-02 22:00:00,15.6,0.0,72.0,13.5,1,0,0,0.0,0,0,0,0,0,0,0,0,0,0,0,48.0,48.0,22,6,1,11,28,305.9166666666667,2.0,4.0,1.0,2.333333333333333,9,Market (midday peak),2
TEST-02290,Piassa,2025-11-02 22:00:00,15.6,0.0,72.0,13.5,1,0,0,0.0,0,0,0,0,0,0,0,0,0,0,0,48.0,48.0,22,6,1,11,28,305.9166666666667,17.0,23.0,14.0,18.0,10,Business / office (weekday commute),0
TEST-02748,Sarbet,2025-11-02 22:00:00,15.6,0.0,72.0,13.5,1,0,0,0.0,0,0,0,0,0,0,0,0,0,0,0,48.0,48.0,22,6,1,11,28,305.9166666666667,14.0,12.0,22.0,16.0,11,"Residential (evening peak, weekend >= weekday)",4
TEST-02932,Arat Kilo,2025-11-02 23:00:00,15.7,0.0,75.0,8.9,1,0,0,0.0,0,0,0,0,0,0,0,0,0,0,0,48.0,48.0,23,6,1,11,28,305.9583333333333,,5.0,11.0,8.0,0,Business / office (weekday commute),0
TEST-02277,Ayat,2025-11-02 23:00:00,15.7,0.0,75.0,8.9,1,0,0,0.0,0,0,0,0,0,0,0,0,0,0,0,48.0,48.0,23,6,1,11,28,305.9583333333333,11.0,8.0,9.0,9.333333333333334,1,"Residential (evening peak, weekend >= weekday)",4
TEST-03008,Bole,2025-11-02 23:00:00,15.7,0.0,75.0,8.9,1,0,0,0.0,0,0,0,0,0,0,0,0,0,0,0,48.0,48.0,23,6,1,11,28,305.9583333333333,63.0,48.0,60.0,57.0,2,"Leisure / nightlife (late, weekend-heavy)",1
TEST-00444,CMC,2025-11-02 23:00:00,15.7,0.0,75.0,8.9,1,0,0,0.0,0,0,0,0,0,0,0,0,0,0,0,48.0,48.0,23,6,1,11,28,305.9583333333333,13.0,10.0,11.0,11.333333333333334,3,"Residential (evening peak, weekend >= weekday)",4
TEST-00697,Gerji,2025-11-02 23:00:00,15.7,0.0,75.0,8.9,1,0,0,0.0,0,0,0,0,0,0,0,0,0,0,0,48.0,48.0,23,6,1,11,28,305.9583333333333,8.0,5.0,15.0,9.333333333333334,4,"Residential (evening peak, weekend >= weekday)",4
TEST-03398,Kazanchis,2025-11-02 23:00:00,15.7,0.0,75.0,8.9,1,0,0,0.0,0,0,0,0,0,0,0,0,0,0,0,20.0,6.0,23,6,1,11,28,305.9583333333333,10.0,13.0,5.0,9.333333333333334,5,Business / office (weekday commute),0
TEST-03132,Kolfe,2025-11-02 23:00:00,15.7,0.0,75.0,8.9,1,0,0,0.0,0,0,0,0,0,0,0,0,0,0,0,48.0,48.0,23,6,1,11,28,305.9583333333333,20.0,11.0,11.0,14.0,6,"Residential (evening peak, weekend >= weekday)",4
TEST-02534,Lideta,2025-11-02 23:00:00,15.7,0.0,75.0,8.9,1,0,0,0.0,0,0,0,0,0,0,0,0,0,0,0,48.0,48.0,23,6,1,11,28,305.9583333333333,11.0,8.0,15.0,11.333333333333334,7,Mixed hub (commute + busy midday),3
TEST-00027,Megenagna,2025-11-02 23:00:00,15.7,0.0,75.0,8.9,1,0,0,0.0,0,0,0,0,0,0,0,0,0,0,0,48.0,48.0,23,6,1,11,28,305.9583333333333,11.0,15.0,9.0,11.666666666666666,8,Mixed hub (commute + busy midday),3
TEST-00372,Merkato,2025-11-02 23:00:00,15.7,0.0,75.0,8.9,1,0,0,0.0,0,0,0,0,0,0,0,0,0,0,0,48.0,48.0,23,6,1,11,28,305.9583333333333,2.0,5.0,2.0,3.0,9,Market (midday peak),2
TEST-00582,Piassa,2025-11-02 23:00:00,15.7,0.0,75.0,8.9,1,0,0,0.0,0,0,0,0,0,0,0,0,0,0,0,48.0,48.0,23,6,1,11,28,305.9583333333333,,8.0,6.0,7.0,10,Business / office (weekday commute),0
TEST-01015,Sarbet,2025-11-02 23:00:00,15.7,0.0,75.0,8.9,1,0,0,0.0,0,0,0,0,0,0,0,0,0,0,0,48.0,48.0,23,6,1,11,28,305.9583333333333,11.0,9.0,13.0,11.0,11,"Residential (evening peak, weekend >= weekday)",4
TEST-02564,Arat Kilo,2025-11-03 00:00:00,13.8,0.0,80.0,15.5,1,0,0,0.0,0,0,0,0,0,0,0,0,0,0,0,48.0,48.0,0,0,0,11,27,306.0,6.0,6.0,4.0,5.333333333333333,0,Business / office (weekday commute),0
TEST-03519,Ayat,2025-11-03 00:00:00,13.8,0.0,80.0,15.5,1,0,0,0.0,0,0,0,0,0,0,0,0,0,0,0,48.0,48.0,0,0,0,11,27,306.0,4.0,7.0,8.0,6.333333333333333,1,"Residential (evening peak, weekend >= weekday)",4
TEST-04028,Bole,2025-11-03 00:00:00,13.8,0.0,80.0,15.5,1,0,0,0.0,0,0,0,0,0,0,0,0,0,0,0,48.0,48.0,0,0,0,11,27,306.0,15.0,13.0,15.0,14.333333333333334,2,"Leisure / nightlife (late, weekend-heavy)",1
TEST-01458,CMC,2025-11-03 00:00:00,13.8,0.0,80.0,15.5,1,0,0,0.0,0,0,0,0,0,0,0,0,0,0,0,48.0,48.0,0,0,0,11,27,306.0,9.0,9.0,9.0,9.0,3,"Residential (evening peak, weekend >= weekday)",4
TEST-02064,Gerji,2025-11-03 00:00:00,13.8,0.0,80.0,15.5,1,0,0,0.0,0,0,0,0,0,0,0,0,0,0,0,48.0,48.0,0,0,0,11,27,306.0,9.0,7.0,8.0,8.0,4,"Residential (evening peak, weekend >= weekday)",4
TEST-03635,Kazanchis,2025-11-03 00:00:00,13.8,0.0,80.0,15.5,1,0,0,0.0,0,0,0,0,0,0,0,0,0,0,0,19.0,7.0,0,0,0,11,27,306.0,4.0,8.0,2.0,4.666666666666667,5,Business / office (weekday commute),0
TEST-01859,Kolfe,2025-11-03 00:00:00,13.8,0.0,80.0,15.5,1,0,0,0.0,0,0,0,0,0,0,0,0,0,0,0,48.0,48.0,0,0,0,11,27,306.0,8.0,5.0,6.0,6.333333333333333,6,"Residential (evening peak, weekend >= weekday)",4
TEST-03092,Lideta,2025-11-03 00:00:00,13.8,0.0,80.0,15.5,1,0,0,0.0,0,0,0,0,0,0,0,0,0,0,0,48.0,48.0,0,0,0,11,27,306.0,1.0,10.0,6.0,5.666666666666667,7,Mixed hub (commute + busy midday),3
TEST-00152,Megenagna,2025-11-03 00:00:00,13.8,0.0,80.0,15.5,1,0,0,0.0,0,0,0,0,0,0,0,0,0,0,0,48.0,48.0,0,0,0,11,27,306.0,14.0,11.0,5.0,10.0,8,Mixed hub (commute + busy midday),3
TEST-01860,Merkato,2025-11-03 00:00:00,13.8,0.0,80.0,15.5,1,0,0,0.0,0,0,0,0,0,0,0,0,0,0,0,48.0,48.0,0,0,0,11,27,306.0,3.0,,2.0,2.5,9,Market (midday peak),2
TEST-01537,Piassa,2025-11-03 00:00:00,13.8,0.0,80.0,15.5,1,0,0,0.0,0,0,0,0,0,0,0,0,0,0,0,48.0,48.0,0,0,0,11,27,306.0,7.0,3.0,4.0,4.666666666666667,10,Business / office (weekday commute),0
TEST-01366,Sarbet,2025-11-03 00:00:00,13.8,0.0,80.0,15.5,1,0,0,0.0,0,0,0,0,0,0,0,0,0,0,0,48.0,48.0,0,0,0,11,27,306.0,9.0,1.0,3.0,4.333333333333333,11,"Residential (evening peak, weekend >= weekday)",4
TEST-03601,Arat Kilo,2025-11-03 01:00:00,11.9,0.0,86.0,7.5,1,0,0,0.0,0,0,0,0,0,0,0,0,0,0,0,48.0,48.0,1,0,0,11,27,306.0416666666667,7.0,1.0,3.0,3.6666666666666665,0,Business / office (weekday commute),0
TEST-00727,Ayat,2025-11-03 01:00:00,11.9,0.0,86.0,7.5,1,0,0,0.0,0,0,0,0,0,0,0,0,0,0,0,48.0,48.0,1,0,0,11,27,306.0416666666667,3.0,2.0,5.0,3.333333333333333,1,"Residential (evening peak, weekend >= weekday)",4
TEST-03890,Bole,2025-11-03 01:00:00,11.9,0.0,86.0,7.5,1,0,0,0.0,0,0,0,0,0,0,0,0,0,0,0,48.0,48.0,1,0,0,11,27,306.0416666666667,15.0,11.0,15.0,13.666666666666666,2,"Leisure / nightlife (late, weekend-heavy)",1
TEST-02458,CMC,2025-11-03 01:00:00,11.9,0.0,86.0,7.5,1,0,0,0.0,0,0,0,0,0,0,0,0,0,0,0,48.0,48.0,1,0,0,11,27,306.0416666666667,6.0,6.0,5.0,5.666666666666667,3,"Residential (evening peak, weekend >= weekday)",4
TEST-00338,Gerji,2025-11-03 01:00:00,11.9,0.0,86.0,7.5,1,0,0,0.0,0,0,0,0,0,0,0,0,0,0,0,48.0,48.0,1,0,0,11,27,306.0416666666667,3.0,4.0,9.0,5.333333333333333,4,"Residential (evening peak, weekend >= weekday)",4
TEST-00896,Kazanchis,2025-11-03 01:00:00,11.9,0.0,86.0,7.5,1,0,0,0.0,0,0,0,0,0,0,0,0,0,0,0,18.0,8.0,1,0,0,11,27,306.0416666666667,11.0,4.0,7.0,7.333333333333333,5,Business / office (weekday commute),0
TEST-02023,Kolfe,2025-11-03 01:00:00,11.9,0.0,86.0,7.5,1,0,0,0.0,0,0,0,0,0,0,0,0,0,0,0,48.0,48.0,1,0,0,11,27,306.0416666666667,4.0,3.0,7.0,4.666666666666667,6,"Residential (evening peak, weekend >= weekday)",4
TEST-03391,Lideta,2025-11-03 01:00:00,11.9,0.0,86.0,7.5,1,0,0,0.0,0,0,0,0,0,0,0,0,0,0,0,48.0,48.0,1,0,0,11,27,306.0416666666667,6.0,6.0,9.0,7.0,7,Mixed hub (commute + busy midday),3
TEST-00052,Megenagna,2025-11-03 01:00:00,11.9,0.0,86.0,7.5,1,0,0,0.0,0,0,0,0,0,0,0,0,0,0,0,48.0,48.0,1,0,0,11,27,306.0416666666667,8.0,2.0,12.0,7.333333333333333,8,Mixed hub (commute + busy midday),3
TEST-00165,Merkato,2025-11-03 01:00:00,11.9,0.0,86.0,7.5,1,0,0,0.0,0,0,0,0,0,0,0,0,0,0,0,48.0,48.0,1,0,0,11,27,306.0416666666667,4.0,3.0,5.0,4.0,9,Market (midday peak),2
TEST-02200,Piassa,2025-11-03 01:00:00,11.9,0.0,86.0,7.5,1,0,0,0.0,0,0,0,0,0,0,0,0,0,0,0,48.0,48.0,1,0,0,11,27,306.0416666666667,7.0,2.0,6.0,5.0,10,Business / office (weekday commute),0
TEST-00654,Sarbet,2025-11-03 01:00:00,11.9,0.0,86.0,7.5,1,0,0,0.0,0,0,0,0,0,0,0,0,0,0,0,48.0,48.0,1,0,0,11,27,306.0416666666667,,6.0,2.0,4.0,11,"Residential (evening peak, weekend >= weekday)",4
TEST-03405,Arat Kilo,2025-11-03 02:00:00,12.9,0.0,78.0,7.0,1,0,0,0.0,0,0,0,0,0,0,0,0,0,0,0,48.0,48.0,2,0,0,11,27,306.0833333333333,2.0,4.0,,3.0,0,Business / office (weekday commute),0
TEST-00698,Ayat,2025-11-03 02:00:00,12.9,0.0,78.0,7.0,1,0,0,0.0,0,0,0,0,0,0,0,0,0,0,0,48.0,48.0,2,0,0,11,27,306.0833333333333,3.0,1.0,8.0,4.0,1,"Residential (evening peak, weekend >= weekday)",4
TEST-03993,Bole,2025-11-03 02:00:00,12.9,0.0,78.0,7.0,1,0,0,0.0,0,0,0,0,0,0,0,0,0,0,0,48.0,48.0,2,0,0,11,27,306.0833333333333,10.0,10.0,14.0,11.333333333333334,2,"Leisure / nightlife (late, weekend-heavy)",1
TEST-00721,CMC,2025-11-03 02:00:00,12.9,0.0,78.0,7.0,1,0,0,0.0,0,0,0,0,0,0,0,0,0,0,0,48.0,48.0,2,0,0,11,27,306.0833333333333,,5.0,6.0,5.5,3,"Residential (evening peak, weekend >= weekday)",4
TEST-00619,Gerji,2025-11-03 02:00:00,12.9,0.0,78.0,7.0,1,0,0,0.0,0,0,0,0,0,0,0,0,0,0,0,48.0,48.0,2,0,0,11,27,306.0833333333333,0.0,3.0,2.0,1.6666666666666667,4,"Residential (evening peak, weekend >= weekday)",4
TEST-00351,Kazanchis,2025-11-03 02:00:00,12.9,0.0,78.0,7.0,1,0,0,0.0,0,0,0,0,0,0,0,0,0,0,0,17.0,9.0,2,0,0,11,27,306.0833333333333,5.0,6.0,,5.5,5,Business / office (weekday commute),0
TEST-00794,Kolfe,2025-11-03 02:00:00,12.9,0.0,78.0,7.0,1,0,0,0.0,0,0,0,0,0,0,0,0,0,0,0,48.0,48.0,2,0,0,11,27,306.0833333333333,2.0,3.0,3.0,2.6666666666666665,6,"Residential (evening peak, weekend >= weekday)",4
TEST-03786,Lideta,2025-11-03 02:00:00,12.9,0.0,78.0,7.0,1,0,0,0.0,0,0,0,0,0,0,0,0,0,0,0,48.0,48.0,2,0,0,11,27,306.0833333333333,4.0,3.0,7.0,4.666666666666667,7,Mixed hub (commute + busy midday),3
TEST-03602,Megenagna,2025-11-03 02:00:00,12.9,0.0,78.0,7.0,1,0,0,0.0,0,0,0,0,0,0,0,0,0,0,0,48.0,48.0,2,0,0,11,27,306.0833333333333,10.0,10.0,13.0,11.0,8,Mixed hub (commute + busy midday),3
TEST-02672,Merkato,2025-11-03 02:00:00,12.9,0.0,78.0,7.0,1,0,0,0.0,0,0,0,0,0,0,0,0,0,0,0,48.0,48.0,2,0,0,11,27,306.0833333333333,5.0,7.0,3.0,5.0,9,Market (midday peak),2
TEST-02356,Piassa,2025-11-03 02:00:00,12.9,0.0,78.0,7.0,1,0,0,0.0,0,0,0,0,0,0,0,0,0,0,0,48.0,48.0,2,0,0,11,27,306.0833333333333,5.0,6.0,5.0,5.333333333333333,10,Business / office (weekday commute),0
TEST-02465,Sarbet,2025-11-03 02:00:00,12.9,0.0,78.0,7.0,1,0,0,0.0,0,0,0,0,0,0,0,0,0,0,0,48.0,48.0,2,0,0,11,27,306.0833333333333,6.0,7.0,4.0,5.666666666666667,11,"Residential (evening peak, weekend >= weekday)",4
TEST-03597,Arat Kilo,2025-11-03 03:00:00,14.3,0.0,85.0,14.8,1,0,0,0.0,0,0,0,0,0,0,0,0,0,0,0,48.0,48.0,3,0,0,11,27,306.125,3.0,4.0,1.0,2.6666666666666665,0,Business / office (weekday commute),0
TEST-00900,Ayat,2025-11-03 03:00:00,14.3,0.0,85.0,14.8,1,0,0,0.0,0,0,0,0,0,0,0,0,0,0,0,48.0,48.0,3,0,0,11,27,306.125,2.0,5.0,7.0,4.666666666666667,1,"Residential (evening peak, weekend >= weekday)",4
TEST-02706,Bole,2025-11-03 03:00:00,14.3,0.0,85.0,14.8,1,0,0,0.0,0,0,0,0,0,0,0,0,0,0,0,48.0,48.0,3,0,0,11,27,306.125,17.0,21.0,7.0,15.0,2,"Leisure / nightlife (late, weekend-heavy)",1
TEST-01926,CMC,2025-11-03 03:00:00,14.3,0.0,85.0,14.8,1,0,0,0.0,0,0,0,0,0,0,0,0,0,0,0,48.0,48.0,3,0,0,11,27,306.125,5.0,3.0,4.0,4.0,3,"Residential (evening peak, weekend >= weekday)",4
TEST-01246,Gerji,2025-11-03 03:00:00,14.3,0.0,85.0,14.8,1,0,0,0.0,0,0,0,0,0,0,0,0,0,0,0,48.0,48.0,3,0,0,11,27,306.125,4.0,3.0,9.0,5.333333333333333,4,"Residential (evening peak, weekend >= weekday)",4
TEST-00842,Kazanchis,2025-11-03 03:00:00,14.3,0.0,85.0,14.8,1,0,0,0.0,0,0,0,0,0,0,0,0,0,0,0,16.0,10.0,3,0,0,11,27,306.125,8.0,7.0,6.0,7.0,5,Business / office (weekday commute),0
TEST-00806,Kolfe,2025-11-03 03:00:00,14.3,0.0,85.0,14.8,1,0,0,0.0,0,0,0,0,0,0,0,0,0,0,0,48.0,48.0,3,0,0,11,27,306.125,8.0,3.0,6.0,5.666666666666667,6,"Residential (evening peak, weekend >= weekday)",4
TEST-03248,Lideta,2025-11-03 03:00:00,14.3,0.0,85.0,14.8,1,0,0,0.0,0,0,0,0,0,0,0,0,0,0,0,48.0,48.0,3,0,0,11,27,306.125,6.0,11.0,3.0,6.666666666666667,7,Mixed hub (commute + busy midday),3
TEST-03094,Megenagna,2025-11-03 03:00:00,14.3,0.0,85.0,14.8,1,0,0,0.0,0,0,0,0,0,0,0,0,0,0,0,48.0,48.0,3,0,0,11,27,306.125,6.0,15.0,8.0,9.666666666666666,8,Mixed hub (commute + busy midday),3
TEST-02926,Merkato,2025-11-03 03:00:00,14.3,0.0,85.0,14.8,1,0,0,0.0,0,0,0,0,0,0,0,0,0,0,0,48.0,48.0,3,0,0,11,27,306.125,8.0,3.0,1.0,4.0,9,Market (midday peak),2
TEST-01297,Piassa,2025-11-03 03:00:00,14.3,0.0,85.0,14.8,1,0,0,0.0,0,0,0,0,0,0,0,0,0,0,0,48.0,48.0,3,0,0,11,27,306.125,3.0,5.0,7.0,5.0,10,Business / office (weekday commute),0
TEST-00493,Sarbet,2025-11-03 03:00:00,14.3,0.0,85.0,14.8,1,0,0,0.0,0,0,0,0,0,0,0,0,0,0,0,48.0,48.0,3,0,0,11,27,306.125,4.0,5.0,4.0,4.333333333333333,11,"Residential (evening peak, weekend >= weekday)",4
TEST-00901,Arat Kilo,2025-11-03 04:00:00,12.4,0.0,84.0,7.4,1,0,0,0.0,0,0,0,0,0,0,0,0,0,0,0,48.0,48.0,4,0,0,11,27,306.1666666666667,3.0,1.0,3.0,2.333333333333333,0,Business / office (weekday commute),0
TEST-01462,Ayat,2025-11-03 04:00:00,12.4,0.0,84.0,7.4,1,0,0,0.0,0,0,0,0,0,0,0,0,0,0,0,48.0,48.0,4,0,0,11,27,306.1666666666667,4.0,2.0,3.0,3.0,1,"Residential (evening peak, weekend >= weekday)",4
TEST-02640,Bole,2025-11-03 04:00:00,12.4,0.0,84.0,7.4,1,0,0,0.0,0,0,0,0,0,0,0,0,0,0,0,48.0,48.0,4,0,0,11,27,306.1666666666667,23.0,28.0,32.0,27.666666666666668,2,"Leisure / nightlife (late, weekend-heavy)",1
TEST-00475,CMC,2025-11-03 04:00:00,12.4,0.0,84.0,7.4,1,0,0,0.0,0,0,0,0,0,0,0,0,0,0,0,48.0,48.0,4,0,0,11,27,306.1666666666667,6.0,7.0,8.0,7.0,3,"Residential (evening peak, weekend >= weekday)",4
TEST-03127,Gerji,2025-11-03 04:00:00,12.4,0.0,84.0,7.4,1,0,0,0.0,0,0,0,0,0,0,0,0,0,0,0,48.0,48.0,4,0,0,11,27,306.1666666666667,12.0,9.0,8.0,9.666666666666666,4,"Residential (evening peak, weekend >= weekday)",4
TEST-03841,Kazanchis,2025-11-03 04:00:00,12.4,0.0,84.0,7.4,1,0,0,0.0,0,0,0,0,0,0,0,0,0,0,0,15.0,11.0,4,0,0,11,27,306.1666666666667,6.0,3.0,7.0,5.333333333333333,5,Business / office (weekday commute),0
TEST-01745,Kolfe,2025-11-03 04:00:00,12.4,0.0,84.0,7.4,1,0,0,0.0,0,0,0,0,0,0,0,0,0,0,0,48.0,48.0,4,0,0,11,27,306.1666666666667,10.0,5.0,11.0,8.666666666666666,6,"Residential (evening peak, weekend >= weekday)",4
TEST-00982,Lideta,2025-11-03 04:00:00,12.4,0.0,84.0,7.4,1,0,0,0.0,0,0,0,0,0,0,0,0,0,0,0,48.0,48.0,4,0,0,11,27,306.1666666666667,11.0,14.0,6.0,10.333333333333334,7,Mixed hub (commute + busy midday),3
TEST-00847,Megenagna,2025-11-03 04:00:00,12.4,0.0,84.0,7.4,1,0,0,0.0,0,0,0,0,0,0,0,0,0,0,0,48.0,48.0,4,0,0,11,27,306.1666666666667,,5.0,11.0,8.0,8,Mixed hub (commute + busy midday),3
TEST-01430,Merkato,2025-11-03 04:00:00,12.4,0.0,84.0,7.4,1,0,0,0.0,0,0,0,0,0,0,0,0,0,0,0,48.0,48.0,4,0,0,11,27,306.1666666666667,11.0,5.0,9.0,8.333333333333334,9,Market (midday peak),2
TEST-03962,Piassa,2025-11-03 04:00:00,12.4,0.0,84.0,7.4,1,0,0,0.0,0,0,0,0,0,0,0,0,0,0,0,48.0,48.0,4,0,0,11,27,306.1666666666667,9.0,5.0,5.0,6.333333333333333,10,Business / office (weekday commute),0
TEST-01669,Sarbet,2025-11-03 04:00:00,12.4,0.0,84.0,7.4,1,0,0,0.0,0,0,0,0,0,0,0,0,0,0,0,48.0,48.0,4,0,0,11,27,306.1666666666667,6.0,7.0,12.0,8.333333333333334,11,"Residential (evening peak, weekend >= weekday)",4
TEST-01611,Arat Kilo,2025-11-03 05:00:00,12.8,0.0,84.0,7.8,1,0,0,0.0,0,0,0,0,0,0,0,0,0,0,0,48.0,48.0,5,0,0,11,27,306.2083333333333,2.0,6.0,8.0,5.333333333333333,0,Business / office (weekday commute),0
TEST-03776,Ayat,2025-11-03 05:00:00,12.8,0.0,84.0,7.8,1,0,0,0.0,0,0,0,0,0,0,0,0,0,0,0,48.0,48.0,5,0,0,11,27,306.2083333333333,13.0,18.0,19.0,16.666666666666668,1,"Residential (evening peak, weekend >= weekday)",4
TEST-03406,Bole,2025-11-03 05:00:00,12.8,0.0,84.0,7.8,1,0,0,0.0,0,0,0,0,0,0,0,0,0,0,0,48.0,48.0,5,0,0,11,27,306.2083333333333,52.0,51.0,67.0,56.66666666666666,2,"Leisure / nightlife (late, weekend-heavy)",1
TEST-02525,CMC,2025-11-03 05:00:00,12.8,0.0,84.0,7.8,1,0,0,0.0,0,0,0,0,0,0,0,0,0,0,0,48.0,48.0,5,0,0,11,27,306.2083333333333,27.0,24.0,29.0,26.666666666666668,3,"Residential (evening peak, weekend >= weekday)",4
TEST-01618,Gerji,2025-11-03 05:00:00,12.8,0.0,84.0,7.8,1,0,0,0.0,0,0,0,0,0,0,0,0,0,0,0,48.0,48.0,5,0,0,11,27,306.2083333333333,22.0,25.0,21.0,22.666666666666668,4,"Residential (evening peak, weekend >= weekday)",4
TEST-00413,Kazanchis,2025-11-03 05:00:00,12.8,0.0,84.0,7.8,1,0,0,0.0,0,0,0,0,0,0,0,0,0,0,0,14.0,12.0,5,0,0,11,27,306.2083333333333,11.0,12.0,13.0,12.0,5,Business / office (weekday commute),0
TEST-03280,Kolfe,2025-11-03 05:00:00,12.8,0.0,84.0,7.8,1,0,0,0.0,0,0,0,0,0,0,0,0,0,0,0,48.0,48.0,5,0,0,11,27,306.2083333333333,24.0,19.0,25.0,22.666666666666668,6,"Residential (evening peak, weekend >= weekday)",4
TEST-02148,Lideta,2025-11-03 05:00:00,12.8,0.0,84.0,7.8,1,0,0,0.0,0,0,0,0,0,0,0,0,0,0,0,48.0,48.0,5,0,0,11,27,306.2083333333333,18.0,9.0,16.0,14.333333333333334,7,Mixed hub (commute + busy midday),3
TEST-01058,Megenagna,2025-11-03 05:00:00,12.8,0.0,84.0,7.8,1,0,0,0.0,0,0,0,0,0,0,0,0,0,0,0,48.0,48.0,5,0,0,11,27,306.2083333333333,25.0,32.0,25.0,27.33333333333333,8,Mixed hub (commute + busy midday),3
TEST-02331,Merkato,2025-11-03 05:00:00,12.8,0.0,84.0,7.8,1,0,0,0.0,0,0,0,0,0,0,0,0,0,0,0,48.0,48.0,5,0,0,11,27,306.2083333333333,22.0,25.0,27.0,24.666666666666668,9,Market (midday peak),2
TEST-03699,Piassa,2025-11-03 05:00:00,12.8,0.0,84.0,7.8,1,0,0,0.0,0,0,0,0,0,0,0,0,0,0,0,48.0,48.0,5,0,0,11,27,306.2083333333333,6.0,11.0,6.0,7.666666666666667,10,Business / office (weekday commute),0
TEST-00416,Sarbet,2025-11-03 05:00:00,12.8,0.0,84.0,7.8,1,0,0,0.0,0,0,0,0,0,0,0,0,0,0,0,48.0,48.0,5,0,0,11,27,306.2083333333333,18.0,18.0,25.0,20.33333333333333,11,"Residential (evening peak, weekend >= weekday)",4
TEST-02852,Arat Kilo,2025-11-03 06:00:00,14.2,0.0,82.0,13.7,1,0,0,0.0,0,0,0,0,0,0,0,0,0,0,0,48.0,48.0,6,0,0,11,27,306.25,16.0,6.0,21.0,14.333333333333334,0,Business / office (weekday commute),0
TEST-02059,Ayat,2025-11-03 06:00:00,14.2,0.0,82.0,13.7,1,0,0,0.0,0,0,0,0,0,0,0,0,0,0,0,48.0,48.0,6,0,0,11,27,306.25,22.0,30.0,42.0,31.33333333333333,1,"Residential (evening peak, weekend >= weekday)",4
TEST-01259,Bole,2025-11-03 06:00:00,14.2,0.0,82.0,13.7,1,0,0,0.0,0,0,0,0,0,0,0,0,0,0,0,48.0,48.0,6,0,0,11,27,306.25,84.0,64.0,70.0,72.66666666666667,2,"Leisure / nightlife (late, weekend-heavy)",1
TEST-02001,CMC,2025-11-03 06:00:00,14.2,0.0,82.0,13.7,1,0,0,0.0,0,0,0,0,0,0,0,0,0,0,0,48.0,48.0,6,0,0,11,27,306.25,55.0,47.0,46.0,49.333333333333336,3,"Residential (evening peak, weekend >= weekday)",4
TEST-02363,Gerji,2025-11-03 06:00:00,14.2,0.0,82.0,13.7,1,0,0,0.0,0,0,0,0,0,0,0,0,0,0,0,48.0,48.0,6,0,0,11,27,306.25,34.0,30.0,47.0,37.0,4,"Residential (evening peak, weekend >= weekday)",4
TEST-03870,Kazanchis,2025-11-03 06:00:00,14.2,0.0,82.0,13.7,1,0,0,0.0,0,0,0,0,0,0,0,0,0,0,0,13.0,13.0,6,0,0,11,27,306.25,31.0,17.0,,24.0,5,Business / office (weekday commute),0
TEST-03629,Kolfe,2025-11-03 06:00:00,14.2,0.0,82.0,13.7,1,0,0,0.0,0,0,0,0,0,0,0,0,0,0,0,48.0,48.0,6,0,0,11,27,306.25,42.0,43.0,36.0,40.333333333333336,6,"Residential (evening peak, weekend >= weekday)",4
TEST-01568,Lideta,2025-11-03 06:00:00,14.2,0.0,82.0,13.7,1,0,0,0.0,0,0,0,0,0,0,0,0,0,0,0,48.0,48.0,6,0,0,11,27,306.25,32.0,49.0,43.0,41.333333333333336,7,Mixed hub (commute + busy midday),3
TEST-03388,Megenagna,2025-11-03 06:00:00,14.2,0.0,82.0,13.7,1,0,0,0.0,0,0,0,0,0,0,0,0,0,0,0,48.0,48.0,6,0,0,11,27,306.25,53.0,33.0,56.0,47.333333333333336,8,Mixed hub (commute + busy midday),3
TEST-01535,Merkato,2025-11-03 06:00:00,14.2,0.0,82.0,13.7,1,0,0,0.0,0,0,0,0,0,0,0,0,0,0,0,48.0,48.0,6,0,0,11,27,306.25,69.0,32.0,48.0,49.66666666666666,9,Market (midday peak),2
TEST-02361,Piassa,2025-11-03 06:00:00,14.2,0.0,82.0,13.7,1,0,0,0.0,0,0,0,0,0,0,0,0,0,0,0,48.0,48.0,6,0,0,11,27,306.25,13.0,18.0,27.0,19.33333333333333,10,Business / office (weekday commute),0
TEST-02796,Sarbet,2025-11-03 06:00:00,14.2,0.0,82.0,13.7,1,0,0,0.0,0,0,0,0,0,0,0,0,0,0,0,48.0,48.0,6,0,0,11,27,306.25,34.0,39.0,43.0,38.66666666666666,11,"Residential (evening peak, weekend >= weekday)",4
TEST-01610,Arat Kilo,2025-11-03 07:00:00,15.2,0.0,65.0,10.3,1,0,0,0.0,0,0,0,0,0,0,0,0,0,0,0,48.0,48.0,7,0,0,11,27,306.2916666666667,51.0,43.0,44.0,46.0,0,Business / office (weekday commute),0
TEST-02371,Ayat,2025-11-03 07:00:00,15.2,0.0,65.0,10.3,1,0,0,0.0,0,0,0,0,0,0,0,0,0,0,0,48.0,48.0,7,0,0,11,27,306.2916666666667,46.0,36.0,41.0,41.0,1,"Residential (evening peak, weekend >= weekday)",4
TEST-02087,Bole,2025-11-03 07:00:00,15.2,0.0,65.0,10.3,1,0,0,0.0,0,0,0,0,0,0,0,0,0,0,0,48.0,48.0,7,0,0,11,27,306.2916666666667,68.0,43.0,77.0,62.66666666666666,2,"Leisure / nightlife (late, weekend-heavy)",1
TEST-00362,CMC,2025-11-03 07:00:00,15.2,0.0,65.0,10.3,1,0,0,0.0,0,0,0,0,0,0,0,0,0,0,0,48.0,48.0,7,0,0,11,27,306.2916666666667,76.0,80.0,55.0,70.33333333333333,3,"Residential (evening peak, weekend >= weekday)",4
TEST-01258,Gerji,2025-11-03 07:00:00,15.2,0.0,65.0,10.3,1,0,0,0.0,0,0,0,0,0,0,0,0,0,0,0,48.0,48.0,7,0,0,11,27,306.2916666666667,42.0,83.0,75.0,66.66666666666667,4,"Residential (evening peak, weekend >= weekday)",4
TEST-02306,Kazanchis,2025-11-03 07:00:00,15.2,0.0,65.0,10.3,1,0,0,0.0,0,0,0,0,0,0,0,0,0,0,0,12.0,14.0,7,0,0,11,27,306.2916666666667,75.0,57.0,95.0,75.66666666666667,5,Business / office (weekday commute),0
TEST-00692,Kolfe,2025-11-03 07:00:00,15.2,0.0,65.0,10.3,1,0,0,0.0,0,0,0,0,0,0,0,0,0,0,0,48.0,48.0,7,0,0,11,27,306.2916666666667,61.0,72.0,64.0,65.66666666666667,6,"Residential (evening peak, weekend >= weekday)",4
TEST-03542,Lideta,2025-11-03 07:00:00,15.2,0.0,65.0,10.3,1,0,0,0.0,0,0,0,0,0,0,0,0,0,0,0,48.0,48.0,7,0,0,11,27,306.2916666666667,63.0,72.0,52.0,62.333333333333336,7,Mixed hub (commute + busy midday),3
TEST-02071,Megenagna,2025-11-03 07:00:00,15.2,0.0,65.0,10.3,1,0,0,0.0,0,0,0,0,0,0,0,0,0,0,0,48.0,48.0,7,0,0,11,27,306.2916666666667,104.0,81.0,78.0,87.66666666666667,8,Mixed hub (commute + busy midday),3
TEST-00938,Merkato,2025-11-03 07:00:00,15.2,0.0,65.0,10.3,1,0,0,0.0,0,0,0,0,0,0,0,0,0,0,0,48.0,48.0,7,0,0,11,27,306.2916666666667,90.0,85.0,78.0,84.33333333333333,9,Market (midday peak),2
TEST-00993,Piassa,2025-11-03 07:00:00,15.2,0.0,65.0,10.3,1,0,0,0.0,0,0,0,0,0,0,0,0,0,0,0,48.0,48.0,7,0,0,11,27,306.2916666666667,58.0,39.0,57.0,51.333333333333336,10,Business / office (weekday commute),0
TEST-01765,Sarbet,2025-11-03 07:00:00,15.2,0.0,65.0,10.3,1,0,0,0.0,0,0,0,0,0,0,0,0,0,0,0,48.0,48.0,7,0,0,11,27,306.2916666666667,46.0,61.0,50.0,52.333333333333336,11,"Residential (evening peak, weekend >= weekday)",4
TEST-00556,Arat Kilo,2025-11-03 08:00:00,16.0,0.0,69.0,10.7,1,0,0,0.0,0,0,0,0,0,0,0,0,0,0,0,48.0,48.0,8,0,0,11,27,306.3333333333333,49.0,66.0,45.0,53.333333333333336,0,Business / office (weekday commute),0
TEST-01601,Ayat,2025-11-03 08:00:00,16.0,0.0,69.0,10.7,1,0,0,0.0,0,0,0,0,0,0,0,0,0,0,0,48.0,48.0,8,0,0,11,27,306.3333333333333,29.0,,31.0,30.0,1,"Residential (evening peak, weekend >= weekday)",4
TEST-03718,Bole,2025-11-03 08:00:00,16.0,0.0,69.0,10.7,1,0,0,0.0,0,0,0,0,0,0,0,0,0,0,0,48.0,48.0,8,0,0,11,27,306.3333333333333,44.0,59.0,82.0,61.66666666666666,2,"Leisure / nightlife (late, weekend-heavy)",1
TEST-01819,CMC,2025-11-03 08:00:00,16.0,0.0,69.0,10.7,1,0,0,0.0,0,0,0,0,0,0,0,0,0,0,0,48.0,48.0,8,0,0,11,27,306.3333333333333,47.0,71.0,58.0,58.66666666666666,3,"Residential (evening peak, weekend >= weekday)",4
TEST-01916,Gerji,2025-11-03 08:00:00,16.0,0.0,69.0,10.7,1,0,0,0.0,0,0,0,0,0,0,0,0,0,0,0,48.0,48.0,8,0,0,11,27,306.3333333333333,57.0,41.0,53.0,50.333333333333336,4,"Residential (evening peak, weekend >= weekday)",4
TEST-02303,Kazanchis,2025-11-03 08:00:00,16.0,0.0,69.0,10.7,1,0,0,0.0,0,0,0,0,0,0,0,0,0,0,0,11.0,15.0,8,0,0,11,27,306.3333333333333,111.0,84.0,61.0,85.33333333333333,5,Business / office (weekday commute),0
TEST-03697,Kolfe,2025-11-03 08:00:00,16.0,0.0,69.0,10.7,1,0,0,0.0,0,0,0,0,0,0,0,0,0,0,0,48.0,48.0,8,0,0,11,27,306.3333333333333,55.0,47.0,43.0,48.333333333333336,6,"Residential (evening peak, weekend >= weekday)",4
TEST-00967,Lideta,2025-11-03 08:00:00,16.0,0.0,69.0,10.7,1,0,0,0.0,0,0,0,0,0,0,0,0,0,0,0,48.0,48.0,8,0,0,11,27,306.3333333333333,88.0,76.0,64.0,76.0,7,Mixed hub (commute + busy midday),3
TEST-02771,Megenagna,2025-11-03 08:00:00,16.0,0.0,69.0,10.7,1,0,0,0.0,0,0,0,0,0,0,0,0,0,0,0,48.0,48.0,8,0,0,11,27,306.3333333333333,81.0,95.0,58.0,78.0,8,Mixed hub (commute + busy midday),3
TEST-02930,Merkato,2025-11-03 08:00:00,16.0,0.0,69.0,10.7,1,0,0,0.0,0,0,0,0,0,0,0,0,0,0,0,48.0,48.0,8,0,0,11,27,306.3333333333333,94.0,65.0,80.0,79.66666666666667,9,Market (midday peak),2
TEST-00518,Piassa,2025-11-03 08:00:00,16.0,0.0,69.0,10.7,1,0,0,0.0,0,0,0,0,0,0,0,0,0,0,0,48.0,48.0,8,0,0,11,27,306.3333333333333,64.0,95.0,74.0,77.66666666666667,10,Business / office (weekday commute),0
TEST-01421,Sarbet,2025-11-03 08:00:00,16.0,0.0,69.0,10.7,1,0,0,0.0,0,0,0,0,0,0,0,0,0,0,0,48.0,48.0,8,0,0,11,27,306.3333333333333,49.0,47.0,53.0,49.66666666666666,11,"Residential (evening peak, weekend >= weekday)",4
TEST-01541,Arat Kilo,2025-11-03 09:00:00,19.9,0.0,71.0,12.8,1,0,0,0.0,0,0,0,0,0,0,0,0,0,0,0,48.0,48.0,9,0,0,11,27,306.375,36.0,29.0,38.0,34.333333333333336,0,Business / office (weekday commute),0
TEST-01957,Ayat,2025-11-03 09:00:00,19.9,0.0,71.0,12.8,1,0,0,0.0,0,0,0,0,0,0,0,0,0,0,0,48.0,48.0,9,0,0,11,27,306.375,28.0,20.0,28.0,25.33333333333333,1,"Residential (evening peak, weekend >= weekday)",4
TEST-03329,Bole,2025-11-03 09:00:00,19.9,0.0,71.0,12.8,1,0,0,0.0,0,0,0,0,0,0,0,0,0,0,0,48.0,48.0,9,0,0,11,27,306.375,40.0,61.0,47.0,49.333333333333336,2,"Leisure / nightlife (late, weekend-heavy)",1
TEST-00162,CMC,2025-11-03 09:00:00,19.9,0.0,71.0,12.8,1,0,0,0.0,0,0,0,0,0,0,0,0,0,0,0,48.0,48.0,9,0,0,11,27,306.375,34.0,24.0,28.0,28.666666666666668,3,"Residential (evening peak, weekend >= weekday)",4
TEST-02093,Gerji,2025-11-03 09:00:00,19.9,0.0,71.0,12.8,1,0,0,0.0,0,0,0,0,0,0,0,0,0,0,0,48.0,48.0,9,0,0,11,27,306.375,24.0,46.0,51.0,40.333333333333336,4,"Residential (evening peak, weekend >= weekday)",4
TEST-00197,Kazanchis,2025-11-03 09:00:00,19.9,0.0,71.0,12.8,1,0,0,0.0,0,0,0,0,0,0,0,0,0,0,0,10.0,16.0,9,0,0,11,27,306.375,45.0,73.0,63.0,60.333333333333336,5,Business / office (weekday commute),0
TEST-03014,Kolfe,2025-11-03 09:00:00,19.9,0.0,71.0,12.8,1,0,0,0.0,0,0,0,0,0,0,0,0,0,0,0,48.0,48.0,9,0,0,11,27,306.375,30.0,33.0,34.0,32.333333333333336,6,"Residential (evening peak, weekend >= weekday)",4
TEST-03477,Lideta,2025-11-03 09:00:00,19.9,0.0,71.0,12.8,1,0,0,0.0,0,0,0,0,0,0,0,0,0,0,0,48.0,48.0,9,0,0,11,27,306.375,60.0,35.0,55.0,50.0,7,Mixed hub (commute + busy midday),3
TEST-02924,Megenagna,2025-11-03 09:00:00,19.9,0.0,71.0,12.8,1,0,0,0.0,0,0,0,0,0,0,0,0,0,0,0,48.0,48.0,9,0,0,11,27,306.375,52.0,61.0,74.0,62.333333333333336,8,Mixed hub (commute + busy midday),3
TEST-02993,Merkato,2025-11-03 09:00:00,19.9,0.0,71.0,12.8,1,0,0,0.0,0,0,0,0,0,0,0,0,0,0,0,48.0,48.0,9,0,0,11,27,306.375,85.0,87.0,70.0,80.66666666666667,9,Market (midday peak),2
TEST-01112,Piassa,2025-11-03 09:00:00,19.9,0.0,71.0,12.8,1,0,0,0.0,0,0,0,0,0,0,0,0,0,0,0,48.0,48.0,9,0,0,11,27,306.375,78.0,54.0,60.0,64.0,10,Business / office (weekday commute),0
TEST-01398,Sarbet,2025-11-03 09:00:00,19.9,0.0,71.0,12.8,1,0,0,0.0,0,0,0,0,0,0,0,0,0,0,0,48.0,48.0,9,0,0,11,27,306.375,20.0,33.0,19.0,24.0,11,"Residential (evening peak, weekend >= weekday)",4
TEST-02880,Arat Kilo,2025-11-03 10:00:00,18.0,0.0,64.0,17.1,1,0,0,0.0,0,0,0,0,0,0,0,0,0,0,0,48.0,48.0,10,0,0,11,27,306.4166666666667,25.0,21.0,20.0,22.0,0,Business / office (weekday commute),0
TEST-01405,Ayat,2025-11-03 10:00:00,18.0,0.0,64.0,17.1,1,0,0,0.0,0,0,0,0,0,0,0,0,0,0,0,48.0,48.0,10,0,0,11,27,306.4166666666667,22.0,11.0,14.0,15.666666666666666,1,"Residential (evening peak, weekend >= weekday)",4
TEST-00267,Bole,2025-11-03 10:00:00,18.0,0.0,64.0,17.1,1,0,0,0.0,0,0,0,0,0,0,0,0,0,0,0,48.0,48.0,10,0,0,11,27,306.4166666666667,31.0,30.0,40.0,33.666666666666664,2,"Leisure / nightlife (late, weekend-heavy)",1
TEST-01384,CMC,2025-11-03 10:00:00,18.0,0.0,64.0,17.1,1,0,0,0.0,0,0,0,0,0,0,0,0,0,0,0,48.0,48.0,10,0,0,11,27,306.4166666666667,25.0,19.0,25.0,23.0,3,"Residential (evening peak, weekend >= weekday)",4
TEST-03202,Gerji,2025-11-03 10:00:00,18.0,0.0,64.0,17.1,1,0,0,0.0,0,0,0,0,0,0,0,0,0,0,0,48.0,48.0,10,0,0,11,27,306.4166666666667,13.0,24.0,24.0,20.33333333333333,4,"Residential (evening peak, weekend >= weekday)",4
TEST-01522,Kazanchis,2025-11-03 10:00:00,18.0,0.0,64.0,17.1,1,0,0,0.0,0,0,0,0,0,0,0,0,0,0,0,9.0,17.0,10,0,0,11,27,306.4166666666667,31.0,31.0,29.0,30.33333333333333,5,Business / office (weekday commute),0
TEST-02066,Kolfe,2025-11-03 10:00:00,18.0,0.0,64.0,17.1,1,0,0,0.0,0,0,0,0,0,0,0,0,0,0,0,48.0,48.0,10,0,0,11,27,306.4166666666667,26.0,11.0,16.0,17.666666666666668,6,"Residential (evening peak, weekend >= weekday)",4
TEST-02806,Lideta,2025-11-03 10:00:00,18.0,0.0,64.0,17.1,1,0,0,0.0,0,0,0,0,0,0,0,0,0,0,0,48.0,48.0,10,0,0,11,27,306.4166666666667,44.0,32.0,42.0,39.333333333333336,7,Mixed hub (commute + busy midday),3
TEST-01784,Megenagna,2025-11-03 10:00:00,18.0,0.0,64.0,17.1,1,0,0,0.0,0,0,0,0,0,0,0,0,0,0,0,48.0,48.0,10,0,0,11,27,306.4166666666667,71.0,62.0,44.0,59.0,8,Mixed hub (commute + busy midday),3
TEST-00498,Merkato,2025-11-03 10:00:00,18.0,0.0,64.0,17.1,1,0,0,0.0,0,0,0,0,0,0,0,0,0,0,0,48.0,48.0,10,0,0,11,27,306.4166666666667,106.0,102.0,97.0,101.66666666666669,9,Market (midday peak),2
TEST-00694,Piassa,2025-11-03 10:00:00,18.0,0.0,64.0,17.1,1,0,0,0.0,0,0,0,0,0,0,0,0,0,0,0,48.0,48.0,10,0,0,11,27,306.4166666666667,35.0,18.0,23.0,25.33333333333333,10,Business / office (weekday commute),0
TEST-00143,Sarbet,2025-11-03 10:00:00,18.0,0.0,64.0,17.1,1,0,0,0.0,0,0,0,0,0,0,0,0,0,0,0,48.0,48.0,10,0,0,11,27,306.4166666666667,15.0,,26.0,20.5,11,"Residential (evening peak, weekend >= weekday)",4
TEST-03924,Arat Kilo,2025-11-03 11:00:00,19.9,0.0,67.0,12.1,1,0,0,0.0,0,0,0,0,0,0,0,0,0,0,0,48.0,48.0,11,0,0,11,27,306.4583333333333,14.0,12.0,12.0,12.666666666666666,0,Business / office (weekday commute),0
TEST-02474,Ayat,2025-11-03 11:00:00,19.9,0.0,67.0,12.1,1,0,0,0.0,0,0,0,0,0,0,0,0,0,0,0,48.0,48.0,11,0,0,11,27,306.4583333333333,13.0,25.0,22.0,20.0,1,"Residential (evening peak, weekend >= weekday)",4
TEST-03546,Bole,2025-11-03 11:00:00,19.9,0.0,67.0,12.1,1,0,0,0.0,0,0,0,0,0,0,0,0,0,0,0,48.0,48.0,11,0,0,11,27,306.4583333333333,35.0,44.0,30.0,36.333333333333336,2,"Leisure / nightlife (late, weekend-heavy)",1
TEST-00383,CMC,2025-11-03 11:00:00,19.9,0.0,67.0,12.1,1,0,0,0.0,0,0,0,0,0,0,0,0,0,0,0,48.0,48.0,11,0,0,11,27,306.4583333333333,26.0,15.0,21.0,20.666666666666668,3,"Residential (evening peak, weekend >= weekday)",4
TEST-01133,Gerji,2025-11-03 11:00:00,19.9,0.0,67.0,12.1,1,0,0,0.0,0,0,0,0,0,0,0,0,0,0,0,48.0,48.0,11,0,0,11,27,306.4583333333333,26.0,22.0,22.0,23.33333333333333,4,"Residential (evening peak, weekend >= weekday)",4
TEST-02439,Kazanchis,2025-11-03 11:00:00,19.9,0.0,67.0,12.1,1,0,0,0.0,0,0,0,0,0,0,0,0,0,0,0,8.0,18.0,11,0,0,11,27,306.4583333333333,26.0,20.0,26.0,24.0,5,Business / office (weekday commute),0
TEST-01963,Kolfe,2025-11-03 11:00:00,19.9,0.0,67.0,12.1,1,0,0,0.0,0,0,0,0,0,0,0,0,0,0,0,48.0,48.0,11,0,0,11,27,306.4583333333333,21.0,15.0,12.0,16.0,6,"Residential (evening peak, weekend >= weekday)",4
TEST-00683,Lideta,2025-11-03 11:00:00,19.9,0.0,67.0,12.1,1,0,0,0.0,0,0,0,0,0,0,0,0,0,0,0,48.0,48.0,11,0,0,11,27,306.4583333333333,44.0,46.0,35.0,41.66666666666666,7,Mixed hub (commute + busy midday),3
TEST-02343,Megenagna,2025-11-03 11:00:00,19.9,0.0,67.0,12.1,1,0,0,0.0,0,0,0,0,0,0,0,0,0,0,0,48.0,48.0,11,0,0,11,27,306.4583333333333,64.0,44.0,42.0,50.0,8,Mixed hub (commute + busy midday),3
TEST-00163,Merkato,2025-11-03 11:00:00,19.9,0.0,67.0,12.1,1,0,0,0.0,0,0,0,0,0,0,0,0,0,0,0,48.0,48.0,11,0,0,11,27,306.4583333333333,95.0,81.0,92.0,89.33333333333333,9,Market (midday peak),2
TEST-00034,Piassa,2025-11-03 11:00:00,19.9,0.0,67.0,12.1,1,0,0,0.0,0,0,0,0,0,0,0,0,0,0,0,48.0,48.0,11,0,0,11,27,306.4583333333333,20.0,25.0,26.0,23.666666666666668,10,Business / office (weekday commute),0
TEST-00276,Sarbet,2025-11-03 11:00:00,19.9,0.0,67.0,12.1,1,0,0,0.0,0,0,0,0,0,0,0,0,0,0,0,48.0,48.0,11,0,0,11,27,306.4583333333333,21.0,11.0,22.0,18.0,11,"Residential (evening peak, weekend >= weekday)",4
TEST-01874,Arat Kilo,2025-11-03 12:00:00,22.8,0.0,58.0,7.2,1,0,0,0.0,0,0,0,0,0,0,0,0,0,0,0,48.0,48.0,12,0,0,11,27,306.5,25.0,23.0,42.0,30.0,0,Business / office (weekday commute),0
TEST-01118,Ayat,2025-11-03 12:00:00,22.8,0.0,58.0,7.2,1,0,0,0.0,0,0,0,0,0,0,0,0,0,0,0,48.0,48.0,12,0,0,11,27,306.5,11.0,19.0,21.0,17.0,1,"Residential (evening peak, weekend >= weekday)",4
TEST-01925,Bole,2025-11-03 12:00:00,22.8,0.0,58.0,7.2,1,0,0,0.0,0,0,0,0,0,0,0,0,0,0,0,48.0,48.0,12,0,0,11,27,306.5,47.0,,30.0,38.5,2,"Leisure / nightlife (late, weekend-heavy)",1
TEST-02769,CMC,2025-11-03 12:00:00,22.8,0.0,58.0,7.2,1,0,0,0.0,0,0,0,0,0,0,0,0,0,0,0,48.0,48.0,12,0,0,11,27,306.5,26.0,29.0,18.0,24.33333333333333,3,"Residential (evening peak, weekend >= weekday)",4
TEST-01600,Gerji,2025-11-03 12:00:00,22.8,0.0,58.0,7.2,1,0,0,0.0,0,0,0,0,0,0,0,0,0,0,0,48.0,48.0,12,0,0,11,27,306.5,19.0,23.0,24.0,22.0,4,"Residential (evening peak, weekend >= weekday)",4
TEST-00435,Kazanchis,2025-11-03 12:00:00,22.8,0.0,58.0,7.2,1,0,0,0.0,0,0,0,0,0,0,0,0,0,0,0,7.0,19.0,12,0,0,11,27,306.5,40.0,44.0,50.0,44.66666666666666,5,Business / office (weekday commute),0
TEST-04024,Kolfe,2025-11-03 12:00:00,22.8,0.0,58.0,7.2,1,0,0,0.0,0,0,0,0,0,0,0,0,0,0,0,48.0,48.0,12,0,0,11,27,306.5,16.0,32.0,13.0,20.33333333333333,6,"Residential (evening peak, weekend >= weekday)",4
TEST-01079,Lideta,2025-11-03 12:00:00,22.8,0.0,58.0,7.2,1,0,0,0.0,0,0,0,0,0,0,0,0,0,0,0,48.0,48.0,12,0,0,11,27,306.5,27.0,34.0,42.0,34.333333333333336,7,Mixed hub (commute + busy midday),3
TEST-01307,Megenagna,2025-11-03 12:00:00,22.8,0.0,58.0,7.2,1,0,0,0.0,0,0,0,0,0,0,0,0,0,0,0,48.0,48.0,12,0,0,11,27,306.5,52.0,65.0,51.0,56.0,8,Mixed hub (commute + busy midday),3
TEST-00019,Merkato,2025-11-03 12:00:00,22.8,0.0,58.0,7.2,1,0,0,0.0,0,0,0,0,0,0,0,0,0,0,0,48.0,48.0,12,0,0,11,27,306.5,126.0,99.0,100.0,108.33333333333331,9,Market (midday peak),2
TEST-01514,Piassa,2025-11-03 12:00:00,22.8,0.0,58.0,7.2,1,0,0,0.0,0,0,0,0,0,0,0,0,0,0,0,48.0,48.0,12,0,0,11,27,306.5,35.0,34.0,25.0,31.33333333333333,10,Business / office (weekday commute),0
TEST-03179,Sarbet,2025-11-03 12:00:00,22.8,0.0,58.0,7.2,1,0,0,0.0,0,0,0,0,0,0,0,0,0,0,0,48.0,48.0,12,0,0,11,27,306.5,23.0,28.0,23.0,24.666666666666668,11,"Residential (evening peak, weekend >= weekday)",4
TEST-02078,Arat Kilo,2025-11-03 13:00:00,24.8,0.0,54.0,12.6,1,0,0,0.0,0,0,0,0,0,0,0,0,0,0,0,48.0,48.0,13,0,0,11,27,306.5416666666667,47.0,45.0,,46.0,0,Business / office (weekday commute),0
TEST-02653,Ayat,2025-11-03 13:00:00,24.8,0.0,54.0,12.6,1,0,0,0.0,0,0,0,0,0,0,0,0,0,0,0,48.0,48.0,13,0,0,11,27,306.5416666666667,20.0,,13.0,16.5,1,"Residential (evening peak, weekend >= weekday)",4
TEST-02448,Bole,2025-11-03 13:00:00,24.8,0.0,54.0,12.6,1,0,0,0.0,0,0,0,0,0,0,0,0,0,0,0,48.0,48.0,13,0,0,11,27,306.5416666666667,53.0,43.0,43.0,46.333333333333336,2,"Leisure / nightlife (late, weekend-heavy)",1
TEST-00706,CMC,2025-11-03 13:00:00,24.8,0.0,54.0,12.6,1,0,0,0.0,0,0,0,0,0,0,0,0,0,0,0,48.0,48.0,13,0,0,11,27,306.5416666666667,19.0,24.0,21.0,21.33333333333333,3,"Residential (evening peak, weekend >= weekday)",4
TEST-02712,Gerji,2025-11-03 13:00:00,24.8,0.0,54.0,12.6,1,0,0,0.0,0,0,0,0,0,0,0,0,0,0,0,48.0,48.0,13,0,0,11,27,306.5416666666667,22.0,25.0,32.0,26.33333333333333,4,"Residential (evening peak, weekend >= weekday)",4
TEST-00626,Kazanchis,2025-11-03 13:00:00,24.8,0.0,54.0,12.6,1,0,0,0.0,0,0,0,0,0,0,0,0,0,0,0,6.0,20.0,13,0,0,11,27,306.5416666666667,44.0,66.0,58.0,56.0,5,Business / office (weekday commute),0
TEST-02021,Kolfe,2025-11-03 13:00:00,24.8,0.0,54.0,12.6,1,0,0,0.0,0,0,0,0,0,0,0,0,0,0,0,48.0,48.0,13,0,0,11,27,306.5416666666667,,32.0,19.0,25.5,6,"Residential (evening peak, weekend >= weekday)",4
TEST-03762,Lideta,2025-11-03 13:00:00,24.8,0.0,54.0,12.6,1,0,0,0.0,0,0,0,0,0,0,0,0,0,0,0,48.0,48.0,13,0,0,11,27,306.5416666666667,31.0,43.0,51.0,41.66666666666666,7,Mixed hub (commute + busy midday),3
TEST-01627,Megenagna,2025-11-03 13:00:00,24.8,0.0,54.0,12.6,1,0,0,0.0,0,0,0,0,0,0,0,0,0,0,0,48.0,48.0,13,0,0,11,27,306.5416666666667,45.0,78.0,60.0,61.0,8,Mixed hub (commute + busy midday),3
TEST-03534,Merkato,2025-11-03 13:00:00,24.8,0.0,54.0,12.6,1,0,0,0.0,0,0,0,0,0,0,0,0,0,0,0,48.0,48.0,13,0,0,11,27,306.5416666666667,96.0,97.0,114.0,102.33333333333331,9,Market (midday peak),2
TEST-01682,Piassa,2025-11-03 13:00:00,24.8,0.0,54.0,12.6,1,0,0,0.0,0,0,0,0,0,0,0,0,0,0,0,48.0,48.0,13,0,0,11,27,306.5416666666667,52.0,53.0,52.0,52.333333333333336,10,Business / office (weekday commute),0
TEST-01867,Sarbet,2025-11-03 13:00:00,24.8,0.0,54.0,12.6,1,0,0,0.0,0,0,0,0,0,0,0,0,0,0,0,48.0,48.0,13,0,0,11,27,306.5416666666667,22.0,14.0,24.0,20.0,11,"Residential (evening peak, weekend >= weekday)",4
TEST-03522,Arat Kilo,2025-11-03 14:00:00,24.8,0.0,46.0,13.3,1,0,0,0.0,0,0,0,0,0,0,0,0,0,0,0,48.0,48.0,14,0,0,11,27,306.5833333333333,30.0,36.0,35.0,33.666666666666664,0,Business / office (weekday commute),0
TEST-00609,Ayat,2025-11-03 14:00:00,24.8,0.0,46.0,13.3,1,0,0,0.0,0,0,0,0,0,0,0,0,0,0,0,48.0,48.0,14,0,0,11,27,306.5833333333333,16.0,16.0,17.0,16.333333333333332,1,"Residential (evening peak, weekend >= weekday)",4
TEST-02568,Bole,2025-11-03 14:00:00,24.8,0.0,46.0,13.3,1,0,0,0.0,0,0,0,0,0,0,0,0,0,0,0,48.0,48.0,14,0,0,11,27,306.5833333333333,44.0,44.0,36.0,41.333333333333336,2,"Leisure / nightlife (late, weekend-heavy)",1
TEST-03295,CMC,2025-11-03 14:00:00,24.8,0.0,46.0,13.3,1,0,0,0.0,0,0,0,0,0,0,0,0,0,0,0,48.0,48.0,14,0,0,11,27,306.5833333333333,23.0,13.0,18.0,18.0,3,"Residential (evening peak, weekend >= weekday)",4
TEST-02558,Gerji,2025-11-03 14:00:00,24.8,0.0,46.0,13.3,1,0,0,0.0,0,0,0,0,0,0,0,0,0,0,0,48.0,48.0,14,0,0,11,27,306.5833333333333,24.0,18.0,21.0,21.0,4,"Residential (evening peak, weekend >= weekday)",4
TEST-00926,Kazanchis,2025-11-03 14:00:00,24.8,0.0,46.0,13.3,1,0,0,0.0,0,0,0,0,0,0,0,0,0,0,0,5.0,21.0,14,0,0,11,27,306.5833333333333,49.0,,44.0,46.5,5,Business / office (weekday commute),0
TEST-00154,Kolfe,2025-11-03 14:00:00,24.8,0.0,46.0,13.3,1,0,0,0.0,0,0,0,0,0,0,0,0,0,0,0,48.0,48.0,14,0,0,11,27,306.5833333333333,23.0,17.0,18.0,19.33333333333333,6,"Residential (evening peak, weekend >= weekday)",4
TEST-01950,Lideta,2025-11-03 14:00:00,24.8,0.0,46.0,13.3,1,0,0,0.0,0,0,0,0,0,0,0,0,0,0,0,48.0,48.0,14,0,0,11,27,306.5833333333333,24.0,33.0,31.0,29.33333333333333,7,Mixed hub (commute + busy midday),3
TEST-01746,Megenagna,2025-11-03 14:00:00,24.8,0.0,46.0,13.3,1,0,0,0.0,0,0,0,0,0,0,0,0,0,0,0,48.0,48.0,14,0,0,11,27,306.5833333333333,62.0,52.0,52.0,55.333333333333336,8,Mixed hub (commute + busy midday),3
TEST-01014,Merkato,2025-11-03 14:00:00,24.8,0.0,46.0,13.3,1,0,0,0.0,0,0,0,0,0,0,0,0,0,0,0,48.0,48.0,14,0,0,11,27,306.5833333333333,115.0,98.0,87.0,100.0,9,Market (midday peak),2
TEST-00215,Piassa,2025-11-03 14:00:00,24.8,0.0,46.0,13.3,1,0,0,0.0,0,0,0,0,0,0,0,0,0,0,0,48.0,48.0,14,0,0,11,27,306.5833333333333,,45.0,45.0,45.0,10,Business / office (weekday commute),0
TEST-01684,Sarbet,2025-11-03 14:00:00,24.8,0.0,46.0,13.3,1,0,0,0.0,0,0,0,0,0,0,0,0,0,0,0,48.0,48.0,14,0,0,11,27,306.5833333333333,20.0,17.0,21.0,19.33333333333333,11,"Residential (evening peak, weekend >= weekday)",4
TEST-02980,Arat Kilo,2025-11-03 15:00:00,25.6,0.0,41.0,11.9,1,0,0,0.0,0,0,0,0,0,0,0,0,0,0,0,48.0,48.0,15,0,0,11,27,306.625,27.0,27.0,30.0,28.0,0,Business / office (weekday commute),0
TEST-00140,Ayat,2025-11-03 15:00:00,25.6,0.0,41.0,11.9,1,0,0,0.0,0,0,0,0,0,0,0,0,0,0,0,48.0,48.0,15,0,0,11,27,306.625,17.0,43.0,14.0,24.666666666666668,1,"Residential (evening peak, weekend >= weekday)",4
TEST-02472,Bole,2025-11-03 15:00:00,25.6,0.0,41.0,11.9,1,0,0,0.0,0,0,0,0,0,0,0,0,0,0,0,48.0,48.0,15,0,0,11,27,306.625,38.0,53.0,47.0,46.0,2,"Leisure / nightlife (late, weekend-heavy)",1
TEST-00699,CMC,2025-11-03 15:00:00,25.6,0.0,41.0,11.9,1,0,0,0.0,0,0,0,0,0,0,0,0,0,0,0,48.0,48.0,15,0,0,11,27,306.625,19.0,25.0,17.0,20.33333333333333,3,"Residential (evening peak, weekend >= weekday)",4
TEST-02990,Gerji,2025-11-03 15:00:00,25.6,0.0,41.0,11.9,1,0,0,0.0,0,0,0,0,0,0,0,0,0,0,0,48.0,48.0,15,0,0,11,27,306.625,15.0,35.0,19.0,23.0,4,"Residential (evening peak, weekend >= weekday)",4
TEST-00051,Kazanchis,2025-11-03 15:00:00,25.6,0.0,41.0,11.9,1,0,0,0.0,0,0,0,0,0,0,0,0,0,0,0,4.0,22.0,15,0,0,11,27,306.625,63.0,53.0,41.0,52.333333333333336,5,Business / office (weekday commute),0
TEST-03545,Kolfe,2025-11-03 15:00:00,25.6,0.0,41.0,11.9,1,0,0,0.0,0,0,0,0,0,0,0,0,0,0,0,48.0,48.0,15,0,0,11,27,306.625,14.0,13.0,23.0,16.666666666666668,6,"Residential (evening peak, weekend >= weekday)",4
TEST-03513,Lideta,2025-11-03 15:00:00,25.6,0.0,41.0,11.9,1,0,0,0.0,0,0,0,0,0,0,0,0,0,0,0,48.0,48.0,15,0,0,11,27,306.625,25.0,53.0,34.0,37.333333333333336,7,Mixed hub (commute + busy midday),3
TEST-00527,Megenagna,2025-11-03 15:00:00,25.6,0.0,41.0,11.9,1,0,0,0.0,0,0,0,0,0,0,0,0,0,0,0,48.0,48.0,15,0,0,11,27,306.625,55.0,66.0,46.0,55.66666666666666,8,Mixed hub (commute + busy midday),3
TEST-03027,Merkato,2025-11-03 15:00:00,25.6,0.0,41.0,11.9,1,0,0,0.0,0,0,0,0,0,0,0,0,0,0,0,48.0,48.0,15,0,0,11,27,306.625,112.0,74.0,95.0,93.66666666666669,9,Market (midday peak),2
TEST-01167,Piassa,2025-11-03 15:00:00,25.6,0.0,41.0,11.9,1,0,0,0.0,0,0,0,0,0,0,0,0,0,0,0,48.0,48.0,15,0,0,11,27,306.625,54.0,50.0,31.0,45.0,10,Business / office (weekday commute),0
TEST-01477,Sarbet,2025-11-03 15:00:00,25.6,0.0,41.0,11.9,1,0,0,0.0,0,0,0,0,0,0,0,0,0,0,0,48.0,48.0,15,0,0,11,27,306.625,16.0,15.0,22.0,17.666666666666668,11,"Residential (evening peak, weekend >= weekday)",4
TEST-02715,Arat Kilo,2025-11-03 16:00:00,25.3,0.0,51.0,15.5,1,0,0,0.0,0,0,0,0,0,0,0,0,0,0,0,48.0,48.0,16,0,0,11,27,306.6666666666667,50.0,58.0,49.0,52.333333333333336,0,Business / office (weekday commute),0
TEST-03919,Ayat,2025-11-03 16:00:00,25.3,0.0,51.0,15.5,1,0,0,0.0,0,0,0,0,0,0,0,0,0,0,0,48.0,48.0,16,0,0,11,27,306.6666666666667,14.0,30.0,13.0,19.0,1,"Residential (evening peak, weekend >= weekday)",4
TEST-03493,Bole,2025-11-03 16:00:00,25.3,0.0,51.0,15.5,1,0,0,0.0,0,0,0,0,0,0,0,0,0,0,0,48.0,48.0,16,0,0,11,27,306.6666666666667,48.0,48.0,43.0,46.333333333333336,2,"Leisure / nightlife (late, weekend-heavy)",1
TEST-03775,CMC,2025-11-03 16:00:00,25.3,0.0,51.0,15.5,1,0,0,0.0,0,0,0,0,0,0,0,0,0,0,0,48.0,48.0,16,0,0,11,27,306.6666666666667,21.0,29.0,28.0,26.0,3,"Residential (evening peak, weekend >= weekday)",4
TEST-00530,Gerji,2025-11-03 16:00:00,25.3,0.0,51.0,15.5,1,0,0,0.0,0,0,0,0,0,0,0,0,0,0,0,48.0,48.0,16,0,0,11,27,306.6666666666667,35.0,28.0,33.0,32.0,4,"Residential (evening peak, weekend >= weekday)",4
TEST-01624,Kazanchis,2025-11-03 16:00:00,25.3,0.0,51.0,15.5,1,0,0,0.0,0,0,0,0,0,0,0,0,0,0,0,3.0,23.0,16,0,0,11,27,306.6666666666667,111.0,87.0,67.0,88.33333333333333,5,Business / office (weekday commute),0
TEST-03685,Kolfe,2025-11-03 16:00:00,25.3,0.0,51.0,15.5,1,0,0,0.0,0,0,0,0,0,0,0,0,0,0,0,48.0,48.0,16,0,0,11,27,306.6666666666667,23.0,32.0,17.0,24.0,6,"Residential (evening peak, weekend >= weekday)",4
TEST-04027,Lideta,2025-11-03 16:00:00,25.3,0.0,51.0,15.5,1,0,0,0.0,0,0,0,0,0,0,0,0,0,0,0,48.0,48.0,16,0,0,11,27,306.6666666666667,53.0,65.0,41.0,53.0,7,Mixed hub (commute + busy midday),3
TEST-01774,Megenagna,2025-11-03 16:00:00,25.3,0.0,51.0,15.5,1,0,0,0.0,0,0,0,0,0,0,0,0,0,0,0,48.0,48.0,16,0,0,11,27,306.6666666666667,49.0,77.0,68.0,64.66666666666667,8,Mixed hub (commute + busy midday),3
TEST-00945,Merkato,2025-11-03 16:00:00,25.3,0.0,51.0,15.5,1,0,0,0.0,0,0,0,0,0,0,0,0,0,0,0,48.0,48.0,16,0,0,11,27,306.6666666666667,90.0,54.0,83.0,75.66666666666667,9,Market (midday peak),2
TEST-02183,Piassa,2025-11-03 16:00:00,25.3,0.0,51.0,15.5,1,0,0,0.0,0,0,0,0,0,0,0,0,0,0,0,48.0,48.0,16,0,0,11,27,306.6666666666667,46.0,57.0,60.0,54.333333333333336,10,Business / office (weekday commute),0
TEST-03338,Sarbet,2025-11-03 16:00:00,25.3,0.0,51.0,15.5,1,0,0,0.0,0,0,0,0,0,0,0,0,0,0,0,48.0,48.0,16,0,0,11,27,306.6666666666667,17.0,25.0,22.0,21.33333333333333,11,"Residential (evening peak, weekend >= weekday)",4
TEST-00625,Arat Kilo,2025-11-03 17:00:00,24.0,0.0,55.0,11.0,1,0,0,0.0,0,0,0,0,0,0,0,0,0,0,0,48.0,48.0,17,0,0,11,27,306.7083333333333,72.0,57.0,54.0,61.0,0,Business / office (weekday commute),0
TEST-02656,Ayat,2025-11-03 17:00:00,24.0,0.0,55.0,11.0,1,0,0,0.0,0,0,0,0,0,0,0,0,0,0,0,48.0,48.0,17,0,0,11,27,306.7083333333333,29.0,28.0,26.0,27.666666666666668,1,"Residential (evening peak, weekend >= weekday)",4
TEST-00730,Bole,2025-11-03 17:00:00,24.0,0.0,55.0,11.0,1,0,0,0.0,0,0,0,0,0,0,0,0,0,0,0,48.0,48.0,17,0,0,11,27,306.7083333333333,37.0,34.0,44.0,38.333333333333336,2,"Leisure / nightlife (late, weekend-heavy)",1
TEST-02752,CMC,2025-11-03 17:00:00,24.0,0.0,55.0,11.0,1,0,0,0.0,0,0,0,0,0,0,0,0,0,0,0,48.0,48.0,17,0,0,11,27,306.7083333333333,35.0,51.0,39.0,41.66666666666666,3,"Residential (evening peak, weekend >= weekday)",4
TEST-01250,Gerji,2025-11-03 17:00:00,24.0,0.0,55.0,11.0,1,0,0,0.0,0,0,0,0,0,0,0,0,0,0,0,48.0,48.0,17,0,0,11,27,306.7083333333333,30.0,,38.0,34.0,4,"Residential (evening peak, weekend >= weekday)",4
TEST-02948,Kazanchis,2025-11-03 17:00:00,24.0,0.0,55.0,11.0,1,0,0,0.0,0,1,32000,0,0,0,1,0,0,0,0,2.0,24.0,17,0,0,11,27,306.7083333333333,134.0,108.0,96.0,112.66666666666669,5,Business / office (weekday commute),0
TEST-03866,Kolfe,2025-11-03 17:00:00,24.0,0.0,55.0,11.0,1,0,0,0.0,0,0,0,0,0,0,0,0,0,0,0,48.0,48.0,17,0,0,11,27,306.7083333333333,33.0,46.0,31.0,36.66666666666666,6,"Residential (evening peak, weekend >= weekday)",4
TEST-01386,Lideta,2025-11-03 17:00:00,24.0,0.0,55.0,11.0,1,0,0,0.0,0,0,0,0,0,0,0,0,0,0,0,48.0,48.0,17,0,0,11,27,306.7083333333333,51.0,60.0,48.0,53.0,7,Mixed hub (commute + busy midday),3
TEST-02773,Megenagna,2025-11-03 17:00:00,24.0,0.0,55.0,11.0,1,0,0,0.0,0,0,0,0,0,0,0,0,0,0,0,48.0,48.0,17,0,0,11,27,306.7083333333333,62.0,88.0,94.0,81.33333333333333,8,Mixed hub (commute + busy midday),3
TEST-03036,Merkato,2025-11-03 17:00:00,24.0,0.0,55.0,11.0,1,0,0,0.0,0,0,0,0,0,0,0,0,0,0,0,48.0,48.0,17,0,0,11,27,306.7083333333333,59.0,61.0,83.0,67.66666666666667,9,Market (midday peak),2
TEST-00541,Piassa,2025-11-03 17:00:00,24.0,0.0,55.0,11.0,1,0,0,0.0,0,0,0,0,0,0,0,0,0,0,0,48.0,48.0,17,0,0,11,27,306.7083333333333,88.0,73.0,70.0,77.0,10,Business / office (weekday commute),0
TEST-03941,Sarbet,2025-11-03 17:00:00,24.0,0.0,55.0,11.0,1,0,0,0.0,0,0,0,0,0,0,0,0,0,0,0,48.0,48.0,17,0,0,11,27,306.7083333333333,27.0,38.0,32.0,32.333333333333336,11,"Residential (evening peak, weekend >= weekday)",4
TEST-01249,Arat Kilo,2025-11-03 18:00:00,24.4,0.0,61.0,8.3,1,0,0,0.0,0,0,0,0,0,0,0,0,0,0,0,48.0,48.0,18,0,0,11,27,306.75,74.0,85.0,84.0,81.0,0,Business / office (weekday commute),0
TEST-00779,Ayat,2025-11-03 18:00:00,24.4,0.0,61.0,8.3,1,0,0,0.0,0,0,0,0,0,0,0,0,0,0,0,48.0,48.0,18,0,0,11,27,306.75,36.0,49.0,34.0,39.66666666666666,1,"Residential (evening peak, weekend >= weekday)",4
TEST-01714,Bole,2025-11-03 18:00:00,24.4,0.0,61.0,8.3,1,0,0,0.0,0,0,0,0,0,0,0,0,0,0,0,48.0,48.0,18,0,0,11,27,306.75,45.0,60.0,40.0,48.333333333333336,2,"Leisure / nightlife (late, weekend-heavy)",1
TEST-00010,CMC,2025-11-03 18:00:00,24.4,0.0,61.0,8.3,1,0,0,0.0,0,0,0,0,0,0,0,0,0,0,0,48.0,48.0,18,0,0,11,27,306.75,51.0,61.0,46.0,52.66666666666666,3,"Residential (evening peak, weekend >= weekday)",4
TEST-01020,Gerji,2025-11-03 18:00:00,24.4,0.0,61.0,8.3,1,0,0,0.0,0,0,0,0,0,0,0,0,0,0,0,48.0,48.0,18,0,0,11,27,306.75,35.0,85.0,36.0,52.0,4,"Residential (evening peak, weekend >= weekday)",4
TEST-01413,Kazanchis,2025-11-03 18:00:00,24.4,0.0,61.0,8.3,1,0,0,0.0,0,1,32000,0,0,0,1,0,0,0,0,1.0,25.0,18,0,0,11,27,306.75,85.0,129.0,119.0,111.0,5,Business / office (weekday commute),0
TEST-03902,Kolfe,2025-11-03 18:00:00,24.4,0.0,61.0,8.3,1,0,0,0.0,0,0,0,0,0,0,0,0,0,0,0,48.0,48.0,18,0,0,11,27,306.75,38.0,51.0,37.0,42.0,6,"Residential (evening peak, weekend >= weekday)",4
TEST-02366,Lideta,2025-11-03 18:00:00,24.4,0.0,61.0,8.3,1,0,0,0.0,0,0,0,0,0,0,0,0,0,0,0,48.0,48.0,18,0,0,11,27,306.75,69.0,91.0,72.0,77.33333333333333,7,Mixed hub (commute + busy midday),3
TEST-02532,Megenagna,2025-11-03 18:00:00,24.4,0.0,61.0,8.3,1,0,0,0.0,0,0,0,0,0,0,0,0,0,0,0,48.0,48.0,18,0,0,11,27,306.75,131.0,,91.0,111.0,8,Mixed hub (commute + busy midday),3
TEST-01526,Merkato,2025-11-03 18:00:00,24.4,0.0,61.0,8.3,1,0,0,0.0,0,0,0,0,0,0,0,0,0,0,0,48.0,48.0,18,0,0,11,27,306.75,37.0,41.0,45.0,41.0,9,Market (midday peak),2
TEST-03533,Piassa,2025-11-03 18:00:00,24.4,0.0,61.0,8.3,1,0,0,0.0,0,0,0,0,0,0,0,0,0,0,0,48.0,48.0,18,0,0,11,27,306.75,93.0,123.0,88.0,101.33333333333331,10,Business / office (weekday commute),0
TEST-03643,Sarbet,2025-11-03 18:00:00,24.4,0.0,61.0,8.3,1,0,0,0.0,0,0,0,0,0,0,0,0,0,0,0,48.0,48.0,18,0,0,11,27,306.75,34.0,41.0,46.0,40.333333333333336,11,"Residential (evening peak, weekend >= weekday)",4
TEST-02045,Arat Kilo,2025-11-03 19:00:00,21.6,0.0,63.0,7.9,1,0,0,0.0,0,0,0,0,0,0,0,0,0,0,0,48.0,48.0,19,0,0,11,27,306.7916666666667,56.0,67.0,49.0,57.333333333333336,0,Business / office (weekday commute),0
TEST-02724,Ayat,2025-11-03 19:00:00,21.6,0.0,63.0,7.9,1,0,0,0.0,0,0,0,0,0,0,0,0,0,0,0,48.0,48.0,19,0,0,11,27,306.7916666666667,35.0,46.0,50.0,43.66666666666666,1,"Residential (evening peak, weekend >= weekday)",4
TEST-03895,Bole,2025-11-03 19:00:00,21.6,0.0,63.0,7.9,1,0,0,0.0,0,0,0,0,0,0,0,0,0,0,0,48.0,48.0,19,0,0,11,27,306.7916666666667,44.0,54.0,56.0,51.333333333333336,2,"Leisure / nightlife (late, weekend-heavy)",1
TEST-03732,CMC,2025-11-03 19:00:00,21.6,0.0,63.0,7.9,1,0,0,0.0,0,0,0,0,0,0,0,0,0,0,0,48.0,48.0,19,0,0,11,27,306.7916666666667,49.0,56.0,62.0,55.66666666666666,3,"Residential (evening peak, weekend >= weekday)",4
TEST-00468,Gerji,2025-11-03 19:00:00,21.6,0.0,63.0,7.9,1,0,0,0.0,0,0,0,0,0,0,0,0,0,0,0,48.0,48.0,19,0,0,11,27,306.7916666666667,36.0,,51.0,43.5,4,"Residential (evening peak, weekend >= weekday)",4
TEST-00075,Kazanchis,2025-11-03 19:00:00,21.6,0.0,63.0,7.9,1,0,0,0.0,0,1,32000,0,0,0,1,0,0,0,0,0.0,26.0,19,0,0,11,27,306.7916666666667,77.0,73.0,80.0,76.66666666666667,5,Business / office (weekday commute),0
TEST-03578,Kolfe,2025-11-03 19:00:00,21.6,0.0,63.0,7.9,1,0,0,0.0,0,0,0,0,0,0,0,0,0,0,0,48.0,48.0,19,0,0,11,27,306.7916666666667,48.0,44.0,44.0,45.333333333333336,6,"Residential (evening peak, weekend >= weekday)",4
TEST-01512,Lideta,2025-11-03 19:00:00,21.6,0.0,63.0,7.9,1,0,0,0.0,0,0,0,0,0,0,0,0,0,0,0,48.0,48.0,19,0,0,11,27,306.7916666666667,67.0,54.0,,60.5,7,Mixed hub (commute + busy midday),3
TEST-01084,Megenagna,2025-11-03 19:00:00,21.6,0.0,63.0,7.9,1,0,0,0.0,0,0,0,0,0,0,0,0,0,0,0,48.0,48.0,19,0,0,11,27,306.7916666666667,75.0,105.0,97.0,92.33333333333331,8,Mixed hub (commute + busy midday),3
TEST-02184,Merkato,2025-11-03 19:00:00,21.6,0.0,63.0,7.9,1,0,0,0.0,0,0,0,0,0,0,0,0,0,0,0,48.0,48.0,19,0,0,11,27,306.7916666666667,22.0,27.0,21.0,23.33333333333333,9,Market (midday peak),2
TEST-00494,Piassa,2025-11-03 19:00:00,21.6,0.0,63.0,7.9,1,0,0,0.0,0,0,0,0,0,0,0,0,0,0,0,48.0,48.0,19,0,0,11,27,306.7916666666667,77.0,79.0,86.0,80.66666666666667,10,Business / office (weekday commute),0
TEST-03345,Sarbet,2025-11-03 19:00:00,21.6,0.0,63.0,7.9,1,0,0,0.0,0,0,0,0,0,0,0,0,0,0,0,48.0,48.0,19,0,0,11,27,306.7916666666667,32.0,32.0,48.0,37.333333333333336,11,"Residential (evening peak, weekend >= weekday)",4
TEST-02682,Arat Kilo,2025-11-03 20:00:00,19.8,0.0,60.0,7.7,1,0,0,0.0,0,0,0,0,0,0,0,0,0,0,0,48.0,48.0,20,0,0,11,27,306.8333333333333,38.0,56.0,37.0,43.66666666666666,0,Business / office (weekday commute),0
TEST-01311,Ayat,2025-11-03 20:00:00,19.8,0.0,60.0,7.7,1,0,0,0.0,0,0,0,0,0,0,0,0,0,0,0,48.0,48.0,20,0,0,11,27,306.8333333333333,33.0,44.0,33.0,36.66666666666666,1,"Residential (evening peak, weekend >= weekday)",4
TEST-01199,Bole,2025-11-03 20:00:00,19.8,0.0,60.0,7.7,1,0,0,0.0,0,0,0,0,0,0,0,0,0,0,0,47.0,48.0,20,0,0,11,27,306.8333333333333,63.0,72.0,55.0,63.333333333333336,2,"Leisure / nightlife (late, weekend-heavy)",1
TEST-02449,CMC,2025-11-03 20:00:00,19.8,0.0,60.0,7.7,1,0,0,0.0,0,0,0,0,0,0,0,0,0,0,0,48.0,48.0,20,0,0,11,27,306.8333333333333,37.0,53.0,44.0,44.66666666666666,3,"Residential (evening peak, weekend >= weekday)",4
TEST-03396,Gerji,2025-11-03 20:00:00,19.8,0.0,60.0,7.7,1,0,0,0.0,0,0,0,0,0,0,0,0,0,0,0,48.0,48.0,20,0,0,11,27,306.8333333333333,41.0,53.0,42.0,45.333333333333336,4,"Residential (evening peak, weekend >= weekday)",4
TEST-00004,Kazanchis,2025-11-03 20:00:00,19.8,0.0,60.0,7.7,1,0,0,0.0,0,1,32000,0,0,0,1,0,0,0,0,48.0,27.0,20,0,0,11,27,306.8333333333333,70.0,85.0,54.0,69.66666666666667,5,Business / office (weekday commute),0
TEST-02536,Kolfe,2025-11-03 20:00:00,19.8,0.0,60.0,7.7,1,0,0,0.0,0,0,0,0,0,0,0,0,0,0,0,48.0,48.0,20,0,0,11,27,306.8333333333333,30.0,,36.0,33.0,6,"Residential (evening peak, weekend >= weekday)",4
TEST-00432,Lideta,2025-11-03 20:00:00,19.8,0.0,60.0,7.7,1,0,0,0.0,0,0,0,0,0,0,0,0,0,0,0,48.0,48.0,20,0,0,11,27,306.8333333333333,29.0,38.0,19.0,28.666666666666668,7,Mixed hub (commute + busy midday),3
TEST-01296,Megenagna,2025-11-03 20:00:00,19.8,0.0,60.0,7.7,1,0,0,0.0,0,0,0,0,0,0,0,0,0,0,0,48.0,48.0,20,0,0,11,27,306.8333333333333,43.0,53.0,42.0,46.0,8,Mixed hub (commute + busy midday),3
TEST-01041,Merkato,2025-11-03 20:00:00,19.8,0.0,60.0,7.7,1,0,0,0.0,0,0,0,0,0,0,0,0,0,0,0,48.0,48.0,20,0,0,11,27,306.8333333333333,12.0,6.0,15.0,11.0,9,Market (midday peak),2
TEST-00988,Piassa,2025-11-03 20:00:00,19.8,0.0,60.0,7.7,1,0,0,0.0,0,0,0,0,0,0,0,0,0,0,0,48.0,48.0,20,0,0,11,27,306.8333333333333,73.0,80.0,48.0,67.0,10,Business / office (weekday commute),0
TEST-01358,Sarbet,2025-11-03 20:00:00,19.8,0.0,60.0,7.7,1,0,0,0.0,0,0,0,0,0,0,0,0,0,0,0,48.0,48.0,20,0,0,11,27,306.8333333333333,,55.0,46.0,50.5,11,"Residential (evening peak, weekend >= weekday)",4
TEST-01650,Arat Kilo,2025-11-03 21:00:00,19.9,0.0,61.0,6.6,1,0,0,0.0,0,0,0,0,0,0,0,0,0,0,0,48.0,48.0,21,0,0,11,27,306.875,19.0,23.0,25.0,22.33333333333333,0,Business / office (weekday commute),0
TEST-00822,Ayat,2025-11-03 21:00:00,19.9,0.0,61.0,6.6,1,0,0,0.0,0,0,0,0,0,0,0,0,0,0,0,48.0,48.0,21,0,0,11,27,306.875,31.0,15.0,28.0,24.666666666666668,1,"Residential (evening peak, weekend >= weekday)",4
TEST-03423,Bole,2025-11-03 21:00:00,19.9,0.0,61.0,6.6,1,0,0,0.0,0,0,0,0,0,0,0,0,0,0,0,46.0,48.0,21,0,0,11,27,306.875,45.0,43.0,41.0,43.0,2,"Leisure / nightlife (late, weekend-heavy)",1
TEST-02647,CMC,2025-11-03 21:00:00,19.9,0.0,61.0,6.6,1,0,0,0.0,0,0,0,0,0,0,0,0,0,0,0,48.0,48.0,21,0,0,11,27,306.875,,36.0,33.0,34.5,3,"Residential (evening peak, weekend >= weekday)",4
TEST-03460,Gerji,2025-11-03 21:00:00,19.9,0.0,61.0,6.6,1,0,0,0.0,0,0,0,0,0,0,0,0,0,0,0,48.0,48.0,21,0,0,11,27,306.875,36.0,39.0,26.0,33.666666666666664,4,"Residential (evening peak, weekend >= weekday)",4
TEST-01876,Kazanchis,2025-11-03 21:00:00,19.9,0.0,61.0,6.6,1,0,0,0.0,0,1,32000,0,0,0,1,0,0,0,0,48.0,0.0,21,0,0,11,27,306.875,20.0,32.0,,26.0,5,Business / office (weekday commute),0
TEST-02703,Kolfe,2025-11-03 21:00:00,19.9,0.0,61.0,6.6,1,0,0,0.0,0,0,0,0,0,0,0,0,0,0,0,48.0,48.0,21,0,0,11,27,306.875,33.0,39.0,,36.0,6,"Residential (evening peak, weekend >= weekday)",4
TEST-00355,Lideta,2025-11-03 21:00:00,19.9,0.0,61.0,6.6,1,0,0,0.0,0,0,0,0,0,0,0,0,0,0,0,48.0,48.0,21,0,0,11,27,306.875,7.0,13.0,16.0,12.0,7,Mixed hub (commute + busy midday),3
TEST-02055,Megenagna,2025-11-03 21:00:00,19.9,0.0,61.0,6.6,1,0,0,0.0,0,0,0,0,0,0,0,0,0,0,0,48.0,48.0,21,0,0,11,27,306.875,33.0,31.0,21.0,28.33333333333333,8,Mixed hub (commute + busy midday),3
TEST-03882,Merkato,2025-11-03 21:00:00,19.9,0.0,61.0,6.6,1,0,0,0.0,0,0,0,0,0,0,0,0,0,0,0,48.0,48.0,21,0,0,11,27,306.875,10.0,9.0,12.0,10.333333333333334,9,Market (midday peak),2
TEST-00709,Piassa,2025-11-03 21:00:00,19.9,0.0,61.0,6.6,1,0,0,0.0,0,0,0,0,0,0,0,0,0,0,0,48.0,48.0,21,0,0,11,27,306.875,16.0,30.0,35.0,27.0,10,Business / office (weekday commute),0
TEST-02009,Sarbet,2025-11-03 21:00:00,19.9,0.0,61.0,6.6,1,0,0,0.0,0,0,0,0,0,0,0,0,0,0,0,48.0,48.0,21,0,0,11,27,306.875,25.0,33.0,29.0,29.0,11,"Residential (evening peak, weekend >= weekday)",4
TEST-00041,Arat Kilo,2025-11-03 22:00:00,18.3,0.0,66.0,10.8,1,0,0,0.0,0,0,0,0,0,0,0,0,0,0,0,48.0,48.0,22,0,0,11,27,306.9166666666667,9.0,18.0,13.0,13.333333333333334,0,Business / office (weekday commute),0
TEST-03658,Ayat,2025-11-03 22:00:00,18.3,0.0,66.0,10.8,1,0,0,0.0,0,0,0,0,0,0,0,0,0,0,0,48.0,48.0,22,0,0,11,27,306.9166666666667,16.0,18.0,17.0,17.0,1,"Residential (evening peak, weekend >= weekday)",4
TEST-02588,Bole,2025-11-03 22:00:00,18.3,0.0,66.0,10.8,1,0,0,0.0,0,0,0,0,0,0,0,0,0,0,0,45.0,48.0,22,0,0,11,27,306.9166666666667,47.0,29.0,27.0,34.333333333333336,2,"Leisure / nightlife (late, weekend-heavy)",1
TEST-00039,CMC,2025-11-03 22:00:00,18.3,0.0,66.0,10.8,1,0,0,0.0,0,0,0,0,0,0,0,0,0,0,0,48.0,48.0,22,0,0,11,27,306.9166666666667,25.0,26.0,30.0,27.0,3,"Residential (evening peak, weekend >= weekday)",4
TEST-00853,Gerji,2025-11-03 22:00:00,18.3,0.0,66.0,10.8,1,0,0,0.0,0,0,0,0,0,0,0,0,0,0,0,48.0,48.0,22,0,0,11,27,306.9166666666667,27.0,27.0,22.0,25.33333333333333,4,"Residential (evening peak, weekend >= weekday)",4
TEST-00244,Kazanchis,2025-11-03 22:00:00,18.3,0.0,66.0,10.8,1,0,0,0.0,0,1,32000,0,0,0,1,0,0,0,0,48.0,1.0,22,0,0,11,27,306.9166666666667,16.0,16.0,14.0,15.333333333333334,5,Business / office (weekday commute),0
TEST-01455,Kolfe,2025-11-03 22:00:00,18.3,0.0,66.0,10.8,1,0,0,0.0,0,0,0,0,0,0,0,0,0,0,0,48.0,48.0,22,0,0,11,27,306.9166666666667,23.0,18.0,20.0,20.33333333333333,6,"Residential (evening peak, weekend >= weekday)",4
TEST-02104,Lideta,2025-11-03 22:00:00,18.3,0.0,66.0,10.8,1,0,0,0.0,0,0,0,0,0,0,0,0,0,0,0,48.0,48.0,22,0,0,11,27,306.9166666666667,11.0,12.0,14.0,12.333333333333334,7,Mixed hub (commute + busy midday),3
TEST-02671,Megenagna,2025-11-03 22:00:00,18.3,0.0,66.0,10.8,1,0,0,0.0,0,0,0,0,0,0,0,0,0,0,0,48.0,48.0,22,0,0,11,27,306.9166666666667,7.0,20.0,11.0,12.666666666666666,8,Mixed hub (commute + busy midday),3
TEST-00028,Merkato,2025-11-03 22:00:00,18.3,0.0,66.0,10.8,1,0,0,0.0,0,0,0,0,0,0,0,0,0,0,0,48.0,48.0,22,0,0,11,27,306.9166666666667,7.0,8.0,1.0,5.333333333333333,9,Market (midday peak),2
TEST-00138,Piassa,2025-11-03 22:00:00,18.3,0.0,66.0,10.8,1,0,0,0.0,0,0,0,0,0,0,0,0,0,0,0,48.0,48.0,22,0,0,11,27,306.9166666666667,17.0,,23.0,20.0,10,Business / office (weekday commute),0
TEST-02550,Sarbet,2025-11-03 22:00:00,18.3,0.0,66.0,10.8,1,0,0,0.0,0,0,0,0,0,0,0,0,0,0,0,48.0,48.0,22,0,0,11,27,306.9166666666667,18.0,20.0,17.0,18.33333333333333,11,"Residential (evening peak, weekend >= weekday)",4
TEST-02235,Arat Kilo,2025-11-03 23:00:00,13.7,0.0,87.0,5.8,1,0,0,0.0,0,0,0,0,0,0,0,0,0,0,0,48.0,48.0,23,0,0,11,27,306.9583333333333,1.0,11.0,8.0,6.666666666666667,0,Business / office (weekday commute),0
TEST-00740,Ayat,2025-11-03 23:00:00,13.7,0.0,87.0,5.8,1,0,0,0.0,0,0,0,0,0,0,0,0,0,0,0,48.0,48.0,23,0,0,11,27,306.9583333333333,20.0,9.0,8.0,12.333333333333334,1,"Residential (evening peak, weekend >= weekday)",4
TEST-01464,Bole,2025-11-03 23:00:00,13.7,0.0,87.0,5.8,1,0,0,0.0,0,0,0,0,0,0,0,0,0,0,0,44.0,48.0,23,0,0,11,27,306.9583333333333,18.0,28.0,21.0,22.33333333333333,2,"Leisure / nightlife (late, weekend-heavy)",1
TEST-02691,CMC,2025-11-03 23:00:00,13.7,0.0,87.0,5.8,1,0,0,0.0,0,0,0,0,0,0,0,0,0,0,0,48.0,48.0,23,0,0,11,27,306.9583333333333,9.0,8.0,14.0,10.333333333333334,3,"Residential (evening peak, weekend >= weekday)",4
TEST-01292,Gerji,2025-11-03 23:00:00,13.7,0.0,87.0,5.8,1,0,0,0.0,0,0,0,0,0,0,0,0,0,0,0,48.0,48.0,23,0,0,11,27,306.9583333333333,8.0,13.0,8.0,9.666666666666666,4,"Residential (evening peak, weekend >= weekday)",4
TEST-02032,Kazanchis,2025-11-03 23:00:00,13.7,0.0,87.0,5.8,1,0,0,0.0,0,0,0,0,0,0,0,0,0,0,0,48.0,2.0,23,0,0,11,27,306.9583333333333,11.0,14.0,11.0,12.0,5,Business / office (weekday commute),0
TEST-01260,Kolfe,2025-11-03 23:00:00,13.7,0.0,87.0,5.8,1,0,0,0.0,0,0,0,0,0,0,0,0,0,0,0,48.0,48.0,23,0,0,11,27,306.9583333333333,13.0,13.0,7.0,11.0,6,"Residential (evening peak, weekend >= weekday)",4
TEST-02138,Lideta,2025-11-03 23:00:00,13.7,0.0,87.0,5.8,1,0,0,0.0,0,0,0,0,0,0,0,0,0,0,0,48.0,48.0,23,0,0,11,27,306.9583333333333,6.0,9.0,12.0,9.0,7,Mixed hub (commute + busy midday),3
TEST-03589,Megenagna,2025-11-03 23:00:00,13.7,0.0,87.0,5.8,1,0,0,0.0,0,0,0,0,0,0,0,0,0,0,0,48.0,48.0,23,0,0,11,27,306.9583333333333,11.0,10.0,4.0,8.333333333333334,8,Mixed hub (commute + busy midday),3
TEST-00999,Merkato,2025-11-03 23:00:00,13.7,0.0,87.0,5.8,1,0,0,0.0,0,0,0,0,0,0,0,0,0,0,0,48.0,48.0,23,0,0,11,27,306.9583333333333,0.0,3.0,,1.5,9,Market (midday peak),2
TEST-00944,Piassa,2025-11-03 23:00:00,13.7,0.0,87.0,5.8,1,0,0,0.0,0,0,0,0,0,0,0,0,0,0,0,48.0,48.0,23,0,0,11,27,306.9583333333333,14.0,5.0,6.0,8.333333333333334,10,Business / office (weekday commute),0
TEST-02849,Sarbet,2025-11-03 23:00:00,13.7,0.0,87.0,5.8,1,0,0,0.0,0,0,0,0,0,0,0,0,0,0,0,48.0,48.0,23,0,0,11,27,306.9583333333333,11.0,10.0,9.0,10.0,11,"Residential (evening peak, weekend >= weekday)",4
TEST-03163,Arat Kilo,2025-11-04 00:00:00,12.9,0.0,72.0,13.9,1,0,0,0.0,0,0,0,0,0,0,0,0,0,0,0,48.0,48.0,0,1,0,11,26,307.0,3.0,1.0,5.0,3.0,0,Business / office (weekday commute),0
TEST-02753,Ayat,2025-11-04 00:00:00,12.9,0.0,72.0,13.9,1,0,0,0.0,0,0,0,0,0,0,0,0,0,0,0,48.0,48.0,0,1,0,11,26,307.0,7.0,4.0,3.0,4.666666666666667,1,"Residential (evening peak, weekend >= weekday)",4
TEST-00523,Bole,2025-11-04 00:00:00,12.9,0.0,72.0,13.9,1,0,0,0.0,0,0,0,0,0,0,0,0,0,0,0,43.0,48.0,0,1,0,11,26,307.0,20.0,17.0,13.0,16.666666666666668,2,"Leisure / nightlife (late, weekend-heavy)",1
TEST-01530,CMC,2025-11-04 00:00:00,12.9,0.0,72.0,13.9,1,0,0,0.0,0,0,0,0,0,0,0,0,0,0,0,48.0,48.0,0,1,0,11,26,307.0,6.0,13.0,11.0,10.0,3,"Residential (evening peak, weekend >= weekday)",4
TEST-00584,Gerji,2025-11-04 00:00:00,12.9,0.0,72.0,13.9,1,0,0,0.0,0,0,0,0,0,0,0,0,0,0,0,48.0,48.0,0,1,0,11,26,307.0,6.0,5.0,3.0,4.666666666666667,4,"Residential (evening peak, weekend >= weekday)",4
TEST-03395,Kazanchis,2025-11-04 00:00:00,12.9,0.0,72.0,13.9,1,0,0,0.0,0,0,0,0,0,0,0,0,0,0,0,48.0,3.0,0,1,0,11,26,307.0,7.0,6.0,4.0,5.666666666666667,5,Business / office (weekday commute),0
TEST-02654,Kolfe,2025-11-04 00:00:00,12.9,0.0,72.0,13.9,1,0,0,0.0,0,0,0,0,0,0,0,0,0,0,0,48.0,48.0,0,1,0,11,26,307.0,3.0,1.0,8.0,4.0,6,"Residential (evening peak, weekend >= weekday)",4
TEST-00340,Lideta,2025-11-04 00:00:00,12.9,0.0,72.0,13.9,1,0,0,0.0,0,0,0,0,0,0,0,0,0,0,0,48.0,48.0,0,1,0,11,26,307.0,6.0,10.0,7.0,7.666666666666667,7,Mixed hub (commute + busy midday),3
TEST-00278,Megenagna,2025-11-04 00:00:00,12.9,0.0,72.0,13.9,1,0,0,0.0,0,0,0,0,0,0,0,0,0,0,0,48.0,48.0,0,1,0,11,26,307.0,7.0,9.0,9.0,8.333333333333334,8,Mixed hub (commute + busy midday),3
TEST-03177,Merkato,2025-11-04 00:00:00,12.9,0.0,72.0,13.9,1,0,0,0.0,0,0,0,0,0,0,0,0,0,0,0,48.0,48.0,0,1,0,11,26,307.0,3.0,6.0,3.0,4.0,9,Market (midday peak),2
TEST-03867,Piassa,2025-11-04 00:00:00,12.9,0.0,72.0,13.9,1,0,0,0.0,0,0,0,0,0,0,0,0,0,0,0,48.0,48.0,0,1,0,11,26,307.0,7.0,5.0,7.0,6.333333333333333,10,Business / office (weekday commute),0
TEST-03468,Sarbet,2025-11-04 00:00:00,12.9,0.0,72.0,13.9,1,0,0,0.0,0,0,0,0,0,0,0,0,0,0,0,48.0,48.0,0,1,0,11,26,307.0,6.0,3.0,8.0,5.666666666666667,11,"Residential (evening peak, weekend >= weekday)",4
TEST-00679,Arat Kilo,2025-11-04 01:00:00,13.2,0.0,69.0,9.0,1,0,0,0.0,0,0,0,0,0,0,0,0,0,0,0,48.0,48.0,1,1,0,11,26,307.0416666666667,0.0,2.0,1.0,1.0,0,Business / office (weekday commute),0
TEST-01068,Ayat,2025-11-04 01:00:00,13.2,0.0,69.0,9.0,1,0,0,0.0,0,0,0,0,0,0,0,0,0,0,0,48.0,48.0,1,1,0,11,26,307.0416666666667,0.0,6.0,1.0,2.333333333333333,1,"Residential (evening peak, weekend >= weekday)",4
TEST-01628,Bole,2025-11-04 01:00:00,13.2,0.0,69.0,9.0,1,0,0,0.0,0,0,0,0,0,0,0,0,0,0,0,42.0,48.0,1,1,0,11,26,307.0416666666667,13.0,8.0,4.0,8.333333333333334,2,"Leisure / nightlife (late, weekend-heavy)",1
TEST-00447,CMC,2025-11-04 01:00:00,13.2,0.0,69.0,9.0,1,0,0,0.0,0,0,0,0,0,0,0,0,0,0,0,48.0,48.0,1,1,0,11,26,307.0416666666667,6.0,11.0,2.0,6.333333333333333,3,"Residential (evening peak, weekend >= weekday)",4
TEST-00669,Gerji,2025-11-04 01:00:00,13.2,0.0,69.0,9.0,1,0,0,0.0,0,0,0,0,0,0,0,0,0,0,0,48.0,48.0,1,1,0,11,26,307.0416666666667,4.0,5.0,,4.5,4,"Residential (evening peak, weekend >= weekday)",4
TEST-00511,Kazanchis,2025-11-04 01:00:00,13.2,0.0,69.0,9.0,1,0,0,0.0,0,0,0,0,0,0,0,0,0,0,0,48.0,4.0,1,1,0,11,26,307.0416666666667,1.0,3.0,4.0,2.6666666666666665,5,Business / office (weekday commute),0
TEST-03003,Kolfe,2025-11-04 01:00:00,13.2,0.0,69.0,9.0,1,0,0,0.0,0,0,0,0,0,0,0,0,0,0,0,48.0,48.0,1,1,0,11,26,307.0416666666667,8.0,6.0,3.0,5.666666666666667,6,"Residential (evening peak, weekend >= weekday)",4
TEST-02608,Lideta,2025-11-04 01:00:00,13.2,0.0,69.0,9.0,1,0,0,0.0,0,0,0,0,0,0,0,0,0,0,0,48.0,48.0,1,1,0,11,26,307.0416666666667,6.0,8.0,7.0,7.0,7,Mixed hub (commute + busy midday),3
TEST-01722,Megenagna,2025-11-04 01:00:00,13.2,0.0,69.0,9.0,1,0,0,0.0,0,0,0,0,0,0,0,0,0,0,0,48.0,48.0,1,1,0,11,26,307.0416666666667,11.0,14.0,12.0,12.333333333333334,8,Mixed hub (commute + busy midday),3
TEST-01931,Merkato,2025-11-04 01:00:00,13.2,0.0,69.0,9.0,1,0,0,0.0,0,0,0,0,0,0,0,0,0,0,0,48.0,48.0,1,1,0,11,26,307.0416666666667,7.0,3.0,2.0,4.0,9,Market (midday peak),2
TEST-03948,Piassa,2025-11-04 01:00:00,13.2,0.0,69.0,9.0,1,0,0,0.0,0,0,0,0,0,0,0,0,0,0,0,48.0,48.0,1,1,0,11,26,307.0416666666667,11.0,,1.0,6.0,10,Business / office (weekday commute),0
TEST-00597,Sarbet,2025-11-04 01:00:00,13.2,0.0,69.0,9.0,1,0,0,0.0,0,0,0,0,0,0,0,0,0,0,0,48.0,48.0,1,1,0,11,26,307.0416666666667,2.0,5.0,5.0,4.0,11,"Residential (evening peak, weekend >= weekday)",4
TEST-01274,Arat Kilo,2025-11-04 02:00:00,11.8,0.0,78.0,10.9,1,0,0,0.0,0,0,0,0,0,0,0,0,0,0,0,48.0,48.0,2,1,0,11,26,307.0833333333333,2.0,6.0,4.0,4.0,0,Business / office (weekday commute),0
TEST-01687,Ayat,2025-11-04 02:00:00,11.8,0.0,78.0,10.9,1,0,0,0.0,0,0,0,0,0,0,0,0,0,0,0,48.0,48.0,2,1,0,11,26,307.0833333333333,8.0,5.0,1.0,4.666666666666667,1,"Residential (evening peak, weekend >= weekday)",4
TEST-01708,Bole,2025-11-04 02:00:00,11.8,0.0,78.0,10.9,1,0,0,0.0,0,0,0,0,0,0,0,0,0,0,0,41.0,48.0,2,1,0,11,26,307.0833333333333,11.0,17.0,11.0,13.0,2,"Leisure / nightlife (late, weekend-heavy)",1
TEST-03953,CMC,2025-11-04 02:00:00,11.8,0.0,78.0,10.9,1,0,0,0.0,0,0,0,0,0,0,0,0,0,0,0,48.0,48.0,2,1,0,11,26,307.0833333333333,1.0,4.0,1.0,2.0,3,"Residential (evening peak, weekend >= weekday)",4
TEST-01468,Gerji,2025-11-04 02:00:00,11.8,0.0,78.0,10.9,1,0,0,0.0,0,0,0,0,0,0,0,0,0,0,0,48.0,48.0,2,1,0,11,26,307.0833333333333,7.0,4.0,4.0,5.0,4,"Residential (evening peak, weekend >= weekday)",4
TEST-01341,Kazanchis,2025-11-04 02:00:00,11.8,0.0,78.0,10.9,1,0,0,0.0,0,0,0,0,0,0,0,0,0,0,0,48.0,5.0,2,1,0,11,26,307.0833333333333,1.0,5.0,5.0,3.6666666666666665,5,Business / office (weekday commute),0
TEST-01061,Kolfe,2025-11-04 02:00:00,11.8,0.0,78.0,10.9,1,0,0,0.0,0,0,0,0,0,0,0,0,0,0,0,48.0,48.0,2,1,0,11,26,307.0833333333333,3.0,7.0,6.0,5.333333333333333,6,"Residential (evening peak, weekend >= weekday)",4
TEST-02690,Lideta,2025-11-04 02:00:00,11.8,0.0,78.0,10.9,1,0,0,0.0,0,0,0,0,0,0,0,0,0,0,0,48.0,48.0,2,1,0,11,26,307.0833333333333,8.0,,5.0,6.5,7,Mixed hub (commute + busy midday),3
TEST-01508,Megenagna,2025-11-04 02:00:00,11.8,0.0,78.0,10.9,1,0,0,0.0,0,0,0,0,0,0,0,0,0,0,0,48.0,48.0,2,1,0,11,26,307.0833333333333,9.0,6.0,7.0,7.333333333333333,8,Mixed hub (commute + busy midday),3
TEST-00063,Merkato,2025-11-04 02:00:00,11.8,0.0,78.0,10.9,1,0,0,0.0,0,0,0,0,0,0,0,0,0,0,0,48.0,48.0,2,1,0,11,26,307.0833333333333,7.0,8.0,7.0,7.333333333333333,9,Market (midday peak),2
TEST-01176,Piassa,2025-11-04 02:00:00,11.8,0.0,78.0,10.9,1,0,0,0.0,0,0,0,0,0,0,0,0,0,0,0,48.0,48.0,2,1,0,11,26,307.0833333333333,1.0,8.0,3.0,4.0,10,Business / office (weekday commute),0
TEST-01219,Sarbet,2025-11-04 02:00:00,11.8,0.0,78.0,10.9,1,0,0,0.0,0,0,0,0,0,0,0,0,0,0,0,48.0,48.0,2,1,0,11,26,307.0833333333333,5.0,2.0,6.0,4.333333333333333,11,"Residential (evening peak, weekend >= weekday)",4
TEST-01615,Arat Kilo,2025-11-04 03:00:00,11.5,0.0,89.0,15.9,1,0,0,0.0,0,0,0,0,0,0,0,0,0,0,0,48.0,48.0,3,1,0,11,26,307.125,5.0,2.0,2.0,3.0,0,Business / office (weekday commute),0
TEST-02272,Ayat,2025-11-04 03:00:00,11.5,0.0,89.0,15.9,1,0,0,0.0,0,0,0,0,0,0,0,0,0,0,0,48.0,48.0,3,1,0,11,26,307.125,3.0,3.0,4.0,3.333333333333333,1,"Residential (evening peak, weekend >= weekday)",4
TEST-00748,Bole,2025-11-04 03:00:00,11.5,0.0,89.0,15.9,1,0,0,0.0,0,0,0,0,0,0,0,0,0,0,0,40.0,48.0,3,1,0,11,26,307.125,18.0,22.0,19.0,19.666666666666668,2,"Leisure / nightlife (late, weekend-heavy)",1
TEST-02921,CMC,2025-11-04 03:00:00,11.5,0.0,89.0,15.9,1,0,0,0.0,0,0,0,0,0,0,0,0,0,0,0,48.0,48.0,3,1,0,11,26,307.125,4.0,6.0,4.0,4.666666666666667,3,"Residential (evening peak, weekend >= weekday)",4
TEST-01021,Gerji,2025-11-04 03:00:00,11.5,0.0,89.0,15.9,1,0,0,0.0,0,0,0,0,0,0,0,0,0,0,0,48.0,48.0,3,1,0,11,26,307.125,4.0,6.0,4.0,4.666666666666667,4,"Residential (evening peak, weekend >= weekday)",4
TEST-03112,Kazanchis,2025-11-04 03:00:00,11.5,0.0,89.0,15.9,1,0,0,0.0,0,0,0,0,0,0,0,0,0,0,0,48.0,6.0,3,1,0,11,26,307.125,5.0,4.0,7.0,5.333333333333333,5,Business / office (weekday commute),0
TEST-00689,Kolfe,2025-11-04 03:00:00,11.5,0.0,89.0,15.9,1,0,0,0.0,0,0,0,0,0,0,0,0,0,0,0,48.0,48.0,3,1,0,11,26,307.125,8.0,4.0,7.0,6.333333333333333,6,"Residential (evening peak, weekend >= weekday)",4
TEST-00941,Lideta,2025-11-04 03:00:00,11.5,0.0,89.0,15.9,1,0,0,0.0,0,0,0,0,0,0,0,0,0,0,0,48.0,48.0,3,1,0,11,26,307.125,6.0,11.0,8.0,8.333333333333334,7,Mixed hub (commute + busy midday),3
TEST-02228,Megenagna,2025-11-04 03:00:00,11.5,0.0,89.0,15.9,1,0,0,0.0,0,0,0,0,0,0,0,0,0,0,0,48.0,48.0,3,1,0,11,26,307.125,10.0,13.0,11.0,11.333333333333334,8,Mixed hub (commute + busy midday),3
TEST-03576,Merkato,2025-11-04 03:00:00,11.5,0.0,89.0,15.9,1,0,0,0.0,0,0,0,0,0,0,0,0,0,0,0,48.0,48.0,3,1,0,11,26,307.125,5.0,4.0,9.0,6.0,9,Market (midday peak),2
TEST-03206,Piassa,2025-11-04 03:00:00,11.5,0.0,89.0,15.9,1,0,0,0.0,0,0,0,0,0,0,0,0,0,0,0,48.0,48.0,3,1,0,11,26,307.125,4.0,,7.0,5.5,10,Business / office (weekday commute),0
TEST-02256,Sarbet,2025-11-04 03:00:00,11.5,0.0,89.0,15.9,1,0,0,0.0,0,0,0,0,0,0,0,0,0,0,0,48.0,48.0,3,1,0,11,26,307.125,5.0,3.0,6.0,4.666666666666667,11,"Residential (evening peak, weekend >= weekday)",4
TEST-00546,Arat Kilo,2025-11-04 04:00:00,11.2,0.3,85.0,7.5,1,0,0,0.2999999999999982,1,0,0,0,0,0,0,0,0,0,0,48.0,48.0,4,1,0,11,26,307.1666666666667,3.0,1.0,0.0,1.3333333333333333,0,Business / office (weekday commute),0
TEST-01137,Ayat,2025-11-04 04:00:00,11.2,0.3,85.0,7.5,1,0,0,0.2999999999999982,1,0,0,0,0,0,0,0,0,0,0,48.0,48.0,4,1,0,11,26,307.1666666666667,6.0,5.0,2.0,4.333333333333333,1,"Residential (evening peak, weekend >= weekday)",4
TEST-00403,Bole,2025-11-04 04:00:00,11.2,0.3,85.0,7.5,1,0,0,0.2999999999999982,1,0,0,0,0,0,0,0,0,0,0,39.0,48.0,4,1,0,11,26,307.1666666666667,47.0,14.0,15.0,25.33333333333333,2,"Leisure / nightlife (late, weekend-heavy)",1
TEST-03254,CMC,2025-11-04 04:00:00,11.2,0.3,85.0,7.5,1,0,0,0.2999999999999982,1,0,0,0,0,0,0,0,0,0,0,48.0,48.0,4,1,0,11,26,307.1666666666667,7.0,7.0,10.0,8.0,3,"Residential (evening peak, weekend >= weekday)",4
TEST-01698,Gerji,2025-11-04 04:00:00,11.2,0.3,85.0,7.5,1,0,0,0.2999999999999982,1,0,0,0,0,0,0,0,0,0,0,48.0,48.0,4,1,0,11,26,307.1666666666667,6.0,14.0,7.0,9.0,4,"Residential (evening peak, weekend >= weekday)",4
TEST-01900,Kazanchis,2025-11-04 04:00:00,11.2,0.3,85.0,7.5,1,0,0,0.2999999999999982,1,0,0,0,0,0,0,0,0,0,0,48.0,7.0,4,1,0,11,26,307.1666666666667,4.0,4.0,5.0,4.333333333333333,5,Business / office (weekday commute),0
TEST-01024,Kolfe,2025-11-04 04:00:00,11.2,0.3,85.0,7.5,1,0,0,0.2999999999999982,1,0,0,0,0,0,0,0,0,0,0,48.0,48.0,4,1,0,11,26,307.1666666666667,9.0,16.0,11.0,12.0,6,"Residential (evening peak, weekend >= weekday)",4
TEST-01489,Lideta,2025-11-04 04:00:00,11.2,0.3,85.0,7.5,1,0,0,0.2999999999999982,1,0,0,0,0,0,0,0,0,0,0,48.0,48.0,4,1,0,11,26,307.1666666666667,4.0,4.0,7.0,5.0,7,Mixed hub (commute + busy midday),3
TEST-03251,Megenagna,2025-11-04 04:00:00,11.2,0.3,85.0,7.5,1,0,0,0.2999999999999982,1,0,0,0,0,0,0,0,0,0,0,48.0,48.0,4,1,0,11,26,307.1666666666667,10.0,15.0,10.0,11.666666666666666,8,Mixed hub (commute + busy midday),3
TEST-00474,Merkato,2025-11-04 04:00:00,11.2,0.3,85.0,7.5,1,0,0,0.2999999999999982,1,0,0,0,0,0,0,0,0,0,0,48.0,48.0,4,1,0,11,26,307.1666666666667,4.0,11.0,11.0,8.666666666666666,9,Market (midday peak),2
TEST-02787,Piassa,2025-11-04 04:00:00,11.2,0.3,85.0,7.5,1,0,0,0.2999999999999982,1,0,0,0,0,0,0,0,0,0,0,48.0,48.0,4,1,0,11,26,307.1666666666667,3.0,7.0,9.0,6.333333333333333,10,Business / office (weekday commute),0
TEST-01010,Sarbet,2025-11-04 04:00:00,11.2,0.3,85.0,7.5,1,0,0,0.2999999999999982,1,0,0,0,0,0,0,0,0,0,0,48.0,48.0,4,1,0,11,26,307.1666666666667,8.0,8.0,6.0,7.333333333333333,11,"Residential (evening peak, weekend >= weekday)",4
TEST-02423,Arat Kilo,2025-11-04 05:00:00,13.2,0.0,86.0,8.4,1,0,0,0.2999999999999982,0,0,0,0,0,0,0,0,0,0,0,48.0,48.0,5,1,0,11,26,307.2083333333333,5.0,8.0,4.0,5.666666666666667,0,Business / office (weekday commute),0
TEST-03696,Ayat,2025-11-04 05:00:00,13.2,0.0,86.0,8.4,1,0,0,0.2999999999999982,0,0,0,0,0,0,0,0,0,0,0,48.0,48.0,5,1,0,11,26,307.2083333333333,13.0,12.0,17.0,14.0,1,"Residential (evening peak, weekend >= weekday)",4
TEST-01920,Bole,2025-11-04 05:00:00,13.2,0.0,86.0,8.4,1,0,0,0.2999999999999982,0,0,0,0,0,0,0,0,0,0,0,38.0,48.0,5,1,0,11,26,307.2083333333333,70.0,75.0,45.0,63.333333333333336,2,"Leisure / nightlife (late, weekend-heavy)",1
TEST-02027,CMC,2025-11-04 05:00:00,13.2,0.0,86.0,8.4,1,0,0,0.2999999999999982,0,0,0,0,0,0,0,0,0,0,0,48.0,48.0,5,1,0,11,26,307.2083333333333,,10.0,17.0,13.5,3,"Residential (evening peak, weekend >= weekday)",4
TEST-00433,Gerji,2025-11-04 05:00:00,13.2,0.0,86.0,8.4,1,0,0,0.2999999999999982,0,0,0,0,0,0,0,0,0,0,0,48.0,48.0,5,1,0,11,26,307.2083333333333,29.0,27.0,24.0,26.666666666666668,4,"Residential (evening peak, weekend >= weekday)",4
TEST-03007,Kazanchis,2025-11-04 05:00:00,13.2,0.0,86.0,8.4,1,0,0,0.2999999999999982,0,0,0,0,0,0,0,0,0,0,0,48.0,8.0,5,1,0,11,26,307.2083333333333,11.0,15.0,10.0,12.0,5,Business / office (weekday commute),0
TEST-00062,Kolfe,2025-11-04 05:00:00,13.2,0.0,86.0,8.4,1,0,0,0.2999999999999982,0,0,0,0,0,0,0,0,0,0,0,48.0,48.0,5,1,0,11,26,307.2083333333333,22.0,16.0,12.0,16.666666666666668,6,"Residential (evening peak, weekend >= weekday)",4
TEST-01299,Lideta,2025-11-04 05:00:00,13.2,0.0,86.0,8.4,1,0,0,0.2999999999999982,0,0,0,0,0,0,0,0,0,0,0,48.0,48.0,5,1,0,11,26,307.2083333333333,22.0,13.0,14.0,16.333333333333332,7,Mixed hub (commute + busy midday),3
TEST-02121,Megenagna,2025-11-04 05:00:00,13.2,0.0,86.0,8.4,1,0,0,0.2999999999999982,0,0,0,0,0,0,0,0,0,0,0,48.0,48.0,5,1,0,11,26,307.2083333333333,26.0,24.0,9.0,19.666666666666668,8,Mixed hub (commute + busy midday),3
TEST-02836,Merkato,2025-11-04 05:00:00,13.2,0.0,86.0,8.4,1,0,0,0.2999999999999982,0,0,0,0,0,0,0,0,0,0,0,48.0,48.0,5,1,0,11,26,307.2083333333333,,,19.0,19.0,9,Market (midday peak),2
TEST-01002,Piassa,2025-11-04 05:00:00,13.2,0.0,86.0,8.4,1,0,0,0.2999999999999982,0,0,0,0,0,0,0,0,0,0,0,48.0,48.0,5,1,0,11,26,307.2083333333333,4.0,6.0,10.0,6.666666666666667,10,Business / office (weekday commute),0
TEST-00257,Sarbet,2025-11-04 05:00:00,13.2,0.0,86.0,8.4,1,0,0,0.2999999999999982,0,0,0,0,0,0,0,0,0,0,0,48.0,48.0,5,1,0,11,26,307.2083333333333,15.0,24.0,14.0,17.666666666666668,11,"Residential (evening peak, weekend >= weekday)",4
TEST-02679,Arat Kilo,2025-11-04 06:00:00,14.0,0.0,81.0,10.9,1,0,0,0.2999999999999982,0,0,0,0,0,0,0,0,0,0,0,48.0,48.0,6,1,0,11,26,307.25,16.0,13.0,16.0,15.0,0,Business / office (weekday commute),0
TEST-01670,Ayat,2025-11-04 06:00:00,14.0,0.0,81.0,10.9,1,0,0,0.2999999999999982,0,0,0,0,0,0,0,0,0,0,0,48.0,48.0,6,1,0,11,26,307.25,29.0,33.0,33.0,31.666666666666668,1,"Residential (evening peak, weekend >= weekday)",4
TEST-02838,Bole,2025-11-04 06:00:00,14.0,0.0,81.0,10.9,1,0,0,0.2999999999999982,0,0,0,0,0,0,0,0,0,0,0,37.0,48.0,6,1,0,11,26,307.25,66.0,81.0,86.0,77.66666666666667,2,"Leisure / nightlife (late, weekend-heavy)",1
TEST-03352,CMC,2025-11-04 06:00:00,14.0,0.0,81.0,10.9,1,0,0,0.2999999999999982,0,0,0,0,0,0,0,0,0,0,0,48.0,48.0,6,1,0,11,26,307.25,58.0,49.0,47.0,51.333333333333336,3,"Residential (evening peak, weekend >= weekday)",4
TEST-00229,Gerji,2025-11-04 06:00:00,14.0,0.0,81.0,10.9,1,0,0,0.2999999999999982,0,0,0,0,0,0,0,0,0,0,0,48.0,48.0,6,1,0,11,26,307.25,48.0,38.0,49.0,45.0,4,"Residential (evening peak, weekend >= weekday)",4
TEST-03080,Kazanchis,2025-11-04 06:00:00,14.0,0.0,81.0,10.9,1,0,0,0.2999999999999982,0,0,0,0,0,0,0,0,0,0,0,48.0,9.0,6,1,0,11,26,307.25,29.0,26.0,19.0,24.666666666666668,5,Business / office (weekday commute),0
TEST-03486,Kolfe,2025-11-04 06:00:00,14.0,0.0,81.0,10.9,1,0,0,0.2999999999999982,0,0,0,0,0,0,0,0,0,0,0,48.0,48.0,6,1,0,11,26,307.25,32.0,28.0,49.0,36.333333333333336,6,"Residential (evening peak, weekend >= weekday)",4
TEST-00770,Lideta,2025-11-04 06:00:00,14.0,0.0,81.0,10.9,1,0,0,0.2999999999999982,0,0,0,0,0,0,0,0,0,0,0,48.0,48.0,6,1,0,11,26,307.25,42.0,45.0,39.0,42.0,7,Mixed hub (commute + busy midday),3
TEST-02010,Megenagna,2025-11-04 06:00:00,14.0,0.0,81.0,10.9,1,0,0,0.2999999999999982,0,0,0,0,0,0,0,0,0,0,0,48.0,48.0,6,1,0,11,26,307.25,48.0,56.0,61.0,55.0,8,Mixed hub (commute + busy midday),3
TEST-01943,Merkato,2025-11-04 06:00:00,14.0,0.0,81.0,10.9,1,0,0,0.2999999999999982,0,0,0,0,0,0,0,0,0,0,0,48.0,48.0,6,1,0,11,26,307.25,54.0,62.0,45.0,53.66666666666666,9,Market (midday peak),2
TEST-02965,Piassa,2025-11-04 06:00:00,14.0,0.0,81.0,10.9,1,0,0,0.2999999999999982,0,0,0,0,0,0,0,0,0,0,0,48.0,48.0,6,1,0,11,26,307.25,21.0,16.0,19.0,18.666666666666668,10,Business / office (weekday commute),0
TEST-01798,Sarbet,2025-11-04 06:00:00,14.0,0.0,81.0,10.9,1,0,0,0.2999999999999982,0,0,0,0,0,0,0,0,0,0,0,48.0,48.0,6,1,0,11,26,307.25,56.0,34.0,56.0,48.66666666666666,11,"Residential (evening peak, weekend >= weekday)",4
TEST-01013,Arat Kilo,2025-11-04 07:00:00,14.7,0.0,81.0,13.7,1,0,0,0.0,0,0,0,0,0,0,0,0,0,0,0,48.0,48.0,7,1,0,11,26,307.2916666666667,30.0,46.0,36.0,37.333333333333336,0,Business / office (weekday commute),0
TEST-02882,Ayat,2025-11-04 07:00:00,14.7,0.0,81.0,13.7,1,0,0,0.0,0,0,0,0,0,0,0,0,0,0,0,48.0,48.0,7,1,0,11,26,307.2916666666667,49.0,51.0,43.0,47.66666666666666,1,"Residential (evening peak, weekend >= weekday)",4
TEST-02581,Bole,2025-11-04 07:00:00,14.7,0.0,81.0,13.7,1,0,0,0.0,0,0,0,0,0,0,0,0,0,0,0,36.0,48.0,7,1,0,11,26,307.2916666666667,78.0,39.0,46.0,54.333333333333336,2,"Leisure / nightlife (late, weekend-heavy)",1
TEST-02876,CMC,2025-11-04 07:00:00,14.7,0.0,81.0,13.7,1,0,0,0.0,0,0,0,0,0,0,0,0,0,0,0,48.0,48.0,7,1,0,11,26,307.2916666666667,52.0,64.0,74.0,63.333333333333336,3,"Residential (evening peak, weekend >= weekday)",4
TEST-00490,Gerji,2025-11-04 07:00:00,14.7,0.0,81.0,13.7,1,0,0,0.0,0,0,0,0,0,0,0,0,0,0,0,48.0,48.0,7,1,0,11,26,307.2916666666667,61.0,68.0,66.0,65.0,4,"Residential (evening peak, weekend >= weekday)",4
TEST-00524,Kazanchis,2025-11-04 07:00:00,14.7,0.0,81.0,13.7,1,0,0,0.0,0,0,0,0,0,0,0,0,0,0,0,48.0,10.0,7,1,0,11,26,307.2916666666667,56.0,68.0,63.0,62.333333333333336,5,Business / office (weekday commute),0
TEST-03510,Kolfe,2025-11-04 07:00:00,14.7,0.0,81.0,13.7,1,0,0,0.0,0,0,0,0,0,0,0,0,0,0,0,48.0,48.0,7,1,0,11,26,307.2916666666667,75.0,77.0,59.0,70.33333333333333,6,"Residential (evening peak, weekend >= weekday)",4
TEST-01086,Lideta,2025-11-04 07:00:00,14.7,0.0,81.0,13.7,1,0,0,0.0,0,0,0,0,0,0,0,0,0,0,0,48.0,48.0,7,1,0,11,26,307.2916666666667,96.0,50.0,60.0,68.66666666666667,7,Mixed hub (commute + busy midday),3
TEST-01910,Megenagna,2025-11-04 07:00:00,14.7,0.0,81.0,13.7,1,0,0,0.0,0,0,0,0,0,0,0,0,0,0,0,48.0,48.0,7,1,0,11,26,307.2916666666667,74.0,,74.0,74.0,8,Mixed hub (commute + busy midday),3
TEST-02584,Merkato,2025-11-04 07:00:00,14.7,0.0,81.0,13.7,1,0,0,0.0,0,0,0,0,0,0,0,0,0,0,0,48.0,48.0,7,1,0,11,26,307.2916666666667,82.0,76.0,92.0,83.33333333333333,9,Market (midday peak),2
TEST-02159,Piassa,2025-11-04 07:00:00,14.7,0.0,81.0,13.7,1,0,0,0.0,0,0,0,0,0,0,0,0,0,0,0,48.0,48.0,7,1,0,11,26,307.2916666666667,65.0,51.0,41.0,52.333333333333336,10,Business / office (weekday commute),0
TEST-01499,Sarbet,2025-11-04 07:00:00,14.7,0.0,81.0,13.7,1,0,0,0.0,0,0,0,0,0,0,0,0,0,0,0,48.0,48.0,7,1,0,11,26,307.2916666666667,51.0,64.0,73.0,62.66666666666666,11,"Residential (evening peak, weekend >= weekday)",4
TEST-00388,Arat Kilo,2025-11-04 08:00:00,16.9,0.0,71.0,16.3,1,0,0,0.0,0,0,0,0,0,0,0,0,0,0,0,48.0,48.0,8,1,0,11,26,307.3333333333333,61.0,50.0,54.0,55.0,0,Business / office (weekday commute),0
TEST-02874,Ayat,2025-11-04 08:00:00,16.9,0.0,71.0,16.3,1,0,0,0.0,0,0,0,0,0,0,0,0,0,0,0,48.0,48.0,8,1,0,11,26,307.3333333333333,40.0,40.0,37.0,39.0,1,"Residential (evening peak, weekend >= weekday)",4
TEST-03584,Bole,2025-11-04 08:00:00,16.9,0.0,71.0,16.3,1,0,0,0.0,0,0,0,0,0,0,0,0,0,0,0,35.0,48.0,8,1,0,11,26,307.3333333333333,36.0,65.0,40.0,47.0,2,"Leisure / nightlife (late, weekend-heavy)",1
TEST-00746,CMC,2025-11-04 08:00:00,16.9,0.0,71.0,16.3,1,0,0,0.0,0,0,0,0,0,0,0,0,0,0,0,48.0,48.0,8,1,0,11,26,307.3333333333333,33.0,53.0,46.0,44.0,3,"Residential (evening peak, weekend >= weekday)",4
TEST-00876,Gerji,2025-11-04 08:00:00,16.9,0.0,71.0,16.3,1,0,0,0.0,0,0,0,0,0,0,0,0,0,0,0,48.0,48.0,8,1,0,11,26,307.3333333333333,41.0,59.0,54.0,51.333333333333336,4,"Residential (evening peak, weekend >= weekday)",4
TEST-01949,Kazanchis,2025-11-04 08:00:00,16.9,0.0,71.0,16.3,1,0,0,0.0,0,0,0,0,0,0,0,0,0,0,0,48.0,11.0,8,1,0,11,26,307.3333333333333,91.0,62.0,82.0,78.33333333333333,5,Business / office (weekday commute),0
TEST-01359,Kolfe,2025-11-04 08:00:00,16.9,0.0,71.0,16.3,1,0,0,0.0,0,0,0,0,0,0,0,0,0,0,0,48.0,48.0,8,1,0,11,26,307.3333333333333,38.0,45.0,63.0,48.66666666666666,6,"Residential (evening peak, weekend >= weekday)",4
TEST-03969,Lideta,2025-11-04 08:00:00,16.9,0.0,71.0,16.3,1,0,0,0.0,0,0,0,0,0,0,0,0,0,0,0,48.0,48.0,8,1,0,11,26,307.3333333333333,59.0,78.0,78.0,71.66666666666667,7,Mixed hub (commute + busy midday),3
TEST-03153,Megenagna,2025-11-04 08:00:00,16.9,0.0,71.0,16.3,1,0,0,0.0,0,0,0,0,0,0,0,0,0,0,0,48.0,48.0,8,1,0,11,26,307.3333333333333,98.0,89.0,94.0,93.66666666666669,8,Mixed hub (commute + busy midday),3
TEST-03311,Merkato,2025-11-04 08:00:00,16.9,0.0,71.0,16.3,1,0,0,0.0,0,0,0,0,0,0,0,0,0,0,0,48.0,48.0,8,1,0,11,26,307.3333333333333,95.0,93.0,73.0,87.0,9,Market (midday peak),2
TEST-00905,Piassa,2025-11-04 08:00:00,16.9,0.0,71.0,16.3,1,0,0,0.0,0,0,0,0,0,0,0,0,0,0,0,48.0,48.0,8,1,0,11,26,307.3333333333333,79.0,76.0,68.0,74.33333333333333,10,Business / office (weekday commute),0
TEST-03577,Sarbet,2025-11-04 08:00:00,16.9,0.0,71.0,16.3,1,0,0,0.0,0,0,0,0,0,0,0,0,0,0,0,48.0,48.0,8,1,0,11,26,307.3333333333333,57.0,48.0,46.0,50.333333333333336,11,"Residential (evening peak, weekend >= weekday)",4
TEST-01066,Arat Kilo,2025-11-04 09:00:00,18.5,0.0,64.0,13.7,1,0,0,0.0,0,0,0,0,0,0,0,0,0,0,0,48.0,48.0,9,1,0,11,26,307.375,35.0,56.0,38.0,43.0,0,Business / office (weekday commute),0
TEST-02414,Ayat,2025-11-04 09:00:00,18.5,0.0,64.0,13.7,1,0,0,0.0,0,0,0,0,0,0,0,0,0,0,0,48.0,48.0,9,1,0,11,26,307.375,19.0,26.0,21.0,22.0,1,"Residential (evening peak, weekend >= weekday)",4
TEST-01982,Bole,2025-11-04 09:00:00,18.5,0.0,64.0,13.7,1,0,0,0.0,0,0,0,0,0,0,0,0,0,0,0,34.0,48.0,9,1,0,11,26,307.375,51.0,45.0,37.0,44.333333333333336,2,"Leisure / nightlife (late, weekend-heavy)",1
TEST-00118,CMC,2025-11-04 09:00:00,18.5,0.0,64.0,13.7,1,0,0,0.0,0,0,0,0,0,0,0,0,0,0,0,48.0,48.0,9,1,0,11,26,307.375,28.0,33.0,28.0,29.666666666666668,3,"Residential (evening peak, weekend >= weekday)",4
TEST-01269,Gerji,2025-11-04 09:00:00,18.5,0.0,64.0,13.7,1,0,0,0.0,0,0,0,0,0,0,0,0,0,0,0,48.0,48.0,9,1,0,11,26,307.375,33.0,37.0,27.0,32.333333333333336,4,"Residential (evening peak, weekend >= weekday)",4
TEST-01181,Kazanchis,2025-11-04 09:00:00,18.5,0.0,64.0,13.7,1,0,0,0.0,0,0,0,0,0,0,0,0,0,0,0,48.0,12.0,9,1,0,11,26,307.375,75.0,73.0,49.0,65.66666666666667,5,Business / office (weekday commute),0
TEST-01390,Kolfe,2025-11-04 09:00:00,18.5,0.0,64.0,13.7,1,0,0,0.0,0,0,0,0,0,0,0,0,0,0,0,48.0,48.0,9,1,0,11,26,307.375,27.0,33.0,33.0,31.0,6,"Residential (evening peak, weekend >= weekday)",4
TEST-03291,Lideta,2025-11-04 09:00:00,18.5,0.0,64.0,13.7,1,0,0,0.0,0,0,0,0,0,0,0,0,0,0,0,48.0,48.0,9,1,0,11,26,307.375,48.0,52.0,72.0,57.333333333333336,7,Mixed hub (commute + busy midday),3
TEST-03574,Megenagna,2025-11-04 09:00:00,18.5,0.0,64.0,13.7,1,0,0,0.0,0,0,0,0,0,0,0,0,0,0,0,48.0,48.0,9,1,0,11,26,307.375,56.0,57.0,62.0,58.333333333333336,8,Mixed hub (commute + busy midday),3
TEST-02809,Merkato,2025-11-04 09:00:00,18.5,0.0,64.0,13.7,1,0,0,0.0,0,0,0,0,0,0,0,0,0,0,0,48.0,48.0,9,1,0,11,26,307.375,94.0,83.0,85.0,87.33333333333333,9,Market (midday peak),2
TEST-02985,Piassa,2025-11-04 09:00:00,18.5,0.0,64.0,13.7,1,0,0,0.0,0,0,0,0,0,0,0,0,0,0,0,48.0,48.0,9,1,0,11,26,307.375,51.0,83.0,55.0,63.0,10,Business / office (weekday commute),0
TEST-00839,Sarbet,2025-11-04 09:00:00,18.5,0.0,64.0,13.7,1,0,0,0.0,0,0,0,0,0,0,0,0,0,0,0,48.0,48.0,9,1,0,11,26,307.375,36.0,23.0,32.0,30.33333333333333,11,"Residential (evening peak, weekend >= weekday)",4
TEST-03378,Arat Kilo,2025-11-04 10:00:00,21.5,0.0,68.0,8.7,1,0,0,0.0,0,0,0,0,0,0,0,0,0,0,0,48.0,48.0,10,1,0,11,26,307.4166666666667,,23.0,,23.0,0,Business / office (weekday commute),0
TEST-02116,Ayat,2025-11-04 10:00:00,21.5,0.0,68.0,8.7,1,0,0,0.0,0,0,0,0,0,0,0,0,0,0,0,48.0,48.0,10,1,0,11,26,307.4166666666667,14.0,13.0,18.0,15.0,1,"Residential (evening peak, weekend >= weekday)",4
TEST-01764,Bole,2025-11-04 10:00:00,21.5,0.0,68.0,8.7,1,0,0,0.0,0,0,0,0,0,0,0,0,0,0,0,33.0,48.0,10,1,0,11,26,307.4166666666667,38.0,52.0,25.0,38.333333333333336,2,"Leisure / nightlife (late, weekend-heavy)",1
TEST-01441,CMC,2025-11-04 10:00:00,21.5,0.0,68.0,8.7,1,0,0,0.0,0,0,0,0,0,0,0,0,0,0,0,48.0,48.0,10,1,0,11,26,307.4166666666667,24.0,27.0,30.0,27.0,3,"Residential (evening peak, weekend >= weekday)",4
TEST-03417,Gerji,2025-11-04 10:00:00,21.5,0.0,68.0,8.7,1,0,0,0.0,0,0,0,0,0,0,0,0,0,0,0,48.0,48.0,10,1,0,11,26,307.4166666666667,19.0,24.0,,21.5,4,"Residential (evening peak, weekend >= weekday)",4
TEST-00612,Kazanchis,2025-11-04 10:00:00,21.5,0.0,68.0,8.7,1,0,0,0.0,0,0,0,0,0,0,0,0,0,0,0,48.0,13.0,10,1,0,11,26,307.4166666666667,35.0,23.0,34.0,30.666666666666668,5,Business / office (weekday commute),0
TEST-03531,Kolfe,2025-11-04 10:00:00,21.5,0.0,68.0,8.7,1,0,0,0.0,0,0,0,0,0,0,0,0,0,0,0,48.0,48.0,10,1,0,11,26,307.4166666666667,13.0,18.0,15.0,15.333333333333334,6,"Residential (evening peak, weekend >= weekday)",4
TEST-03201,Lideta,2025-11-04 10:00:00,21.5,0.0,68.0,8.7,1,0,0,0.0,0,0,0,0,0,0,0,0,0,0,0,48.0,48.0,10,1,0,11,26,307.4166666666667,48.0,31.0,35.0,38.0,7,Mixed hub (commute + busy midday),3
TEST-02211,Megenagna,2025-11-04 10:00:00,21.5,0.0,68.0,8.7,1,0,0,0.0,0,0,0,0,0,0,0,0,0,0,0,48.0,48.0,10,1,0,11,26,307.4166666666667,48.0,38.0,34.0,40.0,8,Mixed hub (commute + busy midday),3
TEST-00561,Merkato,2025-11-04 10:00:00,21.5,0.0,68.0,8.7,1,0,0,0.0,0,0,0,0,0,0,0,0,0,0,0,48.0,48.0,10,1,0,11,26,307.4166666666667,85.0,73.0,82.0,80.0,9,Market (midday peak),2
TEST-01147,Piassa,2025-11-04 10:00:00,21.5,0.0,68.0,8.7,1,0,0,0.0,0,0,0,0,0,0,0,0,0,0,0,48.0,48.0,10,1,0,11,26,307.4166666666667,21.0,28.0,27.0,25.33333333333333,10,Business / office (weekday commute),0
TEST-00353,Sarbet,2025-11-04 10:00:00,21.5,0.0,68.0,8.7,1,0,0,0.0,0,0,0,0,0,0,0,0,0,0,0,48.0,48.0,10,1,0,11,26,307.4166666666667,18.0,21.0,28.0,22.33333333333333,11,"Residential (evening peak, weekend >= weekday)",4
TEST-02670,Arat Kilo,2025-11-04 11:00:00,22.0,0.0,61.0,6.6,1,0,0,0.0,0,0,0,0,0,0,0,0,0,0,0,48.0,48.0,11,1,0,11,26,307.4583333333333,17.0,16.0,13.0,15.333333333333334,0,Business / office (weekday commute),0
TEST-03390,Ayat,2025-11-04 11:00:00,22.0,0.0,61.0,6.6,1,0,0,0.0,0,0,0,0,0,0,0,0,0,0,0,48.0,48.0,11,1,0,11,26,307.4583333333333,19.0,15.0,8.0,14.0,1,"Residential (evening peak, weekend >= weekday)",4
TEST-03273,Bole,2025-11-04 11:00:00,22.0,0.0,61.0,6.6,1,0,0,0.0,0,0,0,0,0,0,0,0,0,0,0,32.0,48.0,11,1,0,11,26,307.4583333333333,50.0,,31.0,40.5,2,"Leisure / nightlife (late, weekend-heavy)",1
TEST-01639,CMC,2025-11-04 11:00:00,22.0,0.0,61.0,6.6,1,0,0,0.0,0,0,0,0,0,0,0,0,0,0,0,48.0,48.0,11,1,0,11,26,307.4583333333333,25.0,22.0,,23.5,3,"Residential (evening peak, weekend >= weekday)",4
TEST-02413,Gerji,2025-11-04 11:00:00,22.0,0.0,61.0,6.6,1,0,0,0.0,0,0,0,0,0,0,0,0,0,0,0,48.0,48.0,11,1,0,11,26,307.4583333333333,14.0,22.0,26.0,20.666666666666668,4,"Residential (evening peak, weekend >= weekday)",4
TEST-01396,Kazanchis,2025-11-04 11:00:00,22.0,0.0,61.0,6.6,1,0,0,0.0,0,0,0,0,0,0,0,0,0,0,0,48.0,14.0,11,1,0,11,26,307.4583333333333,,29.0,21.0,25.0,5,Business / office (weekday commute),0
TEST-01379,Kolfe,2025-11-04 11:00:00,22.0,0.0,61.0,6.6,1,0,0,0.0,0,0,0,0,0,0,0,0,0,0,0,48.0,48.0,11,1,0,11,26,307.4583333333333,11.0,20.0,14.0,15.0,6,"Residential (evening peak, weekend >= weekday)",4
TEST-02970,Lideta,2025-11-04 11:00:00,22.0,0.0,61.0,6.6,1,0,0,0.0,0,0,0,0,0,0,0,0,0,0,0,48.0,48.0,11,1,0,11,26,307.4583333333333,41.0,29.0,29.0,33.0,7,Mixed hub (commute + busy midday),3
TEST-03788,Megenagna,2025-11-04 11:00:00,22.0,0.0,61.0,6.6,1,0,0,0.0,0,0,0,0,0,0,0,0,0,0,0,48.0,48.0,11,1,0,11,26,307.4583333333333,50.0,43.0,56.0,49.66666666666666,8,Mixed hub (commute + busy midday),3
TEST-01956,Merkato,2025-11-04 11:00:00,22.0,0.0,61.0,6.6,1,0,0,0.0,0,0,0,0,0,0,0,0,0,0,0,48.0,48.0,11,1,0,11,26,307.4583333333333,90.0,101.0,112.0,101.0,9,Market (midday peak),2
TEST-01120,Piassa,2025-11-04 11:00:00,22.0,0.0,61.0,6.6,1,0,0,0.0,0,0,0,0,0,0,0,0,0,0,0,48.0,48.0,11,1,0,11,26,307.4583333333333,28.0,21.0,20.0,23.0,10,Business / office (weekday commute),0
TEST-00427,Sarbet,2025-11-04 11:00:00,22.0,0.0,61.0,6.6,1,0,0,0.0,0,0,0,0,0,0,0,0,0,0,0,48.0,48.0,11,1,0,11,26,307.4583333333333,26.0,21.0,24.0,23.666666666666668,11,"Residential (evening peak, weekend >= weekday)",4
TEST-02953,Arat Kilo,2025-11-04 12:00:00,23.7,0.0,63.0,12.5,1,0,0,0.0,0,0,0,0,0,0,0,0,0,0,0,48.0,48.0,12,1,0,11,26,307.5,38.0,26.0,20.0,28.0,0,Business / office (weekday commute),0
TEST-02288,Ayat,2025-11-04 12:00:00,23.7,0.0,63.0,12.5,1,0,0,0.0,0,0,0,0,0,0,0,0,0,0,0,48.0,48.0,12,1,0,11,26,307.5,25.0,13.0,16.0,18.0,1,"Residential (evening peak, weekend >= weekday)",4
TEST-02667,Bole,2025-11-04 12:00:00,23.7,0.0,63.0,12.5,1,0,0,0.0,0,0,0,0,0,0,0,0,0,0,0,31.0,48.0,12,1,0,11,26,307.5,52.0,44.0,61.0,52.333333333333336,2,"Leisure / nightlife (late, weekend-heavy)",1
TEST-01123,CMC,2025-11-04 12:00:00,23.7,0.0,63.0,12.5,1,0,0,0.0,0,0,0,0,0,0,0,0,0,0,0,48.0,48.0,12,1,0,11,26,307.5,23.0,28.0,23.0,24.666666666666668,3,"Residential (evening peak, weekend >= weekday)",4
TEST-00810,Gerji,2025-11-04 12:00:00,23.7,0.0,63.0,12.5,1,0,0,0.0,0,0,0,0,0,0,0,0,0,0,0,48.0,48.0,12,1,0,11,26,307.5,33.0,26.0,25.0,28.0,4,"Residential (evening peak, weekend >= weekday)",4
TEST-00716,Kazanchis,2025-11-04 12:00:00,23.7,0.0,63.0,12.5,1,0,0,0.0,0,0,0,0,0,0,0,0,0,0,0,48.0,15.0,12,1,0,11,26,307.5,50.0,46.0,43.0,46.333333333333336,5,Business / office (weekday commute),0
TEST-01629,Kolfe,2025-11-04 12:00:00,23.7,0.0,63.0,12.5,1,0,0,0.0,0,0,0,0,0,0,0,0,0,0,0,48.0,48.0,12,1,0,11,26,307.5,30.0,17.0,18.0,21.666666666666668,6,"Residential (evening peak, weekend >= weekday)",4
TEST-01397,Lideta,2025-11-04 12:00:00,23.7,0.0,63.0,12.5,1,0,0,0.0,0,0,0,0,0,0,0,0,0,0,0,48.0,48.0,12,1,0,11,26,307.5,31.0,39.0,41.0,37.0,7,Mixed hub (commute + busy midday),3
TEST-02508,Megenagna,2025-11-04 12:00:00,23.7,0.0,63.0,12.5,1,0,0,0.0,0,0,0,0,0,0,0,0,0,0,0,48.0,48.0,12,1,0,11,26,307.5,59.0,50.0,54.0,54.333333333333336,8,Mixed hub (commute + busy midday),3
TEST-00059,Merkato,2025-11-04 12:00:00,23.7,0.0,63.0,12.5,1,0,0,0.0,0,0,0,0,0,0,0,0,0,0,0,48.0,48.0,12,1,0,11,26,307.5,96.0,100.0,72.0,89.33333333333333,9,Market (midday peak),2
TEST-00882,Piassa,2025-11-04 12:00:00,23.7,0.0,63.0,12.5,1,0,0,0.0,0,0,0,0,0,0,0,0,0,0,0,48.0,48.0,12,1,0,11,26,307.5,45.0,42.0,47.0,44.66666666666666,10,Business / office (weekday commute),0
TEST-01338,Sarbet,2025-11-04 12:00:00,23.7,0.0,63.0,12.5,1,0,0,0.0,0,0,0,0,0,0,0,0,0,0,0,48.0,48.0,12,1,0,11,26,307.5,19.0,18.0,21.0,19.33333333333333,11,"Residential (evening peak, weekend >= weekday)",4
TEST-00848,Arat Kilo,2025-11-04 13:00:00,23.6,0.3,54.0,14.0,1,0,0,0.2999999999999982,1,0,0,0,0,0,0,0,0,0,0,48.0,48.0,13,1,0,11,26,307.5416666666667,39.0,44.0,45.0,42.66666666666666,0,Business / office (weekday commute),0
TEST-01964,Ayat,2025-11-04 13:00:00,23.6,0.3,54.0,14.0,1,0,0,0.2999999999999982,1,0,0,0,0,0,0,0,0,0,0,48.0,48.0,13,1,0,11,26,307.5416666666667,18.0,21.0,22.0,20.33333333333333,1,"Residential (evening peak, weekend >= weekday)",4
TEST-01388,Bole,2025-11-04 13:00:00,23.6,0.3,54.0,14.0,1,0,0,0.2999999999999982,1,0,0,0,0,0,0,0,0,0,0,30.0,48.0,13,1,0,11,26,307.5416666666667,51.0,50.0,55.0,52.0,2,"Leisure / nightlife (late, weekend-heavy)",1
TEST-03996,CMC,2025-11-04 13:00:00,23.6,0.3,54.0,14.0,1,0,0,0.2999999999999982,1,0,0,0,0,0,0,0,0,0,0,48.0,48.0,13,1,0,11,26,307.5416666666667,26.0,32.0,31.0,29.666666666666668,3,"Residential (evening peak, weekend >= weekday)",4
TEST-03077,Gerji,2025-11-04 13:00:00,23.6,0.3,54.0,14.0,1,0,0,0.2999999999999982,1,0,0,0,0,0,0,0,0,0,0,48.0,48.0,13,1,0,11,26,307.5416666666667,18.0,28.0,29.0,25.0,4,"Residential (evening peak, weekend >= weekday)",4
TEST-02005,Kazanchis,2025-11-04 13:00:00,23.6,0.3,54.0,14.0,1,0,0,0.2999999999999982,1,0,0,0,0,0,0,0,0,0,0,48.0,16.0,13,1,0,11,26,307.5416666666667,77.0,80.0,54.0,70.33333333333333,5,Business / office (weekday commute),0
TEST-01979,Kolfe,2025-11-04 13:00:00,23.6,0.3,54.0,14.0,1,0,0,0.2999999999999982,1,0,0,0,0,0,0,0,0,0,0,48.0,48.0,13,1,0,11,26,307.5416666666667,17.0,21.0,16.0,18.0,6,"Residential (evening peak, weekend >= weekday)",4
TEST-01227,Lideta,2025-11-04 13:00:00,23.6,0.3,54.0,14.0,1,0,0,0.2999999999999982,1,0,0,0,0,0,0,0,0,0,0,48.0,48.0,13,1,0,11,26,307.5416666666667,42.0,25.0,45.0,37.333333333333336,7,Mixed hub (commute + busy midday),3
TEST-00928,Megenagna,2025-11-04 13:00:00,23.6,0.3,54.0,14.0,1,0,0,0.2999999999999982,1,0,0,0,0,0,0,0,0,0,0,48.0,48.0,13,1,0,11,26,307.5416666666667,37.0,,45.0,41.0,8,Mixed hub (commute + busy midday),3
TEST-03884,Merkato,2025-11-04 13:00:00,23.6,0.3,54.0,14.0,1,0,0,0.2999999999999982,1,0,0,0,0,0,0,0,0,0,0,48.0,48.0,13,1,0,11,26,307.5416666666667,111.0,103.0,109.0,107.66666666666669,9,Market (midday peak),2
TEST-03081,Piassa,2025-11-04 13:00:00,23.6,0.3,54.0,14.0,1,0,0,0.2999999999999982,1,0,0,0,0,0,0,0,0,0,0,48.0,48.0,13,1,0,11,26,307.5416666666667,66.0,52.0,60.0,59.333333333333336,10,Business / office (weekday commute),0
TEST-01961,Sarbet,2025-11-04 13:00:00,23.6,0.3,54.0,14.0,1,0,0,0.2999999999999982,1,0,0,0,0,0,0,0,0,0,0,48.0,48.0,13,1,0,11,26,307.5416666666667,10.0,,25.0,17.5,11,"Residential (evening peak, weekend >= weekday)",4
TEST-00672,Arat Kilo,2025-11-04 14:00:00,26.3,0.0,45.0,6.6,1,0,0,0.2999999999999982,0,0,0,0,0,0,0,0,0,0,0,48.0,48.0,14,1,0,11,26,307.5833333333333,34.0,44.0,33.0,37.0,0,Business / office (weekday commute),0
TEST-01696,Ayat,2025-11-04 14:00:00,26.3,0.0,45.0,6.6,1,0,0,0.2999999999999982,0,0,0,0,0,0,0,0,0,0,0,48.0,48.0,14,1,0,11,26,307.5833333333333,16.0,11.0,16.0,14.333333333333334,1,"Residential (evening peak, weekend >= weekday)",4
TEST-00501,Bole,2025-11-04 14:00:00,26.3,0.0,45.0,6.6,1,0,0,0.2999999999999982,0,0,0,0,0,0,0,0,0,0,0,29.0,48.0,14,1,0,11,26,307.5833333333333,57.0,45.0,35.0,45.66666666666666,2,"Leisure / nightlife (late, weekend-heavy)",1
TEST-03957,CMC,2025-11-04 14:00:00,26.3,0.0,45.0,6.6,1,0,0,0.2999999999999982,0,0,0,0,0,0,0,0,0,0,0,48.0,48.0,14,1,0,11,26,307.5833333333333,19.0,16.0,30.0,21.666666666666668,3,"Residential (evening peak, weekend >= weekday)",4
TEST-01804,Gerji,2025-11-04 14:00:00,26.3,0.0,45.0,6.6,1,0,0,0.2999999999999982,0,0,0,0,0,0,0,0,0,0,0,48.0,48.0,14,1,0,11,26,307.5833333333333,18.0,17.0,,17.5,4,"Residential (evening peak, weekend >= weekday)",4
TEST-02146,Kazanchis,2025-11-04 14:00:00,26.3,0.0,45.0,6.6,1,0,0,0.2999999999999982,0,0,0,0,0,0,0,0,0,0,0,48.0,17.0,14,1,0,11,26,307.5833333333333,49.0,77.0,48.0,58.0,5,Business / office (weekday commute),0
TEST-03233,Kolfe,2025-11-04 14:00:00,26.3,0.0,45.0,6.6,1,0,0,0.2999999999999982,0,0,0,0,0,0,0,0,0,0,0,48.0,48.0,14,1,0,11,26,307.5833333333333,27.0,13.0,20.0,20.0,6,"Residential (evening peak, weekend >= weekday)",4
TEST-00572,Lideta,2025-11-04 14:00:00,26.3,0.0,45.0,6.6,1,0,0,0.2999999999999982,0,0,0,0,0,0,0,0,0,0,0,48.0,48.0,14,1,0,11,26,307.5833333333333,39.0,31.0,45.0,38.333333333333336,7,Mixed hub (commute + busy midday),3
TEST-02419,Megenagna,2025-11-04 14:00:00,26.3,0.0,45.0,6.6,1,0,0,0.2999999999999982,0,0,0,0,0,0,0,0,0,0,0,48.0,48.0,14,1,0,11,26,307.5833333333333,51.0,52.0,45.0,49.333333333333336,8,Mixed hub (commute + busy midday),3
TEST-03905,Merkato,2025-11-04 14:00:00,26.3,0.0,45.0,6.6,1,0,0,0.2999999999999982,0,0,0,0,0,0,0,0,0,0,0,48.0,48.0,14,1,0,11,26,307.5833333333333,86.0,99.0,86.0,90.33333333333331,9,Market (midday peak),2
TEST-02222,Piassa,2025-11-04 14:00:00,26.3,0.0,45.0,6.6,1,0,0,0.2999999999999982,0,0,0,0,0,0,0,0,0,0,0,48.0,48.0,14,1,0,11,26,307.5833333333333,44.0,48.0,48.0,46.66666666666666,10,Business / office (weekday commute),0
TEST-00549,Sarbet,2025-11-04 14:00:00,26.3,0.0,45.0,6.6,1,0,0,0.2999999999999982,0,0,0,0,0,0,0,0,0,0,0,48.0,48.0,14,1,0,11,26,307.5833333333333,15.0,20.0,8.0,14.333333333333334,11,"Residential (evening peak, weekend >= weekday)",4
TEST-03279,Arat Kilo,2025-11-04 15:00:00,25.2,0.0,51.0,9.0,1,0,0,0.2999999999999982,0,0,0,0,0,0,0,0,0,0,0,48.0,48.0,15,1,0,11,26,307.625,23.0,34.0,30.0,29.0,0,Business / office (weekday commute),0
TEST-02204,Ayat,2025-11-04 15:00:00,25.2,0.0,51.0,9.0,1,0,0,0.2999999999999982,0,0,0,0,0,0,0,0,0,0,0,48.0,48.0,15,1,0,11,26,307.625,15.0,11.0,20.0,15.333333333333334,1,"Residential (evening peak, weekend >= weekday)",4
TEST-00595,Bole,2025-11-04 15:00:00,25.2,0.0,51.0,9.0,1,0,0,0.2999999999999982,0,0,0,0,0,0,0,0,0,0,0,28.0,48.0,15,1,0,11,26,307.625,38.0,36.0,42.0,38.66666666666666,2,"Leisure / nightlife (late, weekend-heavy)",1
TEST-01793,CMC,2025-11-04 15:00:00,25.2,0.0,51.0,9.0,1,0,0,0.2999999999999982,0,0,0,0,0,0,0,0,0,0,0,48.0,48.0,15,1,0,11,26,307.625,15.0,24.0,27.0,22.0,3,"Residential (evening peak, weekend >= weekday)",4
TEST-02205,Gerji,2025-11-04 15:00:00,25.2,0.0,51.0,9.0,1,0,0,0.2999999999999982,0,0,0,0,0,0,0,0,0,0,0,48.0,48.0,15,1,0,11,26,307.625,26.0,23.0,26.0,25.0,4,"Residential (evening peak, weekend >= weekday)",4
TEST-02237,Kazanchis,2025-11-04 15:00:00,25.2,0.0,51.0,9.0,1,0,0,0.2999999999999982,0,0,0,0,0,0,0,0,0,0,0,48.0,18.0,15,1,0,11,26,307.625,51.0,29.0,37.0,39.0,5,Business / office (weekday commute),0
TEST-01471,Kolfe,2025-11-04 15:00:00,25.2,0.0,51.0,9.0,1,0,0,0.2999999999999982,0,0,0,0,0,0,0,0,0,0,0,48.0,48.0,15,1,0,11,26,307.625,16.0,18.0,20.0,18.0,6,"Residential (evening peak, weekend >= weekday)",4
TEST-00520,Lideta,2025-11-04 15:00:00,25.2,0.0,51.0,9.0,1,0,0,0.2999999999999982,0,0,0,0,0,0,0,0,0,0,0,48.0,48.0,15,1,0,11,26,307.625,25.0,53.0,19.0,32.333333333333336,7,Mixed hub (commute + busy midday),3
TEST-03770,Megenagna,2025-11-04 15:00:00,25.2,0.0,51.0,9.0,1,0,0,0.2999999999999982,0,0,0,0,0,0,0,0,0,0,0,48.0,48.0,15,1,0,11,26,307.625,34.0,56.0,38.0,42.66666666666666,8,Mixed hub (commute + busy midday),3
TEST-00266,Merkato,2025-11-04 15:00:00,25.2,0.0,51.0,9.0,1,0,0,0.2999999999999982,0,0,0,0,0,0,0,0,0,0,0,48.0,48.0,15,1,0,11,26,307.625,117.0,77.0,97.0,97.0,9,Market (midday peak),2
TEST-00714,Piassa,2025-11-04 15:00:00,25.2,0.0,51.0,9.0,1,0,0,0.2999999999999982,0,0,0,0,0,0,0,0,0,0,0,48.0,48.0,15,1,0,11,26,307.625,59.0,31.0,52.0,47.333333333333336,10,Business / office (weekday commute),0
TEST-02830,Sarbet,2025-11-04 15:00:00,25.2,0.0,51.0,9.0,1,0,0,0.2999999999999982,0,0,0,0,0,0,0,0,0,0,0,48.0,48.0,15,1,0,11,26,307.625,24.0,25.0,16.0,21.666666666666668,11,"Residential (evening peak, weekend >= weekday)",4
TEST-00264,Arat Kilo,2025-11-04 16:00:00,25.5,0.3,42.0,8.6,1,0,0,0.2999999999999982,1,0,0,0,0,0,0,0,0,0,0,48.0,48.0,16,1,0,11,26,307.6666666666667,36.0,43.0,49.0,42.66666666666666,0,Business / office (weekday commute),0
TEST-01516,Ayat,2025-11-04 16:00:00,25.5,0.3,42.0,8.6,1,0,0,0.2999999999999982,1,0,0,0,0,0,0,0,0,0,0,48.0,48.0,16,1,0,11,26,307.6666666666667,21.0,12.0,13.0,15.333333333333334,1,"Residential (evening peak, weekend >= weekday)",4
TEST-00600,Bole,2025-11-04 16:00:00,25.5,0.3,42.0,8.6,1,0,0,0.2999999999999982,1,0,0,0,0,0,0,0,0,0,0,27.0,48.0,16,1,0,11,26,307.6666666666667,32.0,29.0,31.0,30.666666666666668,2,"Leisure / nightlife (late, weekend-heavy)",1
TEST-03164,CMC,2025-11-04 16:00:00,25.5,0.3,42.0,8.6,1,0,0,0.2999999999999982,1,0,0,0,0,0,0,0,0,0,0,48.0,48.0,16,1,0,11,26,307.6666666666667,22.0,27.0,35.0,28.0,3,"Residential (evening peak, weekend >= weekday)",4
TEST-02601,Gerji,2025-11-04 16:00:00,25.5,0.3,42.0,8.6,1,0,0,0.2999999999999982,1,0,0,0,0,0,0,0,0,0,0,48.0,48.0,16,1,0,11,26,307.6666666666667,35.0,23.0,25.0,27.666666666666668,4,"Residential (evening peak, weekend >= weekday)",4
TEST-02478,Kazanchis,2025-11-04 16:00:00,25.5,0.3,42.0,8.6,1,0,0,0.2999999999999982,1,0,0,0,0,0,0,0,0,0,0,48.0,19.0,16,1,0,11,26,307.6666666666667,52.0,74.0,28.0,51.333333333333336,5,Business / office (weekday commute),0
TEST-02328,Kolfe,2025-11-04 16:00:00,25.5,0.3,42.0,8.6,1,0,0,0.2999999999999982,1,0,0,0,0,0,0,0,0,0,0,48.0,48.0,16,1,0,11,26,307.6666666666667,32.0,28.0,29.0,29.666666666666668,6,"Residential (evening peak, weekend >= weekday)",4
TEST-01543,Lideta,2025-11-04 16:00:00,25.5,0.3,42.0,8.6,1,0,0,0.2999999999999982,1,0,0,0,0,0,0,0,0,0,0,48.0,48.0,16,1,0,11,26,307.6666666666667,,59.0,43.0,51.0,7,Mixed hub (commute + busy midday),3
TEST-00700,Megenagna,2025-11-04 16:00:00,25.5,0.3,42.0,8.6,1,0,0,0.2999999999999982,1,0,0,0,0,0,0,0,0,0,0,48.0,48.0,16,1,0,11,26,307.6666666666667,75.0,68.0,46.0,63.0,8,Mixed hub (commute + busy midday),3
TEST-01980,Merkato,2025-11-04 16:00:00,25.5,0.3,42.0,8.6,1,0,0,0.2999999999999982,1,0,0,0,0,0,0,0,0,0,0,48.0,48.0,16,1,0,11,26,307.6666666666667,97.0,86.0,85.0,89.33333333333333,9,Market (midday peak),2
TEST-03296,Piassa,2025-11-04 16:00:00,25.5,0.3,42.0,8.6,1,0,0,0.2999999999999982,1,0,0,0,0,0,0,0,0,0,0,48.0,48.0,16,1,0,11,26,307.6666666666667,41.0,59.0,50.0,50.0,10,Business / office (weekday commute),0
TEST-02645,Sarbet,2025-11-04 16:00:00,25.5,0.3,42.0,8.6,1,0,0,0.2999999999999982,1,0,0,0,0,0,0,0,0,0,0,48.0,48.0,16,1,0,11,26,307.6666666666667,20.0,20.0,17.0,19.0,11,"Residential (evening peak, weekend >= weekday)",4
TEST-00290,Arat Kilo,2025-11-04 17:00:00,24.1,0.0,54.0,12.8,1,0,0,0.2999999999999982,0,0,0,0,0,0,0,0,0,0,0,48.0,48.0,17,1,0,11,26,307.7083333333333,62.0,54.0,72.0,62.66666666666666,0,Business / office (weekday commute),0
TEST-00122,Ayat,2025-11-04 17:00:00,24.1,0.0,54.0,12.8,1,0,0,0.2999999999999982,0,0,0,0,0,0,0,0,0,0,0,48.0,48.0,17,1,0,11,26,307.7083333333333,16.0,28.0,22.0,22.0,1,"Residential (evening peak, weekend >= weekday)",4
TEST-02036,Bole,2025-11-04 17:00:00,24.1,0.0,54.0,12.8,1,0,0,0.2999999999999982,0,0,0,0,0,0,0,0,0,0,0,26.0,48.0,17,1,0,11,26,307.7083333333333,40.0,44.0,32.0,38.66666666666666,2,"Leisure / nightlife (late, weekend-heavy)",1
TEST-02186,CMC,2025-11-04 17:00:00,24.1,0.0,54.0,12.8,1,0,0,0.2999999999999982,0,0,0,0,0,0,0,0,0,0,0,48.0,48.0,17,1,0,11,26,307.7083333333333,27.0,28.0,36.0,30.33333333333333,3,"Residential (evening peak, weekend >= weekday)",4
TEST-03849,Gerji,2025-11-04 17:00:00,24.1,0.0,54.0,12.8,1,0,0,0.2999999999999982,0,0,0,0,0,0,0,0,0,0,0,48.0,48.0,17,1,0,11,26,307.7083333333333,30.0,41.0,26.0,32.333333333333336,4,"Residential (evening peak, weekend >= weekday)",4
TEST-00096,Kazanchis,2025-11-04 17:00:00,24.1,0.0,54.0,12.8,1,0,0,0.2999999999999982,0,0,0,0,0,0,0,0,0,0,0,48.0,20.0,17,1,0,11,26,307.7083333333333,105.0,188.0,72.0,121.66666666666669,5,Business / office (weekday commute),0
TEST-00219,Kolfe,2025-11-04 17:00:00,24.1,0.0,54.0,12.8,1,0,0,0.2999999999999982,0,0,0,0,0,0,0,0,0,0,0,48.0,48.0,17,1,0,11,26,307.7083333333333,32.0,33.0,49.0,38.0,6,"Residential (evening peak, weekend >= weekday)",4
TEST-03324,Lideta,2025-11-04 17:00:00,24.1,0.0,54.0,12.8,1,0,0,0.2999999999999982,0,0,0,0,0,0,0,0,0,0,0,48.0,48.0,17,1,0,11,26,307.7083333333333,69.0,53.0,35.0,52.333333333333336,7,Mixed hub (commute + busy midday),3
TEST-03375,Megenagna,2025-11-04 17:00:00,24.1,0.0,54.0,12.8,1,0,0,0.2999999999999982,0,0,0,0,0,0,0,0,0,0,0,48.0,48.0,17,1,0,11,26,307.7083333333333,93.0,118.0,103.0,104.66666666666669,8,Mixed hub (commute + busy midday),3
TEST-03339,Merkato,2025-11-04 17:00:00,24.1,0.0,54.0,12.8,1,0,0,0.2999999999999982,0,0,0,0,0,0,0,0,0,0,0,48.0,48.0,17,1,0,11,26,307.7083333333333,79.0,73.0,63.0,71.66666666666667,9,Market (midday peak),2
TEST-00934,Piassa,2025-11-04 17:00:00,24.1,0.0,54.0,12.8,1,0,0,0.2999999999999982,0,0,0,0,0,0,0,0,0,0,0,48.0,48.0,17,1,0,11,26,307.7083333333333,76.0,91.0,80.0,82.33333333333333,10,Business / office (weekday commute),0
TEST-01678,Sarbet,2025-11-04 17:00:00,24.1,0.0,54.0,12.8,1,0,0,0.2999999999999982,0,0,0,0,0,0,0,0,0,0,0,48.0,48.0,17,1,0,11,26,307.7083333333333,33.0,35.0,22.0,30.0,11,"Residential (evening peak, weekend >= weekday)",4
TEST-00431,Arat Kilo,2025-11-04 18:00:00,22.9,0.0,45.0,12.4,1,0,0,0.2999999999999982,0,0,0,0,0,0,0,0,0,0,0,48.0,48.0,18,1,0,11,26,307.75,77.0,57.0,72.0,68.66666666666667,0,Business / office (weekday commute),0
TEST-03432,Ayat,2025-11-04 18:00:00,22.9,0.0,45.0,12.4,1,0,0,0.2999999999999982,0,0,0,0,0,0,0,0,0,0,0,48.0,48.0,18,1,0,11,26,307.75,37.0,25.0,40.0,34.0,1,"Residential (evening peak, weekend >= weekday)",4
TEST-02485,Bole,2025-11-04 18:00:00,22.9,0.0,45.0,12.4,1,0,0,0.2999999999999982,0,0,0,0,0,0,0,0,0,0,0,25.0,48.0,18,1,0,11,26,307.75,39.0,36.0,61.0,45.333333333333336,2,"Leisure / nightlife (late, weekend-heavy)",1
TEST-00002,CMC,2025-11-04 18:00:00,22.9,0.0,45.0,12.4,1,0,0,0.2999999999999982,0,0,0,0,0,0,0,0,0,0,0,48.0,48.0,18,1,0,11,26,307.75,50.0,52.0,49.0,50.333333333333336,3,"Residential (evening peak, weekend >= weekday)",4
TEST-00554,Gerji,2025-11-04 18:00:00,22.9,0.0,45.0,12.4,1,0,0,0.2999999999999982,0,0,0,0,0,0,0,0,0,0,0,48.0,48.0,18,1,0,11,26,307.75,40.0,46.0,41.0,42.333333333333336,4,"Residential (evening peak, weekend >= weekday)",4
TEST-03147,Kazanchis,2025-11-04 18:00:00,22.9,0.0,45.0,12.4,1,0,0,0.2999999999999982,0,0,0,0,0,0,0,0,0,0,0,48.0,21.0,18,1,0,11,26,307.75,124.0,154.0,78.0,118.66666666666669,5,Business / office (weekday commute),0
TEST-03609,Kolfe,2025-11-04 18:00:00,22.9,0.0,45.0,12.4,1,0,0,0.2999999999999982,0,0,0,0,0,0,0,0,0,0,0,48.0,48.0,18,1,0,11,26,307.75,43.0,59.0,42.0,48.0,6,"Residential (evening peak, weekend >= weekday)",4
TEST-03048,Lideta,2025-11-04 18:00:00,22.9,0.0,45.0,12.4,1,0,0,0.2999999999999982,0,0,0,0,0,0,0,0,0,0,0,48.0,48.0,18,1,0,11,26,307.75,42.0,79.0,61.0,60.66666666666666,7,Mixed hub (commute + busy midday),3
TEST-01488,Megenagna,2025-11-04 18:00:00,22.9,0.0,45.0,12.4,1,0,0,0.2999999999999982,0,0,0,0,0,0,0,0,0,0,0,48.0,48.0,18,1,0,11,26,307.75,94.0,98.0,,96.0,8,Mixed hub (commute + busy midday),3
TEST-02279,Merkato,2025-11-04 18:00:00,22.9,0.0,45.0,12.4,1,0,0,0.2999999999999982,0,0,0,0,0,0,0,0,0,0,0,48.0,48.0,18,1,0,11,26,307.75,46.0,52.0,53.0,50.333333333333336,9,Market (midday peak),2
TEST-02134,Piassa,2025-11-04 18:00:00,22.9,0.0,45.0,12.4,1,0,0,0.2999999999999982,0,0,0,0,0,0,0,0,0,0,0,48.0,48.0,18,1,0,11,26,307.75,87.0,103.0,102.0,97.33333333333331,10,Business / office (weekday commute),0
TEST-03458,Sarbet,2025-11-04 18:00:00,22.9,0.0,45.0,12.4,1,0,0,0.2999999999999982,0,0,0,0,0,0,0,0,0,0,0,48.0,48.0,18,1,0,11,26,307.75,29.0,44.0,32.0,35.0,11,"Residential (evening peak, weekend >= weekday)",4
TEST-01206,Arat Kilo,2025-11-04 19:00:00,23.6,0.0,57.0,20.6,1,0,1,0.0,0,0,0,0,0,0,0,0,0,0,0,48.0,48.0,19,1,0,11,26,307.7916666666667,75.0,57.0,42.0,58.0,0,Business / office (weekday commute),0
TEST-01565,Ayat,2025-11-04 19:00:00,23.6,0.0,57.0,20.6,1,0,1,0.0,0,0,0,0,0,0,0,0,0,0,0,48.0,48.0,19,1,0,11,26,307.7916666666667,44.0,33.0,41.0,39.333333333333336,1,"Residential (evening peak, weekend >= weekday)",4
TEST-00910,Bole,2025-11-04 19:00:00,23.6,0.0,57.0,20.6,1,0,1,0.0,0,0,0,0,0,0,0,0,0,0,0,24.0,48.0,19,1,0,11,26,307.7916666666667,59.0,44.0,67.0,56.66666666666666,2,"Leisure / nightlife (late, weekend-heavy)",1
TEST-00954,CMC,2025-11-04 19:00:00,23.6,0.0,57.0,20.6,1,0,1,0.0,0,0,0,0,0,0,0,0,0,0,0,48.0,48.0,19,1,0,11,26,307.7916666666667,69.0,44.0,61.0,58.0,3,"Residential (evening peak, weekend >= weekday)",4
TEST-02660,Gerji,2025-11-04 19:00:00,23.6,0.0,57.0,20.6,1,0,1,0.0,0,0,0,0,0,0,0,0,0,0,0,48.0,48.0,19,1,0,11,26,307.7916666666667,39.0,49.0,54.0,47.333333333333336,4,"Residential (evening peak, weekend >= weekday)",4
TEST-03700,Kazanchis,2025-11-04 19:00:00,23.6,0.0,57.0,20.6,1,0,1,0.0,0,0,0,0,0,0,0,0,0,0,0,48.0,22.0,19,1,0,11,26,307.7916666666667,84.0,121.0,54.0,86.33333333333333,5,Business / office (weekday commute),0
TEST-03462,Kolfe,2025-11-04 19:00:00,23.6,0.0,57.0,20.6,1,0,1,0.0,0,0,0,0,0,0,0,0,0,0,0,48.0,48.0,19,1,0,11,26,307.7916666666667,57.0,53.0,34.0,48.0,6,"Residential (evening peak, weekend >= weekday)",4
TEST-01707,Lideta,2025-11-04 19:00:00,23.6,0.0,57.0,20.6,1,0,1,0.0,0,0,0,0,0,0,0,0,0,0,0,48.0,48.0,19,1,0,11,26,307.7916666666667,,73.0,33.0,53.0,7,Mixed hub (commute + busy midday),3
TEST-01166,Megenagna,2025-11-04 19:00:00,23.6,0.0,57.0,20.6,1,0,1,0.0,0,0,0,0,0,0,0,0,0,0,0,48.0,48.0,19,1,0,11,26,307.7916666666667,66.0,62.0,100.0,76.0,8,Mixed hub (commute + busy midday),3
TEST-03604,Merkato,2025-11-04 19:00:00,23.6,0.0,57.0,20.6,1,0,1,0.0,0,0,0,0,0,0,0,0,0,0,0,48.0,48.0,19,1,0,11,26,307.7916666666667,24.0,20.0,,22.0,9,Market (midday peak),2
TEST-02639,Piassa,2025-11-04 19:00:00,23.6,0.0,57.0,20.6,1,0,1,0.0,0,0,0,0,0,0,0,0,0,0,0,48.0,48.0,19,1,0,11,26,307.7916666666667,76.0,82.0,73.0,77.0,10,Business / office (weekday commute),0
TEST-01620,Sarbet,2025-11-04 19:00:00,23.6,0.0,57.0,20.6,1,0,1,0.0,0,0,0,0,0,0,0,0,0,0,0,48.0,48.0,19,1,0,11,26,307.7916666666667,34.0,42.0,48.0,41.333333333333336,11,"Residential (evening peak, weekend >= weekday)",4
TEST-04001,Arat Kilo,2025-11-04 20:00:00,21.1,0.0,69.0,7.7,1,0,0,0.0,0,0,0,0,0,0,0,0,0,0,0,48.0,48.0,20,1,0,11,26,307.8333333333333,44.0,26.0,39.0,36.333333333333336,0,Business / office (weekday commute),0
TEST-02837,Ayat,2025-11-04 20:00:00,21.1,0.0,69.0,7.7,1,0,0,0.0,0,0,0,0,0,0,0,0,0,0,0,48.0,48.0,20,1,0,11,26,307.8333333333333,25.0,33.0,31.0,29.666666666666668,1,"Residential (evening peak, weekend >= weekday)",4
TEST-02283,Bole,2025-11-04 20:00:00,21.1,0.0,69.0,7.7,1,0,0,0.0,0,0,0,0,0,0,0,0,0,0,0,23.0,48.0,20,1,0,11,26,307.8333333333333,59.0,37.0,,48.0,2,"Leisure / nightlife (late, weekend-heavy)",1
TEST-03991,CMC,2025-11-04 20:00:00,21.1,0.0,69.0,7.7,1,0,0,0.0,0,0,0,0,0,0,0,0,0,0,0,48.0,48.0,20,1,0,11,26,307.8333333333333,42.0,49.0,44.0,45.0,3,"Residential (evening peak, weekend >= weekday)",4
TEST-01353,Gerji,2025-11-04 20:00:00,21.1,0.0,69.0,7.7,1,0,0,0.0,0,0,0,0,0,0,0,0,0,0,0,48.0,48.0,20,1,0,11,26,307.8333333333333,55.0,38.0,46.0,46.333333333333336,4,"Residential (evening peak, weekend >= weekday)",4
TEST-00251,Kazanchis,2025-11-04 20:00:00,21.1,0.0,69.0,7.7,1,0,0,0.0,0,0,0,0,0,0,0,0,0,0,0,48.0,23.0,20,1,0,11,26,307.8333333333333,64.0,74.0,34.0,57.333333333333336,5,Business / office (weekday commute),0
TEST-00253,Kolfe,2025-11-04 20:00:00,21.1,0.0,69.0,7.7,1,0,0,0.0,0,0,0,0,0,0,0,0,0,0,0,48.0,48.0,20,1,0,11,26,307.8333333333333,50.0,46.0,42.0,46.0,6,"Residential (evening peak, weekend >= weekday)",4
TEST-00036,Lideta,2025-11-04 20:00:00,21.1,0.0,69.0,7.7,1,0,0,0.0,0,0,0,0,0,0,0,0,0,0,0,48.0,48.0,20,1,0,11,26,307.8333333333333,36.0,29.0,25.0,30.0,7,Mixed hub (commute + busy midday),3
TEST-00981,Megenagna,2025-11-04 20:00:00,21.1,0.0,69.0,7.7,1,0,0,0.0,0,0,0,0,0,0,0,0,0,0,0,48.0,48.0,20,1,0,11,26,307.8333333333333,56.0,55.0,34.0,48.333333333333336,8,Mixed hub (commute + busy midday),3
TEST-03572,Merkato,2025-11-04 20:00:00,21.1,0.0,69.0,7.7,1,0,0,0.0,0,0,0,0,0,0,0,0,0,0,0,48.0,48.0,20,1,0,11,26,307.8333333333333,13.0,12.0,11.0,12.0,9,Market (midday peak),2
TEST-01162,Piassa,2025-11-04 20:00:00,21.1,0.0,69.0,7.7,1,0,0,0.0,0,0,0,0,0,0,0,0,0,0,0,48.0,48.0,20,1,0,11,26,307.8333333333333,89.0,47.0,41.0,59.0,10,Business / office (weekday commute),0
TEST-00969,Sarbet,2025-11-04 20:00:00,21.1,0.0,69.0,7.7,1,0,0,0.0,0,0,0,0,0,0,0,0,0,0,0,48.0,48.0,20,1,0,11,26,307.8333333333333,20.0,34.0,43.0,32.333333333333336,11,"Residential (evening peak, weekend >= weekday)",4
TEST-03638,Arat Kilo,2025-11-04 21:00:00,18.6,0.0,70.0,15.3,1,0,0,0.0,0,0,0,0,0,0,0,0,0,0,0,48.0,48.0,21,1,0,11,26,307.875,27.0,34.0,17.0,26.0,0,Business / office (weekday commute),0
TEST-01207,Ayat,2025-11-04 21:00:00,18.6,0.0,70.0,15.3,1,0,0,0.0,0,0,0,0,0,0,0,0,0,0,0,48.0,48.0,21,1,0,11,26,307.875,20.0,26.0,23.0,23.0,1,"Residential (evening peak, weekend >= weekday)",4
TEST-02232,Bole,2025-11-04 21:00:00,18.6,0.0,70.0,15.3,1,0,0,0.0,0,0,0,0,0,0,0,0,0,0,0,22.0,48.0,21,1,0,11,26,307.875,,46.0,55.0,50.5,2,"Leisure / nightlife (late, weekend-heavy)",1
TEST-03117,CMC,2025-11-04 21:00:00,18.6,0.0,70.0,15.3,1,0,0,0.0,0,0,0,0,0,0,0,0,0,0,0,48.0,48.0,21,1,0,11,26,307.875,42.0,39.0,53.0,44.66666666666666,3,"Residential (evening peak, weekend >= weekday)",4
TEST-02973,Gerji,2025-11-04 21:00:00,18.6,0.0,70.0,15.3,1,0,0,0.0,0,0,0,0,0,0,0,0,0,0,0,48.0,48.0,21,1,0,11,26,307.875,29.0,37.0,42.0,36.0,4,"Residential (evening peak, weekend >= weekday)",4
TEST-03038,Kazanchis,2025-11-04 21:00:00,18.6,0.0,70.0,15.3,1,0,0,0.0,0,0,0,0,0,0,0,0,0,0,0,48.0,24.0,21,1,0,11,26,307.875,30.0,33.0,20.0,27.666666666666668,5,Business / office (weekday commute),0
TEST-01389,Kolfe,2025-11-04 21:00:00,18.6,0.0,70.0,15.3,1,0,0,0.0,0,0,0,0,0,0,0,0,0,0,0,48.0,48.0,21,1,0,11,26,307.875,21.0,32.0,34.0,29.0,6,"Residential (evening peak, weekend >= weekday)",4
TEST-03250,Lideta,2025-11-04 21:00:00,18.6,0.0,70.0,15.3,1,0,0,0.0,0,0,0,0,0,0,0,0,0,0,0,48.0,48.0,21,1,0,11,26,307.875,12.0,24.0,12.0,16.0,7,Mixed hub (commute + busy midday),3
TEST-03566,Megenagna,2025-11-04 21:00:00,18.6,0.0,70.0,15.3,1,0,0,0.0,0,0,0,0,0,0,0,0,0,0,0,48.0,48.0,21,1,0,11,26,307.875,28.0,14.0,24.0,22.0,8,Mixed hub (commute + busy midday),3
TEST-03606,Merkato,2025-11-04 21:00:00,18.6,0.0,70.0,15.3,1,0,0,0.0,0,0,0,0,0,0,0,0,0,0,0,48.0,48.0,21,1,0,11,26,307.875,8.0,12.0,8.0,9.333333333333334,9,Market (midday peak),2
TEST-02917,Piassa,2025-11-04 21:00:00,18.6,0.0,70.0,15.3,1,0,0,0.0,0,0,0,0,0,0,0,0,0,0,0,48.0,48.0,21,1,0,11,26,307.875,32.0,29.0,36.0,32.333333333333336,10,Business / office (weekday commute),0
TEST-03136,Sarbet,2025-11-04 21:00:00,18.6,0.0,70.0,15.3,1,0,0,0.0,0,0,0,0,0,0,0,0,0,0,0,48.0,48.0,21,1,0,11,26,307.875,22.0,19.0,20.0,20.33333333333333,11,"Residential (evening peak, weekend >= weekday)",4
TEST-03047,Arat Kilo,2025-11-04 22:00:00,17.5,0.0,69.0,10.0,1,0,0,0.0,0,0,0,0,0,0,0,0,0,0,0,48.0,48.0,22,1,0,11,26,307.9166666666667,10.0,12.0,12.0,11.333333333333334,0,Business / office (weekday commute),0
TEST-00771,Ayat,2025-11-04 22:00:00,17.5,0.0,69.0,10.0,1,0,0,0.0,0,0,0,0,0,0,0,0,0,0,0,48.0,48.0,22,1,0,11,26,307.9166666666667,14.0,17.0,17.0,16.0,1,"Residential (evening peak, weekend >= weekday)",4
TEST-01781,Bole,2025-11-04 22:00:00,17.5,0.0,69.0,10.0,1,0,0,0.0,0,0,0,0,0,0,0,0,0,0,0,21.0,48.0,22,1,0,11,26,307.9166666666667,36.0,24.0,26.0,28.666666666666668,2,"Leisure / nightlife (late, weekend-heavy)",1
TEST-00195,CMC,2025-11-04 22:00:00,17.5,0.0,69.0,10.0,1,0,0,0.0,0,0,0,0,0,0,0,0,0,0,0,48.0,48.0,22,1,0,11,26,307.9166666666667,20.0,25.0,19.0,21.33333333333333,3,"Residential (evening peak, weekend >= weekday)",4
TEST-00837,Gerji,2025-11-04 22:00:00,17.5,0.0,69.0,10.0,1,0,0,0.0,0,0,0,0,0,0,0,0,0,0,0,48.0,48.0,22,1,0,11,26,307.9166666666667,19.0,21.0,24.0,21.33333333333333,4,"Residential (evening peak, weekend >= weekday)",4
TEST-02182,Kazanchis,2025-11-04 22:00:00,17.5,0.0,69.0,10.0,1,0,0,0.0,0,0,0,0,0,0,0,0,0,0,0,48.0,25.0,22,1,0,11,26,307.9166666666667,21.0,20.0,9.0,16.666666666666668,5,Business / office (weekday commute),0
TEST-02826,Kolfe,2025-11-04 22:00:00,17.5,0.0,69.0,10.0,1,0,0,0.0,0,0,0,0,0,0,0,0,0,0,0,48.0,48.0,22,1,0,11,26,307.9166666666667,17.0,24.0,17.0,19.33333333333333,6,"Residential (evening peak, weekend >= weekday)",4
TEST-02073,Lideta,2025-11-04 22:00:00,17.5,0.0,69.0,10.0,1,0,0,0.0,0,0,0,0,0,0,0,0,0,0,0,48.0,48.0,22,1,0,11,26,307.9166666666667,6.0,5.0,3.0,4.666666666666667,7,Mixed hub (commute + busy midday),3
TEST-01490,Megenagna,2025-11-04 22:00:00,17.5,0.0,69.0,10.0,1,0,0,0.0,0,0,0,0,0,0,0,0,0,0,0,48.0,48.0,22,1,0,11,26,307.9166666666667,5.0,5.0,3.0,4.333333333333333,8,Mixed hub (commute + busy midday),3
TEST-00301,Merkato,2025-11-04 22:00:00,17.5,0.0,69.0,10.0,1,0,0,0.0,0,0,0,0,0,0,0,0,0,0,0,48.0,48.0,22,1,0,11,26,307.9166666666667,6.0,6.0,5.0,5.666666666666667,9,Market (midday peak),2
TEST-00159,Piassa,2025-11-04 22:00:00,17.5,0.0,69.0,10.0,1,0,0,0.0,0,0,0,0,0,0,0,0,0,0,0,48.0,48.0,22,1,0,11,26,307.9166666666667,16.0,18.0,14.0,16.0,10,Business / office (weekday commute),0
TEST-01901,Sarbet,2025-11-04 22:00:00,17.5,0.0,69.0,10.0,1,0,0,0.0,0,0,0,0,0,0,0,0,0,0,0,48.0,48.0,22,1,0,11,26,307.9166666666667,16.0,17.0,15.0,16.0,11,"Residential (evening peak, weekend >= weekday)",4
TEST-03466,Arat Kilo,2025-11-04 23:00:00,16.9,0.0,70.0,6.0,1,0,0,0.0,0,0,0,0,0,0,0,0,0,0,0,48.0,48.0,23,1,0,11,26,307.9583333333333,4.0,4.0,6.0,4.666666666666667,0,Business / office (weekday commute),0
TEST-01904,Ayat,2025-11-04 23:00:00,16.9,0.0,70.0,6.0,1,0,0,0.0,0,0,0,0,0,0,0,0,0,0,0,48.0,48.0,23,1,0,11,26,307.9583333333333,11.0,7.0,6.0,8.0,1,"Residential (evening peak, weekend >= weekday)",4
TEST-03652,Bole,2025-11-04 23:00:00,16.9,0.0,70.0,6.0,1,0,0,0.0,0,0,0,0,0,0,0,0,0,0,0,20.0,48.0,23,1,0,11,26,307.9583333333333,14.0,13.0,30.0,19.0,2,"Leisure / nightlife (late, weekend-heavy)",1
TEST-03646,CMC,2025-11-04 23:00:00,16.9,0.0,70.0,6.0,1,0,0,0.0,0,0,0,0,0,0,0,0,0,0,0,48.0,48.0,23,1,0,11,26,307.9583333333333,15.0,10.0,7.0,10.666666666666666,3,"Residential (evening peak, weekend >= weekday)",4
TEST-00181,Gerji,2025-11-04 23:00:00,16.9,0.0,70.0,6.0,1,0,0,0.0,0,0,0,0,0,0,0,0,0,0,0,48.0,48.0,23,1,0,11,26,307.9583333333333,16.0,5.0,10.0,10.333333333333334,4,"Residential (evening peak, weekend >= weekday)",4
TEST-01169,Kazanchis,2025-11-04 23:00:00,16.9,0.0,70.0,6.0,1,0,0,0.0,0,0,0,0,0,0,0,0,0,0,0,48.0,26.0,23,1,0,11,26,307.9583333333333,12.0,8.0,7.0,9.0,5,Business / office (weekday commute),0
TEST-03341,Kolfe,2025-11-04 23:00:00,16.9,0.0,70.0,6.0,1,0,0,0.0,0,0,0,0,0,0,0,0,0,0,0,48.0,48.0,23,1,0,11,26,307.9583333333333,13.0,12.0,10.0,11.666666666666666,6,"Residential (evening peak, weekend >= weekday)",4
TEST-03632,Lideta,2025-11-04 23:00:00,16.9,0.0,70.0,6.0,1,0,0,0.0,0,0,0,0,0,0,0,0,0,0,0,48.0,48.0,23,1,0,11,26,307.9583333333333,8.0,3.0,7.0,6.0,7,Mixed hub (commute + busy midday),3
TEST-01071,Megenagna,2025-11-04 23:00:00,16.9,0.0,70.0,6.0,1,0,0,0.0,0,0,0,0,0,0,0,0,0,0,0,48.0,48.0,23,1,0,11,26,307.9583333333333,13.0,8.0,4.0,8.333333333333334,8,Mixed hub (commute + busy midday),3
TEST-01605,Merkato,2025-11-04 23:00:00,16.9,0.0,70.0,6.0,1,0,0,0.0,0,0,0,0,0,0,0,0,0,0,0,48.0,48.0,23,1,0,11,26,307.9583333333333,4.0,4.0,,4.0,9,Market (midday peak),2
TEST-02853,Piassa,2025-11-04 23:00:00,16.9,0.0,70.0,6.0,1,0,0,0.0,0,0,0,0,0,0,0,0,0,0,0,48.0,48.0,23,1,0,11,26,307.9583333333333,7.0,4.0,8.0,6.333333333333333,10,Business / office (weekday commute),0
TEST-01152,Sarbet,2025-11-04 23:00:00,16.9,0.0,70.0,6.0,1,0,0,0.0,0,0,0,0,0,0,0,0,0,0,0,48.0,48.0,23,1,0,11,26,307.9583333333333,7.0,6.0,4.0,5.666666666666667,11,"Residential (evening peak, weekend >= weekday)",4
TEST-02438,Arat Kilo,2025-11-05 00:00:00,13.8,0.0,80.0,9.9,1,0,0,0.0,0,0,0,0,0,0,0,0,0,0,0,48.0,48.0,0,2,0,11,25,308.0,4.0,6.0,10.0,6.666666666666667,0,Business / office (weekday commute),0
TEST-03560,Ayat,2025-11-05 00:00:00,13.8,0.0,80.0,9.9,1,0,0,0.0,0,0,0,0,0,0,0,0,0,0,0,48.0,48.0,0,2,0,11,25,308.0,2.0,2.0,8.0,4.0,1,"Residential (evening peak, weekend >= weekday)",4
TEST-02214,Bole,2025-11-05 00:00:00,13.8,0.0,80.0,9.9,1,0,0,0.0,0,0,0,0,0,0,0,0,0,0,0,19.0,48.0,0,2,0,11,25,308.0,12.0,8.0,11.0,10.333333333333334,2,"Leisure / nightlife (late, weekend-heavy)",1
TEST-03290,CMC,2025-11-05 00:00:00,13.8,0.0,80.0,9.9,1,0,0,0.0,0,0,0,0,0,0,0,0,0,0,0,48.0,48.0,0,2,0,11,25,308.0,6.0,,5.0,5.5,3,"Residential (evening peak, weekend >= weekday)",4
TEST-00238,Gerji,2025-11-05 00:00:00,13.8,0.0,80.0,9.9,1,0,0,0.0,0,0,0,0,0,0,0,0,0,0,0,48.0,48.0,0,2,0,11,25,308.0,10.0,5.0,4.0,6.333333333333333,4,"Residential (evening peak, weekend >= weekday)",4
TEST-00663,Kazanchis,2025-11-05 00:00:00,13.8,0.0,80.0,9.9,1,0,0,0.0,0,0,0,0,0,0,0,0,0,0,0,48.0,27.0,0,2,0,11,25,308.0,6.0,6.0,2.0,4.666666666666667,5,Business / office (weekday commute),0
TEST-00751,Kolfe,2025-11-05 00:00:00,13.8,0.0,80.0,9.9,1,0,0,0.0,0,0,0,0,0,0,0,0,0,0,0,48.0,48.0,0,2,0,11,25,308.0,8.0,1.0,5.0,4.666666666666667,6,"Residential (evening peak, weekend >= weekday)",4
TEST-02215,Lideta,2025-11-05 00:00:00,13.8,0.0,80.0,9.9,1,0,0,0.0,0,0,0,0,0,0,0,0,0,0,0,48.0,48.0,0,2,0,11,25,308.0,6.0,,8.0,7.0,7,Mixed hub (commute + busy midday),3
TEST-03955,Megenagna,2025-11-05 00:00:00,13.8,0.0,80.0,9.9,1,0,0,0.0,0,0,0,0,0,0,0,0,0,0,0,48.0,48.0,0,2,0,11,25,308.0,6.0,4.0,6.0,5.333333333333333,8,Mixed hub (commute + busy midday),3
TEST-01903,Merkato,2025-11-05 00:00:00,13.8,0.0,80.0,9.9,1,0,0,0.0,0,0,0,0,0,0,0,0,0,0,0,48.0,48.0,0,2,0,11,25,308.0,3.0,5.0,3.0,3.6666666666666665,9,Market (midday peak),2
TEST-02281,Piassa,2025-11-05 00:00:00,13.8,0.0,80.0,9.9,1,0,0,0.0,0,0,0,0,0,0,0,0,0,0,0,48.0,48.0,0,2,0,11,25,308.0,5.0,10.0,3.0,6.0,10,Business / office (weekday commute),0
TEST-02469,Sarbet,2025-11-05 00:00:00,13.8,0.0,80.0,9.9,1,0,0,0.0,0,0,0,0,0,0,0,0,0,0,0,48.0,48.0,0,2,0,11,25,308.0,8.0,7.0,6.0,7.0,11,"Residential (evening peak, weekend >= weekday)",4
TEST-03669,Arat Kilo,2025-11-05 01:00:00,12.6,0.0,78.0,5.0,1,0,0,0.0,0,0,0,0,0,0,0,0,0,0,0,48.0,48.0,1,2,0,11,25,308.0416666666667,2.0,3.0,2.0,2.333333333333333,0,Business / office (weekday commute),0
TEST-01970,Ayat,2025-11-05 01:00:00,12.6,0.0,78.0,5.0,1,0,0,0.0,0,0,0,0,0,0,0,0,0,0,0,48.0,48.0,1,2,0,11,25,308.0416666666667,5.0,4.0,6.0,5.0,1,"Residential (evening peak, weekend >= weekday)",4
TEST-03143,Bole,2025-11-05 01:00:00,12.6,0.0,78.0,5.0,1,0,0,0.0,0,0,0,0,0,0,0,0,0,0,0,18.0,48.0,1,2,0,11,25,308.0416666666667,17.0,11.0,11.0,13.0,2,"Leisure / nightlife (late, weekend-heavy)",1
TEST-00240,CMC,2025-11-05 01:00:00,12.6,0.0,78.0,5.0,1,0,0,0.0,0,0,0,0,0,0,0,0,0,0,0,48.0,48.0,1,2,0,11,25,308.0416666666667,4.0,4.0,7.0,5.0,3,"Residential (evening peak, weekend >= weekday)",4
TEST-00415,Gerji,2025-11-05 01:00:00,12.6,0.0,78.0,5.0,1,0,0,0.0,0,0,0,0,0,0,0,0,0,0,0,48.0,48.0,1,2,0,11,25,308.0416666666667,5.0,4.0,5.0,4.666666666666667,4,"Residential (evening peak, weekend >= weekday)",4
TEST-03478,Kazanchis,2025-11-05 01:00:00,12.6,0.0,78.0,5.0,1,0,0,0.0,0,0,0,0,0,0,0,0,0,0,0,48.0,28.0,1,2,0,11,25,308.0416666666667,6.0,3.0,5.0,4.666666666666667,5,Business / office (weekday commute),0
TEST-01484,Kolfe,2025-11-05 01:00:00,12.6,0.0,78.0,5.0,1,0,0,0.0,0,0,0,0,0,0,0,0,0,0,0,48.0,48.0,1,2,0,11,25,308.0416666666667,1.0,7.0,5.0,4.333333333333333,6,"Residential (evening peak, weekend >= weekday)",4
TEST-02463,Lideta,2025-11-05 01:00:00,12.6,0.0,78.0,5.0,1,0,0,0.0,0,0,0,0,0,0,0,0,0,0,0,48.0,48.0,1,2,0,11,25,308.0416666666667,3.0,4.0,8.0,5.0,7,Mixed hub (commute + busy midday),3
TEST-02786,Megenagna,2025-11-05 01:00:00,12.6,0.0,78.0,5.0,1,0,0,0.0,0,0,0,0,0,0,0,0,0,0,0,48.0,48.0,1,2,0,11,25,308.0416666666667,11.0,9.0,9.0,9.666666666666666,8,Mixed hub (commute + busy midday),3
TEST-00081,Merkato,2025-11-05 01:00:00,12.6,0.0,78.0,5.0,1,0,0,0.0,0,0,0,0,0,0,0,0,0,0,0,48.0,48.0,1,2,0,11,25,308.0416666666667,5.0,4.0,0.0,3.0,9,Market (midday peak),2
TEST-02394,Piassa,2025-11-05 01:00:00,12.6,0.0,78.0,5.0,1,0,0,0.0,0,0,0,0,0,0,0,0,0,0,0,48.0,48.0,1,2,0,11,25,308.0416666666667,4.0,5.0,6.0,5.0,10,Business / office (weekday commute),0
TEST-00759,Sarbet,2025-11-05 01:00:00,12.6,0.0,78.0,5.0,1,0,0,0.0,0,0,0,0,0,0,0,0,0,0,0,48.0,48.0,1,2,0,11,25,308.0416666666667,2.0,6.0,5.0,4.333333333333333,11,"Residential (evening peak, weekend >= weekday)",4
TEST-00170,Arat Kilo,2025-11-05 02:00:00,11.2,0.0,77.0,25.5,1,0,0,0.0,0,0,0,0,0,0,0,0,0,0,0,48.0,48.0,2,2,0,11,25,308.0833333333333,7.0,2.0,6.0,5.0,0,Business / office (weekday commute),0
TEST-00288,Ayat,2025-11-05 02:00:00,11.2,0.0,77.0,25.5,1,0,0,0.0,0,0,0,0,0,0,0,0,0,0,0,48.0,48.0,2,2,0,11,25,308.0833333333333,4.0,1.0,6.0,3.6666666666666665,1,"Residential (evening peak, weekend >= weekday)",4
TEST-03448,Bole,2025-11-05 02:00:00,11.2,0.0,77.0,25.5,1,0,0,0.0,0,0,0,0,0,0,0,0,0,0,0,17.0,48.0,2,2,0,11,25,308.0833333333333,12.0,3.0,10.0,8.333333333333334,2,"Leisure / nightlife (late, weekend-heavy)",1
TEST-00332,CMC,2025-11-05 02:00:00,11.2,0.0,77.0,25.5,1,0,0,0.0,0,0,0,0,0,0,0,0,0,0,0,48.0,48.0,2,2,0,11,25,308.0833333333333,5.0,,6.0,5.5,3,"Residential (evening peak, weekend >= weekday)",4
TEST-03916,Gerji,2025-11-05 02:00:00,11.2,0.0,77.0,25.5,1,0,0,0.0,0,0,0,0,0,0,0,0,0,0,0,48.0,48.0,2,2,0,11,25,308.0833333333333,4.0,0.0,8.0,4.0,4,"Residential (evening peak, weekend >= weekday)",4
TEST-03306,Kazanchis,2025-11-05 02:00:00,11.2,0.0,77.0,25.5,1,0,0,0.0,0,0,0,0,0,0,0,0,0,0,0,48.0,29.0,2,2,0,11,25,308.0833333333333,8.0,10.0,5.0,7.666666666666667,5,Business / office (weekday commute),0
TEST-02335,Kolfe,2025-11-05 02:00:00,11.2,0.0,77.0,25.5,1,0,0,0.0,0,0,0,0,0,0,0,0,0,0,0,48.0,48.0,2,2,0,11,25,308.0833333333333,4.0,1.0,6.0,3.6666666666666665,6,"Residential (evening peak, weekend >= weekday)",4
TEST-00858,Lideta,2025-11-05 02:00:00,11.2,0.0,77.0,25.5,1,0,0,0.0,0,0,0,0,0,0,0,0,0,0,0,48.0,48.0,2,2,0,11,25,308.0833333333333,3.0,6.0,2.0,3.6666666666666665,7,Mixed hub (commute + busy midday),3
TEST-02888,Megenagna,2025-11-05 02:00:00,11.2,0.0,77.0,25.5,1,0,0,0.0,0,0,0,0,0,0,0,0,0,0,0,48.0,48.0,2,2,0,11,25,308.0833333333333,10.0,13.0,15.0,12.666666666666666,8,Mixed hub (commute + busy midday),3
TEST-00780,Merkato,2025-11-05 02:00:00,11.2,0.0,77.0,25.5,1,0,0,0.0,0,0,0,0,0,0,0,0,0,0,0,48.0,48.0,2,2,0,11,25,308.0833333333333,3.0,3.0,3.0,3.0,9,Market (midday peak),2
TEST-03258,Piassa,2025-11-05 02:00:00,11.2,0.0,77.0,25.5,1,0,0,0.0,0,0,0,0,0,0,0,0,0,0,0,48.0,48.0,2,2,0,11,25,308.0833333333333,2.0,3.0,6.0,3.6666666666666665,10,Business / office (weekday commute),0
TEST-02802,Sarbet,2025-11-05 02:00:00,11.2,0.0,77.0,25.5,1,0,0,0.0,0,0,0,0,0,0,0,0,0,0,0,48.0,48.0,2,2,0,11,25,308.0833333333333,8.0,4.0,3.0,5.0,11,"Residential (evening peak, weekend >= weekday)",4
TEST-02002,Arat Kilo,2025-11-05 03:00:00,12.3,0.0,83.0,12.9,1,0,0,0.0,0,0,0,0,0,0,0,0,0,0,0,48.0,48.0,3,2,0,11,25,308.125,1.0,5.0,3.0,3.0,0,Business / office (weekday commute),0
TEST-03506,Ayat,2025-11-05 03:00:00,12.3,0.0,83.0,12.9,1,0,0,0.0,0,0,0,0,0,0,0,0,0,0,0,48.0,48.0,3,2,0,11,25,308.125,5.0,3.0,5.0,4.333333333333333,1,"Residential (evening peak, weekend >= weekday)",4
TEST-00745,Bole,2025-11-05 03:00:00,12.3,0.0,83.0,12.9,1,0,0,0.0,0,0,0,0,0,0,0,0,0,0,0,16.0,48.0,3,2,0,11,25,308.125,11.0,10.0,19.0,13.333333333333334,2,"Leisure / nightlife (late, weekend-heavy)",1
TEST-01439,CMC,2025-11-05 03:00:00,12.3,0.0,83.0,12.9,1,0,0,0.0,0,0,0,0,0,0,0,0,0,0,0,48.0,48.0,3,2,0,11,25,308.125,3.0,6.0,5.0,4.666666666666667,3,"Residential (evening peak, weekend >= weekday)",4
TEST-00717,Gerji,2025-11-05 03:00:00,12.3,0.0,83.0,12.9,1,0,0,0.0,0,0,0,0,0,0,0,0,0,0,0,48.0,48.0,3,2,0,11,25,308.125,2.0,5.0,4.0,3.6666666666666665,4,"Residential (evening peak, weekend >= weekday)",4
TEST-02546,Kazanchis,2025-11-05 03:00:00,12.3,0.0,83.0,12.9,1,0,0,0.0,0,0,0,0,0,0,0,0,0,0,0,48.0,30.0,3,2,0,11,25,308.125,9.0,7.0,4.0,6.666666666666667,5,Business / office (weekday commute),0
TEST-03096,Kolfe,2025-11-05 03:00:00,12.3,0.0,83.0,12.9,1,0,0,0.0,0,0,0,0,0,0,0,0,0,0,0,48.0,48.0,3,2,0,11,25,308.125,3.0,6.0,3.0,4.0,6,"Residential (evening peak, weekend >= weekday)",4
TEST-01988,Lideta,2025-11-05 03:00:00,12.3,0.0,83.0,12.9,1,0,0,0.0,0,0,0,0,0,0,0,0,0,0,0,48.0,48.0,3,2,0,11,25,308.125,7.0,4.0,0.0,3.6666666666666665,7,Mixed hub (commute + busy midday),3
TEST-02496,Megenagna,2025-11-05 03:00:00,12.3,0.0,83.0,12.9,1,0,0,0.0,0,0,0,0,0,0,0,0,0,0,0,48.0,48.0,3,2,0,11,25,308.125,13.0,7.0,4.0,8.0,8,Mixed hub (commute + busy midday),3
TEST-02677,Merkato,2025-11-05 03:00:00,12.3,0.0,83.0,12.9,1,0,0,0.0,0,0,0,0,0,0,0,0,0,0,0,48.0,48.0,3,2,0,11,25,308.125,4.0,9.0,6.0,6.333333333333333,9,Market (midday peak),2
TEST-02716,Piassa,2025-11-05 03:00:00,12.3,0.0,83.0,12.9,1,0,0,0.0,0,0,0,0,0,0,0,0,0,0,0,48.0,48.0,3,2,0,11,25,308.125,3.0,4.0,,3.5,10,Business / office (weekday commute),0
TEST-00098,Sarbet,2025-11-05 03:00:00,12.3,0.0,83.0,12.9,1,0,0,0.0,0,0,0,0,0,0,0,0,0,0,0,48.0,48.0,3,2,0,11,25,308.125,5.0,3.0,4.0,4.0,11,"Residential (evening peak, weekend >= weekday)",4
TEST-02029,Arat Kilo,2025-11-05 04:00:00,12.9,0.0,80.0,8.5,1,0,0,0.0,0,0,0,0,0,0,0,0,0,0,0,48.0,48.0,4,2,0,11,25,308.1666666666667,1.0,1.0,5.0,2.333333333333333,0,Business / office (weekday commute),0
TEST-03624,Ayat,2025-11-05 04:00:00,12.9,0.0,80.0,8.5,1,0,0,0.0,0,0,0,0,0,0,0,0,0,0,0,48.0,48.0,4,2,0,11,25,308.1666666666667,5.0,6.0,9.0,6.666666666666667,1,"Residential (evening peak, weekend >= weekday)",4
TEST-03189,Bole,2025-11-05 04:00:00,12.9,0.0,80.0,8.5,1,0,0,0.0,0,0,0,0,0,0,0,0,0,0,0,15.0,48.0,4,2,0,11,25,308.1666666666667,37.0,15.0,37.0,29.666666666666668,2,"Leisure / nightlife (late, weekend-heavy)",1
TEST-03400,CMC,2025-11-05 04:00:00,12.9,0.0,80.0,8.5,1,0,0,0.0,0,0,0,0,0,0,0,0,0,0,0,48.0,48.0,4,2,0,11,25,308.1666666666667,7.0,6.0,9.0,7.333333333333333,3,"Residential (evening peak, weekend >= weekday)",4
TEST-02694,Gerji,2025-11-05 04:00:00,12.9,0.0,80.0,8.5,1,0,0,0.0,0,0,0,0,0,0,0,0,0,0,0,48.0,48.0,4,2,0,11,25,308.1666666666667,9.0,12.0,9.0,10.0,4,"Residential (evening peak, weekend >= weekday)",4
TEST-01561,Kazanchis,2025-11-05 04:00:00,12.9,0.0,80.0,8.5,1,0,0,0.0,0,0,0,0,0,0,0,0,0,0,0,48.0,31.0,4,2,0,11,25,308.1666666666667,3.0,9.0,2.0,4.666666666666667,5,Business / office (weekday commute),0
TEST-00420,Kolfe,2025-11-05 04:00:00,12.9,0.0,80.0,8.5,1,0,0,0.0,0,0,0,0,0,0,0,0,0,0,0,48.0,48.0,4,2,0,11,25,308.1666666666667,6.0,10.0,8.0,8.0,6,"Residential (evening peak, weekend >= weekday)",4
TEST-02605,Lideta,2025-11-05 04:00:00,12.9,0.0,80.0,8.5,1,0,0,0.0,0,0,0,0,0,0,0,0,0,0,0,48.0,48.0,4,2,0,11,25,308.1666666666667,11.0,8.0,5.0,8.0,7,Mixed hub (commute + busy midday),3
TEST-02934,Megenagna,2025-11-05 04:00:00,12.9,0.0,80.0,8.5,1,0,0,0.0,0,0,0,0,0,0,0,0,0,0,0,48.0,48.0,4,2,0,11,25,308.1666666666667,12.0,10.0,14.0,12.0,8,Mixed hub (commute + busy midday),3
TEST-04029,Merkato,2025-11-05 04:00:00,12.9,0.0,80.0,8.5,1,0,0,0.0,0,0,0,0,0,0,0,0,0,0,0,48.0,48.0,4,2,0,11,25,308.1666666666667,12.0,6.0,11.0,9.666666666666666,9,Market (midday peak),2
TEST-02350,Piassa,2025-11-05 04:00:00,12.9,0.0,80.0,8.5,1,0,0,0.0,0,0,0,0,0,0,0,0,0,0,0,48.0,48.0,4,2,0,11,25,308.1666666666667,9.0,4.0,4.0,5.666666666666667,10,Business / office (weekday commute),0
TEST-01534,Sarbet,2025-11-05 04:00:00,12.9,0.0,80.0,8.5,1,0,0,0.0,0,0,0,0,0,0,0,0,0,0,0,48.0,48.0,4,2,0,11,25,308.1666666666667,6.0,9.0,7.0,7.333333333333333,11,"Residential (evening peak, weekend >= weekday)",4
TEST-00012,Arat Kilo,2025-11-05 05:00:00,13.0,0.0,86.0,13.5,1,0,0,0.0,0,0,0,0,0,0,0,0,0,0,0,48.0,48.0,5,2,0,11,25,308.2083333333333,5.0,9.0,5.0,6.333333333333333,0,Business / office (weekday commute),0
TEST-01851,Ayat,2025-11-05 05:00:00,13.0,0.0,86.0,13.5,1,0,0,0.0,0,0,0,0,0,0,0,0,0,0,0,48.0,48.0,5,2,0,11,25,308.2083333333333,12.0,16.0,9.0,12.333333333333334,1,"Residential (evening peak, weekend >= weekday)",4
TEST-03192,Bole,2025-11-05 05:00:00,13.0,0.0,86.0,13.5,1,0,0,0.0,0,0,0,0,0,0,0,0,0,0,0,14.0,48.0,5,2,0,11,25,308.2083333333333,75.0,59.0,44.0,59.333333333333336,2,"Leisure / nightlife (late, weekend-heavy)",1
TEST-02149,CMC,2025-11-05 05:00:00,13.0,0.0,86.0,13.5,1,0,0,0.0,0,0,0,0,0,0,0,0,0,0,0,48.0,48.0,5,2,0,11,25,308.2083333333333,24.0,21.0,33.0,26.0,3,"Residential (evening peak, weekend >= weekday)",4
TEST-00101,Gerji,2025-11-05 05:00:00,13.0,0.0,86.0,13.5,1,0,0,0.0,0,0,0,0,0,0,0,0,0,0,0,48.0,48.0,5,2,0,11,25,308.2083333333333,32.0,20.0,22.0,24.666666666666668,4,"Residential (evening peak, weekend >= weekday)",4
TEST-03710,Kazanchis,2025-11-05 05:00:00,13.0,0.0,86.0,13.5,1,0,0,0.0,0,0,0,0,0,0,0,0,0,0,0,48.0,32.0,5,2,0,11,25,308.2083333333333,5.0,12.0,2.0,6.333333333333333,5,Business / office (weekday commute),0
TEST-03439,Kolfe,2025-11-05 05:00:00,13.0,0.0,86.0,13.5,1,0,0,0.0,0,0,0,0,0,0,0,0,0,0,0,48.0,48.0,5,2,0,11,25,308.2083333333333,17.0,29.0,19.0,21.666666666666668,6,"Residential (evening peak, weekend >= weekday)",4
TEST-00653,Lideta,2025-11-05 05:00:00,13.0,0.0,86.0,13.5,1,0,0,0.0,0,0,0,0,0,0,0,0,0,0,0,48.0,48.0,5,2,0,11,25,308.2083333333333,18.0,20.0,13.0,17.0,7,Mixed hub (commute + busy midday),3
TEST-01273,Megenagna,2025-11-05 05:00:00,13.0,0.0,86.0,13.5,1,0,0,0.0,0,0,0,0,0,0,0,0,0,0,0,48.0,48.0,5,2,0,11,25,308.2083333333333,24.0,22.0,30.0,25.33333333333333,8,Mixed hub (commute + busy midday),3
TEST-02509,Merkato,2025-11-05 05:00:00,13.0,0.0,86.0,13.5,1,0,0,0.0,0,0,0,0,0,0,0,0,0,0,0,48.0,48.0,5,2,0,11,25,308.2083333333333,,18.0,21.0,19.5,9,Market (midday peak),2
TEST-02400,Piassa,2025-11-05 05:00:00,13.0,0.0,86.0,13.5,1,0,0,0.0,0,0,0,0,0,0,0,0,0,0,0,48.0,48.0,5,2,0,11,25,308.2083333333333,9.0,8.0,6.0,7.666666666666667,10,Business / office (weekday commute),0
TEST-00607,Sarbet,2025-11-05 05:00:00,13.0,0.0,86.0,13.5,1,0,0,0.0,0,0,0,0,0,0,0,0,0,0,0,48.0,48.0,5,2,0,11,25,308.2083333333333,17.0,23.0,25.0,21.666666666666668,11,"Residential (evening peak, weekend >= weekday)",4
TEST-00295,Arat Kilo,2025-11-05 06:00:00,13.9,0.0,75.0,9.9,1,0,0,0.0,0,0,0,0,0,0,0,0,0,0,0,48.0,48.0,6,2,0,11,25,308.25,16.0,18.0,23.0,19.0,0,Business / office (weekday commute),0
TEST-02736,Ayat,2025-11-05 06:00:00,13.9,0.0,75.0,9.9,1,0,0,0.0,0,0,0,0,0,0,0,0,0,0,0,48.0,48.0,6,2,0,11,25,308.25,25.0,48.0,34.0,35.666666666666664,1,"Residential (evening peak, weekend >= weekday)",4
TEST-00055,Bole,2025-11-05 06:00:00,13.9,0.0,75.0,9.9,1,0,0,0.0,0,0,0,0,0,0,0,0,0,0,0,13.0,48.0,6,2,0,11,25,308.25,64.0,29.0,71.0,54.66666666666666,2,"Leisure / nightlife (late, weekend-heavy)",1
TEST-02003,CMC,2025-11-05 06:00:00,13.9,0.0,75.0,9.9,1,0,0,0.0,0,0,0,0,0,0,0,0,0,0,0,48.0,48.0,6,2,0,11,25,308.25,42.0,,57.0,49.5,3,"Residential (evening peak, weekend >= weekday)",4
TEST-03681,Gerji,2025-11-05 06:00:00,13.9,0.0,75.0,9.9,1,0,0,0.0,0,0,0,0,0,0,0,0,0,0,0,48.0,48.0,6,2,0,11,25,308.25,40.0,53.0,58.0,50.333333333333336,4,"Residential (evening peak, weekend >= weekday)",4
TEST-03558,Kazanchis,2025-11-05 06:00:00,13.9,0.0,75.0,9.9,1,0,0,0.0,0,0,0,0,0,0,0,0,0,0,0,48.0,33.0,6,2,0,11,25,308.25,22.0,20.0,19.0,20.33333333333333,5,Business / office (weekday commute),0
TEST-03805,Kolfe,2025-11-05 06:00:00,13.9,0.0,75.0,9.9,1,0,0,0.0,0,0,0,0,0,0,0,0,0,0,0,48.0,48.0,6,2,0,11,25,308.25,39.0,67.0,51.0,52.333333333333336,6,"Residential (evening peak, weekend >= weekday)",4
TEST-00555,Lideta,2025-11-05 06:00:00,13.9,0.0,75.0,9.9,1,0,0,0.0,0,0,0,0,0,0,0,0,0,0,0,48.0,48.0,6,2,0,11,25,308.25,38.0,21.0,27.0,28.666666666666668,7,Mixed hub (commute + busy midday),3
TEST-02799,Megenagna,2025-11-05 06:00:00,13.9,0.0,75.0,9.9,1,0,0,0.0,0,0,0,0,0,0,0,0,0,0,0,48.0,48.0,6,2,0,11,25,308.25,33.0,58.0,50.0,47.0,8,Mixed hub (commute + busy midday),3
TEST-01361,Merkato,2025-11-05 06:00:00,13.9,0.0,75.0,9.9,1,0,0,0.0,0,0,0,0,0,0,0,0,0,0,0,48.0,48.0,6,2,0,11,25,308.25,54.0,40.0,68.0,54.0,9,Market (midday peak),2
TEST-02611,Piassa,2025-11-05 06:00:00,13.9,0.0,75.0,9.9,1,0,0,0.0,0,0,0,0,0,0,0,0,0,0,0,48.0,48.0,6,2,0,11,25,308.25,22.0,31.0,26.0,26.33333333333333,10,Business / office (weekday commute),0
TEST-02705,Sarbet,2025-11-05 06:00:00,13.9,0.0,75.0,9.9,1,0,0,0.0,0,0,0,0,0,0,0,0,0,0,0,48.0,48.0,6,2,0,11,25,308.25,29.0,37.0,46.0,37.333333333333336,11,"Residential (evening peak, weekend >= weekday)",4
TEST-02428,Arat Kilo,2025-11-05 07:00:00,15.7,0.0,86.0,7.4,1,0,0,0.0,0,0,0,0,0,0,0,0,0,0,0,48.0,48.0,7,2,0,11,25,308.2916666666667,59.0,27.0,46.0,44.0,0,Business / office (weekday commute),0
TEST-00613,Ayat,2025-11-05 07:00:00,15.7,0.0,86.0,7.4,1,0,0,0.0,0,0,0,0,0,0,0,0,0,0,0,48.0,48.0,7,2,0,11,25,308.2916666666667,48.0,54.0,48.0,50.0,1,"Residential (evening peak, weekend >= weekday)",4
TEST-00693,Bole,2025-11-05 07:00:00,15.7,0.0,86.0,7.4,1,0,0,0.0,0,0,0,0,0,0,0,0,0,0,0,12.0,48.0,7,2,0,11,25,308.2916666666667,37.0,27.0,42.0,35.333333333333336,2,"Leisure / nightlife (late, weekend-heavy)",1
TEST-02775,CMC,2025-11-05 07:00:00,15.7,0.0,86.0,7.4,1,0,0,0.0,0,0,0,0,0,0,0,0,0,0,0,48.0,48.0,7,2,0,11,25,308.2916666666667,,75.0,92.0,83.5,3,"Residential (evening peak, weekend >= weekday)",4
TEST-03026,Gerji,2025-11-05 07:00:00,15.7,0.0,86.0,7.4,1,0,0,0.0,0,0,0,0,0,0,0,0,0,0,0,48.0,48.0,7,2,0,11,25,308.2916666666667,57.0,65.0,71.0,64.33333333333333,4,"Residential (evening peak, weekend >= weekday)",4
TEST-00457,Kazanchis,2025-11-05 07:00:00,15.7,0.0,86.0,7.4,1,0,0,0.0,0,0,0,0,0,0,0,0,0,0,0,48.0,34.0,7,2,0,11,25,308.2916666666667,72.0,60.0,32.0,54.66666666666666,5,Business / office (weekday commute),0
TEST-03670,Kolfe,2025-11-05 07:00:00,15.7,0.0,86.0,7.4,1,0,0,0.0,0,0,0,0,0,0,0,0,0,0,0,48.0,48.0,7,2,0,11,25,308.2916666666667,83.0,,66.0,74.5,6,"Residential (evening peak, weekend >= weekday)",4
TEST-01824,Lideta,2025-11-05 07:00:00,15.7,0.0,86.0,7.4,1,0,0,0.0,0,0,0,0,0,0,0,0,0,0,0,48.0,48.0,7,2,0,11,25,308.2916666666667,60.0,55.0,49.0,54.66666666666666,7,Mixed hub (commute + busy midday),3
TEST-00772,Megenagna,2025-11-05 07:00:00,15.7,0.0,86.0,7.4,1,0,0,0.0,0,0,0,0,0,0,0,0,0,0,0,48.0,48.0,7,2,0,11,25,308.2916666666667,90.0,75.0,145.0,103.33333333333331,8,Mixed hub (commute + busy midday),3
TEST-02260,Merkato,2025-11-05 07:00:00,15.7,0.0,86.0,7.4,1,0,0,0.0,0,0,0,0,0,0,0,0,0,0,0,48.0,48.0,7,2,0,11,25,308.2916666666667,72.0,68.0,92.0,77.33333333333333,9,Market (midday peak),2
TEST-01944,Piassa,2025-11-05 07:00:00,15.7,0.0,86.0,7.4,1,0,0,0.0,0,0,0,0,0,0,0,0,0,0,0,48.0,48.0,7,2,0,11,25,308.2916666666667,60.0,47.0,56.0,54.333333333333336,10,Business / office (weekday commute),0
TEST-02162,Sarbet,2025-11-05 07:00:00,15.7,0.0,86.0,7.4,1,0,0,0.0,0,0,0,0,0,0,0,0,0,0,0,48.0,48.0,7,2,0,11,25,308.2916666666667,59.0,50.0,44.0,51.0,11,"Residential (evening peak, weekend >= weekday)",4
TEST-00913,Arat Kilo,2025-11-05 08:00:00,18.0,0.0,72.0,7.8,1,0,0,0.0,0,0,0,0,0,0,0,0,0,0,0,48.0,48.0,8,2,0,11,25,308.3333333333333,47.0,58.0,45.0,50.0,0,Business / office (weekday commute),0
TEST-01635,Ayat,2025-11-05 08:00:00,18.0,0.0,72.0,7.8,1,0,0,0.0,0,0,0,0,0,0,0,0,0,0,0,48.0,48.0,8,2,0,11,25,308.3333333333333,40.0,41.0,36.0,39.0,1,"Residential (evening peak, weekend >= weekday)",4
TEST-01888,Bole,2025-11-05 08:00:00,18.0,0.0,72.0,7.8,1,0,0,0.0,0,0,0,0,0,0,0,0,0,0,0,11.0,48.0,8,2,0,11,25,308.3333333333333,53.0,36.0,60.0,49.66666666666666,2,"Leisure / nightlife (late, weekend-heavy)",1
TEST-03281,CMC,2025-11-05 08:00:00,18.0,0.0,72.0,7.8,1,0,0,0.0,0,0,0,0,0,0,0,0,0,0,0,48.0,48.0,8,2,0,11,25,308.3333333333333,48.0,51.0,70.0,56.333333333333336,3,"Residential (evening peak, weekend >= weekday)",4
TEST-01595,Gerji,2025-11-05 08:00:00,18.0,0.0,72.0,7.8,1,0,0,0.0,0,0,0,0,0,0,0,0,0,0,0,48.0,48.0,8,2,0,11,25,308.3333333333333,42.0,51.0,41.0,44.66666666666666,4,"Residential (evening peak, weekend >= weekday)",4
TEST-00531,Kazanchis,2025-11-05 08:00:00,18.0,0.0,72.0,7.8,1,0,0,0.0,0,0,0,0,0,0,0,0,0,0,0,48.0,35.0,8,2,0,11,25,308.3333333333333,86.0,90.0,60.0,78.66666666666667,5,Business / office (weekday commute),0
TEST-01829,Kolfe,2025-11-05 08:00:00,18.0,0.0,72.0,7.8,1,0,0,0.0,0,0,0,0,0,0,0,0,0,0,0,48.0,48.0,8,2,0,11,25,308.3333333333333,52.0,44.0,39.0,45.0,6,"Residential (evening peak, weekend >= weekday)",4
TEST-01272,Lideta,2025-11-05 08:00:00,18.0,0.0,72.0,7.8,1,0,0,0.0,0,0,0,0,0,0,0,0,0,0,0,48.0,48.0,8,2,0,11,25,308.3333333333333,55.0,59.0,44.0,52.66666666666666,7,Mixed hub (commute + busy midday),3
TEST-02074,Megenagna,2025-11-05 08:00:00,18.0,0.0,72.0,7.8,1,0,0,0.0,0,0,0,0,0,0,0,0,0,0,0,48.0,48.0,8,2,0,11,25,308.3333333333333,79.0,107.0,82.0,89.33333333333333,8,Mixed hub (commute + busy midday),3
TEST-02914,Merkato,2025-11-05 08:00:00,18.0,0.0,72.0,7.8,1,0,0,0.0,0,0,0,0,0,0,0,0,0,0,0,48.0,48.0,8,2,0,11,25,308.3333333333333,83.0,81.0,69.0,77.66666666666667,9,Market (midday peak),2
TEST-03687,Piassa,2025-11-05 08:00:00,18.0,0.0,72.0,7.8,1,0,0,0.0,0,0,0,0,0,0,0,0,0,0,0,48.0,48.0,8,2,0,11,25,308.3333333333333,,67.0,77.0,72.0,10,Business / office (weekday commute),0
TEST-00194,Sarbet,2025-11-05 08:00:00,18.0,0.0,72.0,7.8,1,0,0,0.0,0,0,0,0,0,0,0,0,0,0,0,48.0,48.0,8,2,0,11,25,308.3333333333333,46.0,45.0,38.0,43.0,11,"Residential (evening peak, weekend >= weekday)",4
TEST-03810,Arat Kilo,2025-11-05 09:00:00,19.3,0.0,61.0,12.6,1,0,0,0.0,0,0,0,0,0,0,0,0,0,0,0,48.0,48.0,9,2,0,11,25,308.375,40.0,37.0,45.0,40.66666666666666,0,Business / office (weekday commute),0
TEST-03171,Ayat,2025-11-05 09:00:00,19.3,0.0,61.0,12.6,1,0,0,0.0,0,0,0,0,0,0,0,0,0,0,0,48.0,48.0,9,2,0,11,25,308.375,37.0,15.0,18.0,23.33333333333333,1,"Residential (evening peak, weekend >= weekday)",4
TEST-03098,Bole,2025-11-05 09:00:00,19.3,0.0,61.0,12.6,1,0,0,0.0,0,0,0,0,0,0,0,0,0,0,0,10.0,48.0,9,2,0,11,25,308.375,37.0,28.0,30.0,31.666666666666668,2,"Leisure / nightlife (late, weekend-heavy)",1
TEST-03554,CMC,2025-11-05 09:00:00,19.3,0.0,61.0,12.6,1,0,0,0.0,0,0,0,0,0,0,0,0,0,0,0,48.0,48.0,9,2,0,11,25,308.375,33.0,28.0,42.0,34.333333333333336,3,"Residential (evening peak, weekend >= weekday)",4
TEST-01135,Gerji,2025-11-05 09:00:00,19.3,0.0,61.0,12.6,1,0,0,0.0,0,0,0,0,0,0,0,0,0,0,0,48.0,48.0,9,2,0,11,25,308.375,36.0,23.0,36.0,31.666666666666668,4,"Residential (evening peak, weekend >= weekday)",4
TEST-01515,Kazanchis,2025-11-05 09:00:00,19.3,0.0,61.0,12.6,1,0,0,0.0,0,0,0,0,0,0,0,0,0,0,0,48.0,36.0,9,2,0,11,25,308.375,61.0,41.0,65.0,55.66666666666666,5,Business / office (weekday commute),0
TEST-02450,Kolfe,2025-11-05 09:00:00,19.3,0.0,61.0,12.6,1,0,0,0.0,0,0,0,0,0,0,0,0,0,0,0,48.0,48.0,9,2,0,11,25,308.375,33.0,28.0,31.0,30.666666666666668,6,"Residential (evening peak, weekend >= weekday)",4
TEST-01442,Lideta,2025-11-05 09:00:00,19.3,0.0,61.0,12.6,1,0,0,0.0,0,0,0,0,0,0,0,0,0,0,0,48.0,48.0,9,2,0,11,25,308.375,57.0,,61.0,59.0,7,Mixed hub (commute + busy midday),3
TEST-00602,Megenagna,2025-11-05 09:00:00,19.3,0.0,61.0,12.6,1,0,0,0.0,0,0,0,0,0,0,0,0,0,0,0,48.0,48.0,9,2,0,11,25,308.375,57.0,77.0,65.0,66.33333333333333,8,Mixed hub (commute + busy midday),3
TEST-03399,Merkato,2025-11-05 09:00:00,19.3,0.0,61.0,12.6,1,0,0,0.0,0,0,0,0,0,0,0,0,0,0,0,48.0,48.0,9,2,0,11,25,308.375,100.0,83.0,55.0,79.33333333333333,9,Market (midday peak),2
TEST-01029,Piassa,2025-11-05 09:00:00,19.3,0.0,61.0,12.6,1,0,0,0.0,0,0,0,0,0,0,0,0,0,0,0,48.0,48.0,9,2,0,11,25,308.375,53.0,52.0,60.0,55.0,10,Business / office (weekday commute),0
TEST-02273,Sarbet,2025-11-05 09:00:00,19.3,0.0,61.0,12.6,1,0,0,0.0,0,0,0,0,0,0,0,0,0,0,0,48.0,48.0,9,2,0,11,25,308.375,32.0,30.0,30.0,30.666666666666668,11,"Residential (evening peak, weekend >= weekday)",4
TEST-00147,Arat Kilo,2025-11-05 10:00:00,20.7,0.0,61.0,11.2,1,0,0,0.0,0,0,0,0,0,0,0,0,0,0,0,48.0,48.0,10,2,0,11,25,308.4166666666667,23.0,16.0,19.0,19.33333333333333,0,Business / office (weekday commute),0
TEST-02297,Ayat,2025-11-05 10:00:00,20.7,0.0,61.0,11.2,1,0,0,0.0,0,0,0,0,0,0,0,0,0,0,0,48.0,48.0,10,2,0,11,25,308.4166666666667,15.0,15.0,12.0,14.0,1,"Residential (evening peak, weekend >= weekday)",4
TEST-03322,Bole,2025-11-05 10:00:00,20.7,0.0,61.0,11.2,1,0,0,0.0,0,0,0,0,0,0,0,0,0,0,0,9.0,48.0,10,2,0,11,25,308.4166666666667,36.0,,34.0,35.0,2,"Leisure / nightlife (late, weekend-heavy)",1
TEST-00723,CMC,2025-11-05 10:00:00,20.7,0.0,61.0,11.2,1,0,0,0.0,0,0,0,0,0,0,0,0,0,0,0,48.0,48.0,10,2,0,11,25,308.4166666666667,21.0,14.0,13.0,16.0,3,"Residential (evening peak, weekend >= weekday)",4
TEST-01134,Gerji,2025-11-05 10:00:00,20.7,0.0,61.0,11.2,1,0,0,0.0,0,0,0,0,0,0,0,0,0,0,0,48.0,48.0,10,2,0,11,25,308.4166666666667,15.0,16.0,28.0,19.666666666666668,4,"Residential (evening peak, weekend >= weekday)",4
TEST-02349,Kazanchis,2025-11-05 10:00:00,20.7,0.0,61.0,11.2,1,0,0,0.0,0,0,0,0,0,0,0,0,0,0,0,48.0,37.0,10,2,0,11,25,308.4166666666667,23.0,30.0,38.0,30.33333333333333,5,Business / office (weekday commute),0
TEST-00371,Kolfe,2025-11-05 10:00:00,20.7,0.0,61.0,11.2,1,0,0,0.0,0,0,0,0,0,0,0,0,0,0,0,48.0,48.0,10,2,0,11,25,308.4166666666667,22.0,22.0,30.0,24.666666666666668,6,"Residential (evening peak, weekend >= weekday)",4
TEST-03085,Lideta,2025-11-05 10:00:00,20.7,0.0,61.0,11.2,1,0,0,0.0,0,0,0,0,0,0,0,0,0,0,0,48.0,48.0,10,2,0,11,25,308.4166666666667,41.0,49.0,39.0,43.0,7,Mixed hub (commute + busy midday),3
TEST-00862,Megenagna,2025-11-05 10:00:00,20.7,0.0,61.0,11.2,1,0,0,0.0,0,0,0,0,0,0,0,0,0,0,0,48.0,48.0,10,2,0,11,25,308.4166666666667,39.0,53.0,56.0,49.333333333333336,8,Mixed hub (commute + busy midday),3
TEST-02079,Merkato,2025-11-05 10:00:00,20.7,0.0,61.0,11.2,1,0,0,0.0,0,0,0,0,0,0,0,0,0,0,0,48.0,48.0,10,2,0,11,25,308.4166666666667,87.0,74.0,77.0,79.33333333333333,9,Market (midday peak),2
TEST-02555,Piassa,2025-11-05 10:00:00,20.7,0.0,61.0,11.2,1,0,0,0.0,0,0,0,0,0,0,0,0,0,0,0,48.0,48.0,10,2,0,11,25,308.4166666666667,30.0,24.0,12.0,22.0,10,Business / office (weekday commute),0
TEST-03555,Sarbet,2025-11-05 10:00:00,20.7,0.0,61.0,11.2,1,0,0,0.0,0,0,0,0,0,0,0,0,0,0,0,48.0,48.0,10,2,0,11,25,308.4166666666667,23.0,16.0,15.0,18.0,11,"Residential (evening peak, weekend >= weekday)",4
TEST-02024,Arat Kilo,2025-11-05 11:00:00,21.1,0.0,65.0,8.2,1,0,0,0.0,0,0,0,0,0,0,0,0,0,0,0,48.0,48.0,11,2,0,11,25,308.4583333333333,13.0,,13.0,13.0,0,Business / office (weekday commute),0
TEST-03736,Ayat,2025-11-05 11:00:00,21.1,0.0,65.0,8.2,1,0,0,0.0,0,0,0,0,0,0,0,0,0,0,0,48.0,48.0,11,2,0,11,25,308.4583333333333,17.0,13.0,24.0,18.0,1,"Residential (evening peak, weekend >= weekday)",4
TEST-03875,Bole,2025-11-05 11:00:00,21.1,0.0,65.0,8.2,1,0,0,0.0,0,0,0,0,0,0,0,0,0,0,0,8.0,48.0,11,2,0,11,25,308.4583333333333,31.0,26.0,32.0,29.666666666666668,2,"Leisure / nightlife (late, weekend-heavy)",1
TEST-02095,CMC,2025-11-05 11:00:00,21.1,0.0,65.0,8.2,1,0,0,0.0,0,0,0,0,0,0,0,0,0,0,0,48.0,48.0,11,2,0,11,25,308.4583333333333,19.0,31.0,30.0,26.666666666666668,3,"Residential (evening peak, weekend >= weekday)",4
TEST-01633,Gerji,2025-11-05 11:00:00,21.1,0.0,65.0,8.2,1,0,0,0.0,0,0,0,0,0,0,0,0,0,0,0,48.0,48.0,11,2,0,11,25,308.4583333333333,20.0,21.0,14.0,18.33333333333333,4,"Residential (evening peak, weekend >= weekday)",4
TEST-02704,Kazanchis,2025-11-05 11:00:00,21.1,0.0,65.0,8.2,1,0,0,0.0,0,0,0,0,0,0,0,0,0,0,0,48.0,38.0,11,2,0,11,25,308.4583333333333,21.0,34.0,25.0,26.666666666666668,5,Business / office (weekday commute),0
TEST-01487,Kolfe,2025-11-05 11:00:00,21.1,0.0,65.0,8.2,1,0,0,0.0,0,0,0,0,0,0,0,0,0,0,0,48.0,48.0,11,2,0,11,25,308.4583333333333,17.0,,26.0,21.5,6,"Residential (evening peak, weekend >= weekday)",4
TEST-02278,Lideta,2025-11-05 11:00:00,21.1,0.0,65.0,8.2,1,0,0,0.0,0,0,0,0,0,0,0,0,0,0,0,48.0,48.0,11,2,0,11,25,308.4583333333333,33.0,32.0,30.0,31.666666666666668,7,Mixed hub (commute + busy midday),3
TEST-01846,Megenagna,2025-11-05 11:00:00,21.1,0.0,65.0,8.2,1,0,0,0.0,0,0,0,0,0,0,0,0,0,0,0,48.0,48.0,11,2,0,11,25,308.4583333333333,53.0,64.0,55.0,57.333333333333336,8,Mixed hub (commute + busy midday),3
TEST-02798,Merkato,2025-11-05 11:00:00,21.1,0.0,65.0,8.2,1,0,0,0.0,0,0,0,0,0,0,0,0,0,0,0,48.0,48.0,11,2,0,11,25,308.4583333333333,107.0,111.0,106.0,108.0,9,Market (midday peak),2
TEST-01918,Piassa,2025-11-05 11:00:00,21.1,0.0,65.0,8.2,1,0,0,0.0,0,0,0,0,0,0,0,0,0,0,0,48.0,48.0,11,2,0,11,25,308.4583333333333,17.0,20.0,18.0,18.33333333333333,10,Business / office (weekday commute),0
TEST-00970,Sarbet,2025-11-05 11:00:00,21.1,0.0,65.0,8.2,1,0,0,0.0,0,0,0,0,0,0,0,0,0,0,0,48.0,48.0,11,2,0,11,25,308.4583333333333,20.0,21.0,19.0,20.0,11,"Residential (evening peak, weekend >= weekday)",4
TEST-01586,Arat Kilo,2025-11-05 12:00:00,23.8,0.0,58.0,15.0,1,0,0,0.0,0,0,0,0,0,0,0,0,0,0,0,48.0,48.0,12,2,0,11,25,308.5,27.0,,24.0,25.5,0,Business / office (weekday commute),0
TEST-01009,Ayat,2025-11-05 12:00:00,23.8,0.0,58.0,15.0,1,0,0,0.0,0,0,0,0,0,0,0,0,0,0,0,48.0,48.0,12,2,0,11,25,308.5,14.0,9.0,11.0,11.333333333333334,1,"Residential (evening peak, weekend >= weekday)",4
TEST-03073,Bole,2025-11-05 12:00:00,23.8,0.0,58.0,15.0,1,0,0,0.0,0,0,0,0,0,0,0,0,0,0,0,7.0,48.0,12,2,0,11,25,308.5,42.0,24.0,20.0,28.666666666666668,2,"Leisure / nightlife (late, weekend-heavy)",1
TEST-00358,CMC,2025-11-05 12:00:00,23.8,0.0,58.0,15.0,1,0,0,0.0,0,0,0,0,0,0,0,0,0,0,0,48.0,48.0,12,2,0,11,25,308.5,24.0,37.0,29.0,30.0,3,"Residential (evening peak, weekend >= weekday)",4
TEST-01193,Gerji,2025-11-05 12:00:00,23.8,0.0,58.0,15.0,1,0,0,0.0,0,0,0,0,0,0,0,0,0,0,0,48.0,48.0,12,2,0,11,25,308.5,19.0,27.0,22.0,22.666666666666668,4,"Residential (evening peak, weekend >= weekday)",4
TEST-00434,Kazanchis,2025-11-05 12:00:00,23.8,0.0,58.0,15.0,1,0,0,0.0,0,0,0,0,0,0,0,0,0,0,0,48.0,39.0,12,2,0,11,25,308.5,54.0,44.0,48.0,48.66666666666666,5,Business / office (weekday commute),0
TEST-02595,Kolfe,2025-11-05 12:00:00,23.8,0.0,58.0,15.0,1,0,0,0.0,0,0,0,0,0,0,0,0,0,0,0,48.0,48.0,12,2,0,11,25,308.5,21.0,21.0,15.0,19.0,6,"Residential (evening peak, weekend >= weekday)",4
TEST-01075,Lideta,2025-11-05 12:00:00,23.8,0.0,58.0,15.0,1,0,0,0.0,0,0,0,0,0,0,0,0,0,0,0,48.0,48.0,12,2,0,11,25,308.5,43.0,,39.0,41.0,7,Mixed hub (commute + busy midday),3
TEST-04016,Megenagna,2025-11-05 12:00:00,23.8,0.0,58.0,15.0,1,0,0,0.0,0,0,0,0,0,0,0,0,0,0,0,48.0,48.0,12,2,0,11,25,308.5,45.0,47.0,63.0,51.66666666666666,8,Mixed hub (commute + busy midday),3
TEST-03980,Merkato,2025-11-05 12:00:00,23.8,0.0,58.0,15.0,1,0,0,0.0,0,0,0,0,0,0,0,0,0,0,0,48.0,48.0,12,2,0,11,25,308.5,138.0,99.0,105.0,114.0,9,Market (midday peak),2
TEST-03119,Piassa,2025-11-05 12:00:00,23.8,0.0,58.0,15.0,1,0,0,0.0,0,0,0,0,0,0,0,0,0,0,0,48.0,48.0,12,2,0,11,25,308.5,41.0,30.0,36.0,35.666666666666664,10,Business / office (weekday commute),0
TEST-02308,Sarbet,2025-11-05 12:00:00,23.8,0.0,58.0,15.0,1,0,0,0.0,0,0,0,0,0,0,0,0,0,0,0,48.0,48.0,12,2,0,11,25,308.5,14.0,16.0,15.0,15.0,11,"Residential (evening peak, weekend >= weekday)",4
TEST-03899,Arat Kilo,2025-11-05 13:00:00,22.9,0.0,56.0,7.5,1,0,0,0.0,0,0,0,0,0,0,0,0,0,0,0,48.0,48.0,13,2,0,11,25,308.5416666666667,37.0,40.0,33.0,36.66666666666666,0,Business / office (weekday commute),0
TEST-00205,Ayat,2025-11-05 13:00:00,22.9,0.0,56.0,7.5,1,0,0,0.0,0,0,0,0,0,0,0,0,0,0,0,48.0,48.0,13,2,0,11,25,308.5416666666667,13.0,15.0,14.0,14.0,1,"Residential (evening peak, weekend >= weekday)",4
TEST-01411,Bole,2025-11-05 13:00:00,22.9,0.0,56.0,7.5,1,0,0,0.0,0,0,0,0,0,0,0,0,0,0,0,6.0,48.0,13,2,0,11,25,308.5416666666667,44.0,23.0,42.0,36.333333333333336,2,"Leisure / nightlife (late, weekend-heavy)",1
TEST-04012,CMC,2025-11-05 13:00:00,22.9,0.0,56.0,7.5,1,0,0,0.0,0,0,0,0,0,0,0,0,0,0,0,48.0,48.0,13,2,0,11,25,308.5416666666667,24.0,24.0,26.0,24.666666666666668,3,"Residential (evening peak, weekend >= weekday)",4
TEST-02942,Gerji,2025-11-05 13:00:00,22.9,0.0,56.0,7.5,1,0,0,0.0,0,0,0,0,0,0,0,0,0,0,0,48.0,48.0,13,2,0,11,25,308.5416666666667,34.0,,28.0,31.0,4,"Residential (evening peak, weekend >= weekday)",4
TEST-02991,Kazanchis,2025-11-05 13:00:00,22.9,0.0,56.0,7.5,1,0,0,0.0,0,0,0,0,0,0,0,0,0,0,0,48.0,40.0,13,2,0,11,25,308.5416666666667,57.0,60.0,67.0,61.333333333333336,5,Business / office (weekday commute),0
TEST-03264,Kolfe,2025-11-05 13:00:00,22.9,0.0,56.0,7.5,1,0,0,0.0,0,0,0,0,0,0,0,0,0,0,0,48.0,48.0,13,2,0,11,25,308.5416666666667,24.0,26.0,18.0,22.666666666666668,6,"Residential (evening peak, weekend >= weekday)",4
TEST-03552,Lideta,2025-11-05 13:00:00,22.9,0.0,56.0,7.5,1,0,0,0.0,0,0,0,0,0,0,0,0,0,0,0,48.0,48.0,13,2,0,11,25,308.5416666666667,42.0,44.0,33.0,39.66666666666666,7,Mixed hub (commute + busy midday),3
TEST-02561,Megenagna,2025-11-05 13:00:00,22.9,0.0,56.0,7.5,1,0,0,0.0,0,0,0,0,0,0,0,0,0,0,0,48.0,48.0,13,2,0,11,25,308.5416666666667,36.0,63.0,49.0,49.333333333333336,8,Mixed hub (commute + busy midday),3
TEST-02018,Merkato,2025-11-05 13:00:00,22.9,0.0,56.0,7.5,1,0,0,0.0,0,0,0,0,0,0,0,0,0,0,0,48.0,48.0,13,2,0,11,25,308.5416666666667,96.0,91.0,98.0,95.0,9,Market (midday peak),2
TEST-03224,Piassa,2025-11-05 13:00:00,22.9,0.0,56.0,7.5,1,0,0,0.0,0,0,0,0,0,0,0,0,0,0,0,48.0,48.0,13,2,0,11,25,308.5416666666667,58.0,45.0,44.0,49.0,10,Business / office (weekday commute),0
TEST-00157,Sarbet,2025-11-05 13:00:00,22.9,0.0,56.0,7.5,1,0,0,0.0,0,0,0,0,0,0,0,0,0,0,0,48.0,48.0,13,2,0,11,25,308.5416666666667,13.0,14.0,15.0,14.0,11,"Residential (evening peak, weekend >= weekday)",4
TEST-00003,Arat Kilo,2025-11-05 14:00:00,25.2,0.0,53.0,8.3,1,0,1,0.0,0,0,0,0,0,0,0,0,0,0,0,48.0,48.0,14,2,0,11,25,308.5833333333333,37.0,35.0,38.0,36.66666666666666,0,Business / office (weekday commute),0
TEST-03230,Ayat,2025-11-05 14:00:00,25.2,0.0,53.0,8.3,1,0,1,0.0,0,0,0,0,0,0,0,0,0,0,0,48.0,48.0,14,2,0,11,25,308.5833333333333,12.0,5.0,19.0,12.0,1,"Residential (evening peak, weekend >= weekday)",4
TEST-00645,Bole,2025-11-05 14:00:00,25.2,0.0,53.0,8.3,1,0,1,0.0,0,0,0,0,0,0,0,0,0,0,0,5.0,48.0,14,2,0,11,25,308.5833333333333,46.0,21.0,38.0,35.0,2,"Leisure / nightlife (late, weekend-heavy)",1
TEST-00932,CMC,2025-11-05 14:00:00,25.2,0.0,53.0,8.3,1,0,1,0.0,0,0,0,0,0,0,0,0,0,0,0,48.0,48.0,14,2,0,11,25,308.5833333333333,34.0,14.0,19.0,22.33333333333333,3,"Residential (evening peak, weekend >= weekday)",4
TEST-03721,Gerji,2025-11-05 14:00:00,25.2,0.0,53.0,8.3,1,0,1,0.0,0,0,0,0,0,0,0,0,0,0,0,48.0,48.0,14,2,0,11,25,308.5833333333333,17.0,22.0,21.0,20.0,4,"Residential (evening peak, weekend >= weekday)",4
TEST-03827,Kazanchis,2025-11-05 14:00:00,25.2,0.0,53.0,8.3,1,0,1,0.0,0,0,0,0,0,0,0,0,0,0,0,48.0,41.0,14,2,0,11,25,308.5833333333333,42.0,44.0,45.0,43.66666666666666,5,Business / office (weekday commute),0
TEST-00843,Kolfe,2025-11-05 14:00:00,25.2,0.0,53.0,8.3,1,0,1,0.0,0,0,0,0,0,0,0,0,0,0,0,48.0,48.0,14,2,0,11,25,308.5833333333333,20.0,22.0,18.0,20.0,6,"Residential (evening peak, weekend >= weekday)",4
TEST-03385,Lideta,2025-11-05 14:00:00,25.2,0.0,53.0,8.3,1,0,1,0.0,0,0,0,0,0,0,0,0,0,0,0,48.0,48.0,14,2,0,11,25,308.5833333333333,37.0,45.0,37.0,39.66666666666666,7,Mixed hub (commute + busy midday),3
TEST-00356,Megenagna,2025-11-05 14:00:00,25.2,0.0,53.0,8.3,1,0,1,0.0,0,0,0,0,0,0,0,0,0,0,0,48.0,48.0,14,2,0,11,25,308.5833333333333,44.0,58.0,57.0,53.0,8,Mixed hub (commute + busy midday),3
TEST-02785,Merkato,2025-11-05 14:00:00,25.2,0.0,53.0,8.3,1,0,1,0.0,0,0,0,0,0,0,0,0,0,0,0,48.0,48.0,14,2,0,11,25,308.5833333333333,90.0,78.0,115.0,94.33333333333331,9,Market (midday peak),2
TEST-02479,Piassa,2025-11-05 14:00:00,25.2,0.0,53.0,8.3,1,0,1,0.0,0,0,0,0,0,0,0,0,0,0,0,48.0,48.0,14,2,0,11,25,308.5833333333333,41.0,36.0,52.0,43.0,10,Business / office (weekday commute),0
TEST-03755,Sarbet,2025-11-05 14:00:00,25.2,0.0,53.0,8.3,1,0,1,0.0,0,0,0,0,0,0,0,0,0,0,0,48.0,48.0,14,2,0,11,25,308.5833333333333,9.0,14.0,13.0,12.0,11,"Residential (evening peak, weekend >= weekday)",4
TEST-00312,Arat Kilo,2025-11-05 15:00:00,24.1,0.0,45.0,20.0,1,0,0,0.0,0,0,0,0,0,0,0,0,0,0,0,48.0,48.0,15,2,0,11,25,308.625,44.0,27.0,30.0,33.666666666666664,0,Business / office (weekday commute),0
TEST-03380,Ayat,2025-11-05 15:00:00,24.1,0.0,45.0,20.0,1,0,0,0.0,0,0,0,0,0,0,0,0,0,0,0,48.0,48.0,15,2,0,11,25,308.625,19.0,10.0,12.0,13.666666666666666,1,"Residential (evening peak, weekend >= weekday)",4
TEST-03706,Bole,2025-11-05 15:00:00,24.1,0.0,45.0,20.0,1,0,0,0.0,0,0,0,0,0,0,0,0,0,0,0,4.0,48.0,15,2,0,11,25,308.625,47.0,20.0,27.0,31.33333333333333,2,"Leisure / nightlife (late, weekend-heavy)",1
TEST-01168,CMC,2025-11-05 15:00:00,24.1,0.0,45.0,20.0,1,0,0,0.0,0,0,0,0,0,0,0,0,0,0,0,48.0,48.0,15,2,0,11,25,308.625,17.0,24.0,20.0,20.33333333333333,3,"Residential (evening peak, weekend >= weekday)",4
TEST-03949,Gerji,2025-11-05 15:00:00,24.1,0.0,45.0,20.0,1,0,0,0.0,0,0,0,0,0,0,0,0,0,0,0,48.0,48.0,15,2,0,11,25,308.625,17.0,22.0,18.0,19.0,4,"Residential (evening peak, weekend >= weekday)",4
TEST-02523,Kazanchis,2025-11-05 15:00:00,24.1,0.0,45.0,20.0,1,0,0,0.0,0,0,0,0,0,0,0,0,0,0,0,48.0,42.0,15,2,0,11,25,308.625,40.0,51.0,32.0,41.0,5,Business / office (weekday commute),0
TEST-00446,Kolfe,2025-11-05 15:00:00,24.1,0.0,45.0,20.0,1,0,0,0.0,0,0,0,0,0,0,0,0,0,0,0,48.0,48.0,15,2,0,11,25,308.625,21.0,21.0,18.0,20.0,6,"Residential (evening peak, weekend >= weekday)",4
TEST-03054,Lideta,2025-11-05 15:00:00,24.1,0.0,45.0,20.0,1,0,0,0.0,0,0,0,0,0,0,0,0,0,0,0,48.0,48.0,15,2,0,11,25,308.625,39.0,31.0,39.0,36.333333333333336,7,Mixed hub (commute + busy midday),3
TEST-03675,Megenagna,2025-11-05 15:00:00,24.1,0.0,45.0,20.0,1,0,0,0.0,0,0,0,0,0,0,0,0,0,0,0,48.0,48.0,15,2,0,11,25,308.625,43.0,60.0,62.0,55.0,8,Mixed hub (commute + busy midday),3
TEST-02862,Merkato,2025-11-05 15:00:00,24.1,0.0,45.0,20.0,1,0,0,0.0,0,0,0,0,0,0,0,0,0,0,0,48.0,48.0,15,2,0,11,25,308.625,118.0,99.0,,108.5,9,Market (midday peak),2
TEST-04017,Piassa,2025-11-05 15:00:00,24.1,0.0,45.0,20.0,1,0,0,0.0,0,0,0,0,0,0,0,0,0,0,0,48.0,48.0,15,2,0,11,25,308.625,42.0,33.0,43.0,39.333333333333336,10,Business / office (weekday commute),0
TEST-00880,Sarbet,2025-11-05 15:00:00,24.1,0.0,45.0,20.0,1,0,0,0.0,0,0,0,0,0,0,0,0,0,0,0,48.0,48.0,15,2,0,11,25,308.625,18.0,15.0,16.0,16.333333333333332,11,"Residential (evening peak, weekend >= weekday)",4
TEST-02323,Arat Kilo,2025-11-05 16:00:00,25.4,0.0,56.0,5.1,1,0,0,0.0,0,0,0,0,0,0,0,0,0,0,0,48.0,48.0,16,2,0,11,25,308.6666666666667,46.0,38.0,39.0,41.0,0,Business / office (weekday commute),0
TEST-01054,Ayat,2025-11-05 16:00:00,25.4,0.0,56.0,5.1,1,0,0,0.0,0,0,0,0,0,0,0,0,0,0,0,48.0,48.0,16,2,0,11,25,308.6666666666667,12.0,17.0,13.0,14.0,1,"Residential (evening peak, weekend >= weekday)",4
TEST-01917,Bole,2025-11-05 16:00:00,25.4,0.0,56.0,5.1,1,0,0,0.0,0,0,0,0,0,0,0,0,0,0,0,3.0,48.0,16,2,0,11,25,308.6666666666667,23.0,28.0,40.0,30.33333333333333,2,"Leisure / nightlife (late, weekend-heavy)",1
TEST-02315,CMC,2025-11-05 16:00:00,25.4,0.0,56.0,5.1,1,0,0,0.0,0,0,0,0,0,0,0,0,0,0,0,48.0,48.0,16,2,0,11,25,308.6666666666667,22.0,23.0,27.0,24.0,3,"Residential (evening peak, weekend >= weekday)",4
TEST-03931,Gerji,2025-11-05 16:00:00,25.4,0.0,56.0,5.1,1,0,0,0.0,0,0,0,0,0,0,0,0,0,0,0,48.0,48.0,16,2,0,11,25,308.6666666666667,33.0,34.0,33.0,33.333333333333336,4,"Residential (evening peak, weekend >= weekday)",4
TEST-01351,Kazanchis,2025-11-05 16:00:00,25.4,0.0,56.0,5.1,1,0,0,0.0,0,0,0,0,0,0,0,0,0,0,0,48.0,43.0,16,2,0,11,25,308.6666666666667,63.0,62.0,72.0,65.66666666666667,5,Business / office (weekday commute),0
TEST-03615,Kolfe,2025-11-05 16:00:00,25.4,0.0,56.0,5.1,1,0,0,0.0,0,0,0,0,0,0,0,0,0,0,0,48.0,48.0,16,2,0,11,25,308.6666666666667,33.0,27.0,23.0,27.666666666666668,6,"Residential (evening peak, weekend >= weekday)",4
TEST-02376,Lideta,2025-11-05 16:00:00,25.4,0.0,56.0,5.1,1,0,0,0.0,0,0,0,0,0,0,0,0,0,0,0,48.0,48.0,16,2,0,11,25,308.6666666666667,50.0,51.0,51.0,50.66666666666666,7,Mixed hub (commute + busy midday),3
TEST-03031,Megenagna,2025-11-05 16:00:00,25.4,0.0,56.0,5.1,1,0,0,0.0,0,0,0,0,0,0,0,0,0,0,0,48.0,48.0,16,2,0,11,25,308.6666666666667,61.0,60.0,,60.5,8,Mixed hub (commute + busy midday),3
TEST-01090,Merkato,2025-11-05 16:00:00,25.4,0.0,56.0,5.1,1,0,0,0.0,0,0,0,0,0,0,0,0,0,0,0,48.0,48.0,16,2,0,11,25,308.6666666666667,,,83.0,83.0,9,Market (midday peak),2
TEST-02170,Piassa,2025-11-05 16:00:00,25.4,0.0,56.0,5.1,1,0,0,0.0,0,0,0,0,0,0,0,0,0,0,0,48.0,48.0,16,2,0,11,25,308.6666666666667,68.0,51.0,60.0,59.66666666666666,10,Business / office (weekday commute),0
TEST-02760,Sarbet,2025-11-05 16:00:00,25.4,0.0,56.0,5.1,1,0,0,0.0,0,0,0,0,0,0,0,0,0,0,0,48.0,48.0,16,2,0,11,25,308.6666666666667,19.0,17.0,19.0,18.33333333333333,11,"Residential (evening peak, weekend >= weekday)",4
TEST-00230,Arat Kilo,2025-11-05 17:00:00,24.9,0.0,49.0,8.3,1,0,0,0.0,0,0,0,0,0,0,0,0,0,0,0,48.0,48.0,17,2,0,11,25,308.7083333333333,,64.0,52.0,58.0,0,Business / office (weekday commute),0
TEST-00868,Ayat,2025-11-05 17:00:00,24.9,0.0,49.0,8.3,1,0,0,0.0,0,0,0,0,0,0,0,0,0,0,0,48.0,48.0,17,2,0,11,25,308.7083333333333,28.0,30.0,25.0,27.666666666666668,1,"Residential (evening peak, weekend >= weekday)",4
TEST-02578,Bole,2025-11-05 17:00:00,24.9,0.0,49.0,8.3,1,0,0,0.0,0,1,7089,1,0,0,0,0,0,0,0,2.0,48.0,17,2,0,11,25,308.7083333333333,30.0,,21.0,25.5,2,"Leisure / nightlife (late, weekend-heavy)",1
TEST-00189,CMC,2025-11-05 17:00:00,24.9,0.0,49.0,8.3,1,0,0,0.0,0,0,0,0,0,0,0,0,0,0,0,48.0,48.0,17,2,0,11,25,308.7083333333333,32.0,28.0,53.0,37.66666666666666,3,"Residential (evening peak, weekend >= weekday)",4
TEST-00833,Gerji,2025-11-05 17:00:00,24.9,0.0,49.0,8.3,1,0,0,0.0,0,0,0,0,0,0,0,0,0,0,0,48.0,48.0,17,2,0,11,25,308.7083333333333,40.0,29.0,29.0,32.666666666666664,4,"Residential (evening peak, weekend >= weekday)",4
TEST-00461,Kazanchis,2025-11-05 17:00:00,24.9,0.0,49.0,8.3,1,0,0,0.0,0,0,0,0,0,0,0,0,0,0,0,48.0,44.0,17,2,0,11,25,308.7083333333333,114.0,82.0,157.0,117.66666666666669,5,Business / office (weekday commute),0
TEST-04021,Kolfe,2025-11-05 17:00:00,24.9,0.0,49.0,8.3,1,0,0,0.0,0,0,0,0,0,0,0,0,0,0,0,48.0,48.0,17,2,0,11,25,308.7083333333333,22.0,30.0,37.0,29.666666666666668,6,"Residential (evening peak, weekend >= weekday)",4
TEST-01724,Lideta,2025-11-05 17:00:00,24.9,0.0,49.0,8.3,1,0,0,0.0,0,0,0,0,0,0,0,0,0,0,0,48.0,48.0,17,2,0,11,25,308.7083333333333,59.0,70.0,95.0,74.66666666666667,7,Mixed hub (commute + busy midday),3
TEST-00894,Megenagna,2025-11-05 17:00:00,24.9,0.0,49.0,8.3,1,0,0,0.0,0,0,0,0,0,0,0,0,0,0,0,48.0,48.0,17,2,0,11,25,308.7083333333333,120.0,85.0,71.0,92.0,8,Mixed hub (commute + busy midday),3
TEST-03362,Merkato,2025-11-05 17:00:00,24.9,0.0,49.0,8.3,1,0,0,0.0,0,0,0,0,0,0,0,0,0,0,0,48.0,48.0,17,2,0,11,25,308.7083333333333,42.0,47.0,64.0,51.0,9,Market (midday peak),2
TEST-03509,Piassa,2025-11-05 17:00:00,24.9,0.0,49.0,8.3,1,0,0,0.0,0,0,0,0,0,0,0,0,0,0,0,48.0,48.0,17,2,0,11,25,308.7083333333333,78.0,103.0,71.0,84.0,10,Business / office (weekday commute),0
TEST-01036,Sarbet,2025-11-05 17:00:00,24.9,0.0,49.0,8.3,1,0,0,0.0,0,0,0,0,0,0,0,0,0,0,0,48.0,48.0,17,2,0,11,25,308.7083333333333,35.0,47.0,32.0,38.0,11,"Residential (evening peak, weekend >= weekday)",4
TEST-00448,Arat Kilo,2025-11-05 18:00:00,23.5,0.0,63.0,11.8,1,0,0,0.0,0,0,0,0,0,0,0,0,0,0,0,48.0,48.0,18,2,0,11,25,308.75,54.0,66.0,53.0,57.66666666666666,0,Business / office (weekday commute),0
TEST-03809,Ayat,2025-11-05 18:00:00,23.5,0.0,63.0,11.8,1,0,0,0.0,0,0,0,0,0,0,0,0,0,0,0,48.0,48.0,18,2,0,11,25,308.75,36.0,25.0,47.0,36.0,1,"Residential (evening peak, weekend >= weekday)",4
TEST-02631,Bole,2025-11-05 18:00:00,23.5,0.0,63.0,11.8,1,0,0,0.0,0,1,7089,1,0,0,0,0,0,0,0,1.0,48.0,18,2,0,11,25,308.75,43.0,27.0,45.0,38.333333333333336,2,"Leisure / nightlife (late, weekend-heavy)",1
TEST-01583,CMC,2025-11-05 18:00:00,23.5,0.0,63.0,11.8,1,0,0,0.0,0,0,0,0,0,0,0,0,0,0,0,48.0,48.0,18,2,0,11,25,308.75,41.0,46.0,55.0,47.333333333333336,3,"Residential (evening peak, weekend >= weekday)",4
TEST-01425,Gerji,2025-11-05 18:00:00,23.5,0.0,63.0,11.8,1,0,0,0.0,0,0,0,0,0,0,0,0,0,0,0,48.0,48.0,18,2,0,11,25,308.75,43.0,48.0,36.0,42.333333333333336,4,"Residential (evening peak, weekend >= weekday)",4
TEST-03418,Kazanchis,2025-11-05 18:00:00,23.5,0.0,63.0,11.8,1,0,0,0.0,0,0,0,0,0,0,0,0,0,0,0,48.0,45.0,18,2,0,11,25,308.75,131.0,93.0,132.0,118.66666666666669,5,Business / office (weekday commute),0
TEST-00469,Kolfe,2025-11-05 18:00:00,23.5,0.0,63.0,11.8,1,0,0,0.0,0,0,0,0,0,0,0,0,0,0,0,48.0,48.0,18,2,0,11,25,308.75,40.0,41.0,45.0,42.0,6,"Residential (evening peak, weekend >= weekday)",4
TEST-00116,Lideta,2025-11-05 18:00:00,23.5,0.0,63.0,11.8,1,0,0,0.0,0,0,0,0,0,0,0,0,0,0,0,48.0,48.0,18,2,0,11,25,308.75,61.0,67.0,51.0,59.66666666666666,7,Mixed hub (commute + busy midday),3
TEST-02938,Megenagna,2025-11-05 18:00:00,23.5,0.0,63.0,11.8,1,0,0,0.0,0,0,0,0,0,0,0,0,0,0,0,48.0,48.0,18,2,0,11,25,308.75,115.0,98.0,87.0,100.0,8,Mixed hub (commute + busy midday),3
TEST-00001,Merkato,2025-11-05 18:00:00,23.5,0.0,63.0,11.8,1,0,0,0.0,0,0,0,0,0,0,0,0,0,0,0,48.0,48.0,18,2,0,11,25,308.75,45.0,35.0,52.0,44.0,9,Market (midday peak),2
TEST-01372,Piassa,2025-11-05 18:00:00,23.5,0.0,63.0,11.8,1,0,0,0.0,0,0,0,0,0,0,0,0,0,0,0,48.0,48.0,18,2,0,11,25,308.75,97.0,110.0,90.0,99.0,10,Business / office (weekday commute),0
TEST-02572,Sarbet,2025-11-05 18:00:00,23.5,0.0,63.0,11.8,1,0,0,0.0,0,0,0,0,0,0,0,0,0,0,0,48.0,48.0,18,2,0,11,25,308.75,28.0,44.0,35.0,35.666666666666664,11,"Residential (evening peak, weekend >= weekday)",4
TEST-00895,Arat Kilo,2025-11-05 19:00:00,20.8,0.0,55.0,12.0,1,0,0,0.0,0,0,0,0,0,0,0,0,0,0,0,48.0,48.0,19,2,0,11,25,308.7916666666667,41.0,57.0,54.0,50.66666666666666,0,Business / office (weekday commute),0
TEST-03347,Ayat,2025-11-05 19:00:00,20.8,0.0,55.0,12.0,1,0,0,0.0,0,0,0,0,0,0,0,0,0,0,0,48.0,48.0,19,2,0,11,25,308.7916666666667,41.0,34.0,26.0,33.666666666666664,1,"Residential (evening peak, weekend >= weekday)",4
TEST-03469,Bole,2025-11-05 19:00:00,20.8,0.0,55.0,12.0,1,0,0,0.0,0,1,7089,1,0,0,0,0,0,0,0,0.0,48.0,19,2,0,11,25,308.7916666666667,46.0,37.0,45.0,42.66666666666666,2,"Leisure / nightlife (late, weekend-heavy)",1
TEST-02741,CMC,2025-11-05 19:00:00,20.8,0.0,55.0,12.0,1,0,0,0.0,0,0,0,0,0,0,0,0,0,0,0,48.0,48.0,19,2,0,11,25,308.7916666666667,64.0,74.0,54.0,64.0,3,"Residential (evening peak, weekend >= weekday)",4
TEST-03331,Gerji,2025-11-05 19:00:00,20.8,0.0,55.0,12.0,1,0,0,0.0,0,0,0,0,0,0,0,0,0,0,0,48.0,48.0,19,2,0,11,25,308.7916666666667,53.0,51.0,47.0,50.333333333333336,4,"Residential (evening peak, weekend >= weekday)",4
TEST-03442,Kazanchis,2025-11-05 19:00:00,20.8,0.0,55.0,12.0,1,0,0,0.0,0,0,0,0,0,0,0,0,0,0,0,48.0,46.0,19,2,0,11,25,308.7916666666667,85.0,86.0,81.0,84.0,5,Business / office (weekday commute),0
TEST-01909,Kolfe,2025-11-05 19:00:00,20.8,0.0,55.0,12.0,1,0,0,0.0,0,0,0,0,0,0,0,0,0,0,0,48.0,48.0,19,2,0,11,25,308.7916666666667,50.0,42.0,45.0,45.66666666666666,6,"Residential (evening peak, weekend >= weekday)",4
TEST-03856,Lideta,2025-11-05 19:00:00,20.8,0.0,55.0,12.0,1,0,0,0.0,0,0,0,0,0,0,0,0,0,0,0,48.0,48.0,19,2,0,11,25,308.7916666666667,51.0,47.0,55.0,51.0,7,Mixed hub (commute + busy midday),3
TEST-03409,Megenagna,2025-11-05 19:00:00,20.8,0.0,55.0,12.0,1,0,0,0.0,0,0,0,0,0,0,0,0,0,0,0,48.0,48.0,19,2,0,11,25,308.7916666666667,67.0,93.0,69.0,76.33333333333333,8,Mixed hub (commute + busy midday),3
TEST-01393,Merkato,2025-11-05 19:00:00,20.8,0.0,55.0,12.0,1,0,0,0.0,0,0,0,0,0,0,0,0,0,0,0,48.0,48.0,19,2,0,11,25,308.7916666666667,17.0,22.0,23.0,20.666666666666668,9,Market (midday peak),2
TEST-00786,Piassa,2025-11-05 19:00:00,20.8,0.0,55.0,12.0,1,0,0,0.0,0,0,0,0,0,0,0,0,0,0,0,48.0,48.0,19,2,0,11,25,308.7916666666667,64.0,83.0,80.0,75.66666666666667,10,Business / office (weekday commute),0
TEST-01989,Sarbet,2025-11-05 19:00:00,20.8,0.0,55.0,12.0,1,0,0,0.0,0,0,0,0,0,0,0,0,0,0,0,48.0,48.0,19,2,0,11,25,308.7916666666667,40.0,71.0,53.0,54.66666666666666,11,"Residential (evening peak, weekend >= weekday)",4
TEST-00310,Arat Kilo,2025-11-05 20:00:00,17.9,0.0,54.0,10.9,1,0,0,0.0,0,0,0,0,0,0,0,0,0,0,0,48.0,48.0,20,2,0,11,25,308.8333333333333,30.0,23.0,44.0,32.333333333333336,0,Business / office (weekday commute),0
TEST-03217,Ayat,2025-11-05 20:00:00,17.9,0.0,54.0,10.9,1,0,0,0.0,0,0,0,0,0,0,0,0,0,0,0,48.0,48.0,20,2,0,11,25,308.8333333333333,30.0,36.0,40.0,35.333333333333336,1,"Residential (evening peak, weekend >= weekday)",4
TEST-01104,Bole,2025-11-05 20:00:00,17.9,0.0,54.0,10.9,1,0,0,0.0,0,1,7089,1,0,0,0,0,0,0,0,48.0,48.0,20,2,0,11,25,308.8333333333333,54.0,39.0,59.0,50.66666666666666,2,"Leisure / nightlife (late, weekend-heavy)",1
TEST-02427,CMC,2025-11-05 20:00:00,17.9,0.0,54.0,10.9,1,0,0,0.0,0,0,0,0,0,0,0,0,0,0,0,48.0,48.0,20,2,0,11,25,308.8333333333333,52.0,39.0,60.0,50.333333333333336,3,"Residential (evening peak, weekend >= weekday)",4
TEST-00846,Gerji,2025-11-05 20:00:00,17.9,0.0,54.0,10.9,1,0,0,0.0,0,0,0,0,0,0,0,0,0,0,0,48.0,48.0,20,2,0,11,25,308.8333333333333,50.0,61.0,60.0,57.0,4,"Residential (evening peak, weekend >= weekday)",4
TEST-02977,Kazanchis,2025-11-05 20:00:00,17.9,0.0,54.0,10.9,1,0,0,0.0,0,0,0,0,0,0,0,0,0,0,0,48.0,47.0,20,2,0,11,25,308.8333333333333,75.0,53.0,71.0,66.33333333333333,5,Business / office (weekday commute),0
TEST-02347,Kolfe,2025-11-05 20:00:00,17.9,0.0,54.0,10.9,1,0,0,0.0,0,0,0,0,0,0,0,0,0,0,0,48.0,48.0,20,2,0,11,25,308.8333333333333,37.0,37.0,37.0,37.0,6,"Residential (evening peak, weekend >= weekday)",4
TEST-03881,Lideta,2025-11-05 20:00:00,17.9,0.0,54.0,10.9,1,0,0,0.0,0,0,0,0,0,0,0,0,0,0,0,48.0,48.0,20,2,0,11,25,308.8333333333333,31.0,42.0,37.0,36.66666666666666,7,Mixed hub (commute + busy midday),3
TEST-00314,Megenagna,2025-11-05 20:00:00,17.9,0.0,54.0,10.9,1,0,0,0.0,0,0,0,0,0,0,0,0,0,0,0,48.0,48.0,20,2,0,11,25,308.8333333333333,56.0,58.0,,57.0,8,Mixed hub (commute + busy midday),3
TEST-02761,Merkato,2025-11-05 20:00:00,17.9,0.0,54.0,10.9,1,0,0,0.0,0,0,0,0,0,0,0,0,0,0,0,48.0,48.0,20,2,0,11,25,308.8333333333333,17.0,20.0,9.0,15.333333333333334,9,Market (midday peak),2
TEST-00243,Piassa,2025-11-05 20:00:00,17.9,0.0,54.0,10.9,1,0,0,0.0,0,0,0,0,0,0,0,0,0,0,0,48.0,48.0,20,2,0,11,25,308.8333333333333,25.0,54.0,47.0,42.0,10,Business / office (weekday commute),0
TEST-00793,Sarbet,2025-11-05 20:00:00,17.9,0.0,54.0,10.9,1,0,0,0.0,0,0,0,0,0,0,0,0,0,0,0,48.0,48.0,20,2,0,11,25,308.8333333333333,36.0,30.0,40.0,35.333333333333336,11,"Residential (evening peak, weekend >= weekday)",4
TEST-02614,Arat Kilo,2025-11-05 21:00:00,17.1,0.0,70.0,7.0,1,0,0,0.0,0,0,0,0,0,0,0,0,0,0,0,48.0,48.0,21,2,0,11,25,308.875,28.0,25.0,19.0,24.0,0,Business / office (weekday commute),0
TEST-02173,Ayat,2025-11-05 21:00:00,17.1,0.0,70.0,7.0,1,0,0,0.0,0,0,0,0,0,0,0,0,0,0,0,48.0,48.0,21,2,0,11,25,308.875,18.0,22.0,,20.0,1,"Residential (evening peak, weekend >= weekday)",4
TEST-00459,Bole,2025-11-05 21:00:00,17.1,0.0,70.0,7.0,1,0,0,0.0,0,1,7089,1,0,0,0,0,0,0,0,48.0,48.0,21,2,0,11,25,308.875,,32.0,36.0,34.0,2,"Leisure / nightlife (late, weekend-heavy)",1
TEST-03987,CMC,2025-11-05 21:00:00,17.1,0.0,70.0,7.0,1,0,0,0.0,0,0,0,0,0,0,0,0,0,0,0,48.0,48.0,21,2,0,11,25,308.875,32.0,32.0,40.0,34.666666666666664,3,"Residential (evening peak, weekend >= weekday)",4
TEST-03175,Gerji,2025-11-05 21:00:00,17.1,0.0,70.0,7.0,1,0,0,0.0,0,0,0,0,0,0,0,0,0,0,0,48.0,48.0,21,2,0,11,25,308.875,34.0,35.0,20.0,29.666666666666668,4,"Residential (evening peak, weekend >= weekday)",4
TEST-00631,Kazanchis,2025-11-05 21:00:00,17.1,0.0,70.0,7.0,1,0,0,0.0,0,0,0,0,0,0,0,0,0,0,0,48.0,48.0,21,2,0,11,25,308.875,57.0,35.0,,46.0,5,Business / office (weekday commute),0
TEST-03921,Kolfe,2025-11-05 21:00:00,17.1,0.0,70.0,7.0,1,0,0,0.0,0,0,0,0,0,0,0,0,0,0,0,48.0,48.0,21,2,0,11,25,308.875,34.0,33.0,25.0,30.666666666666668,6,"Residential (evening peak, weekend >= weekday)",4
TEST-00472,Lideta,2025-11-05 21:00:00,17.1,0.0,70.0,7.0,1,0,0,0.0,0,0,0,0,0,0,0,0,0,0,0,48.0,48.0,21,2,0,11,25,308.875,22.0,26.0,12.0,20.0,7,Mixed hub (commute + busy midday),3
TEST-02819,Megenagna,2025-11-05 21:00:00,17.1,0.0,70.0,7.0,1,0,0,0.0,0,0,0,0,0,0,0,0,0,0,0,48.0,48.0,21,2,0,11,25,308.875,22.0,17.0,10.0,16.333333333333332,8,Mixed hub (commute + busy midday),3
TEST-00758,Merkato,2025-11-05 21:00:00,17.1,0.0,70.0,7.0,1,0,0,0.0,0,0,0,0,0,0,0,0,0,0,0,48.0,48.0,21,2,0,11,25,308.875,7.0,8.0,10.0,8.333333333333334,9,Market (midday peak),2
TEST-00026,Piassa,2025-11-05 21:00:00,17.1,0.0,70.0,7.0,1,0,0,0.0,0,0,0,0,0,0,0,0,0,0,0,48.0,48.0,21,2,0,11,25,308.875,32.0,32.0,36.0,33.333333333333336,10,Business / office (weekday commute),0
TEST-00123,Sarbet,2025-11-05 21:00:00,17.1,0.0,70.0,7.0,1,0,0,0.0,0,0,0,0,0,0,0,0,0,0,0,48.0,48.0,21,2,0,11,25,308.875,31.0,25.0,21.0,25.666666666666668,11,"Residential (evening peak, weekend >= weekday)",4
TEST-02839,Arat Kilo,2025-11-05 22:00:00,16.1,0.0,65.0,10.1,1,0,0,0.0,0,0,0,0,0,0,0,0,0,0,0,48.0,48.0,22,2,0,11,25,308.9166666666667,18.0,10.0,10.0,12.666666666666666,0,Business / office (weekday commute),0
TEST-01648,Ayat,2025-11-05 22:00:00,16.1,0.0,65.0,10.1,1,0,0,0.0,0,0,0,0,0,0,0,0,0,0,0,48.0,48.0,22,2,0,11,25,308.9166666666667,19.0,9.0,26.0,18.0,1,"Residential (evening peak, weekend >= weekday)",4
TEST-01454,Bole,2025-11-05 22:00:00,16.1,0.0,65.0,10.1,1,0,0,0.0,0,1,7089,1,0,0,0,0,0,0,0,48.0,48.0,22,2,0,11,25,308.9166666666667,,27.0,38.0,32.5,2,"Leisure / nightlife (late, weekend-heavy)",1
TEST-02636,CMC,2025-11-05 22:00:00,16.1,0.0,65.0,10.1,1,0,0,0.0,0,0,0,0,0,0,0,0,0,0,0,48.0,48.0,22,2,0,11,25,308.9166666666667,25.0,25.0,28.0,26.0,3,"Residential (evening peak, weekend >= weekday)",4
TEST-00476,Gerji,2025-11-05 22:00:00,16.1,0.0,65.0,10.1,1,0,0,0.0,0,0,0,0,0,0,0,0,0,0,0,48.0,48.0,22,2,0,11,25,308.9166666666667,24.0,24.0,27.0,25.0,4,"Residential (evening peak, weekend >= weekday)",4
TEST-00265,Kazanchis,2025-11-05 22:00:00,16.1,0.0,65.0,10.1,1,0,0,0.0,0,0,0,0,0,0,0,0,0,0,0,48.0,48.0,22,2,0,11,25,308.9166666666667,38.0,15.0,34.0,29.0,5,Business / office (weekday commute),0
TEST-01402,Kolfe,2025-11-05 22:00:00,16.1,0.0,65.0,10.1,1,0,0,0.0,0,0,0,0,0,0,0,0,0,0,0,48.0,48.0,22,2,0,11,25,308.9166666666667,13.0,19.0,23.0,18.33333333333333,6,"Residential (evening peak, weekend >= weekday)",4
TEST-01416,Lideta,2025-11-05 22:00:00,16.1,0.0,65.0,10.1,1,0,0,0.0,0,0,0,0,0,0,0,0,0,0,0,48.0,48.0,22,2,0,11,25,308.9166666666667,,8.0,10.0,9.0,7,Mixed hub (commute + busy midday),3
TEST-01046,Megenagna,2025-11-05 22:00:00,16.1,0.0,65.0,10.1,1,0,0,0.0,0,0,0,0,0,0,0,0,0,0,0,48.0,48.0,22,2,0,11,25,308.9166666666667,14.0,20.0,13.0,15.666666666666666,8,Mixed hub (commute + busy midday),3
TEST-03791,Merkato,2025-11-05 22:00:00,16.1,0.0,65.0,10.1,1,0,0,0.0,0,0,0,0,0,0,0,0,0,0,0,48.0,48.0,22,2,0,11,25,308.9166666666667,3.0,8.0,6.0,5.666666666666667,9,Market (midday peak),2
TEST-02665,Piassa,2025-11-05 22:00:00,16.1,0.0,65.0,10.1,1,0,0,0.0,0,0,0,0,0,0,0,0,0,0,0,48.0,48.0,22,2,0,11,25,308.9166666666667,15.0,13.0,22.0,16.666666666666668,10,Business / office (weekday commute),0
TEST-03372,Sarbet,2025-11-05 22:00:00,16.1,0.0,65.0,10.1,1,0,0,0.0,0,0,0,0,0,0,0,0,0,0,0,48.0,48.0,22,2,0,11,25,308.9166666666667,20.0,21.0,19.0,20.0,11,"Residential (evening peak, weekend >= weekday)",4
TEST-00221,Arat Kilo,2025-11-05 23:00:00,14.7,0.0,70.0,8.1,1,0,0,0.0,0,0,0,0,0,0,0,0,0,0,0,48.0,48.0,23,2,0,11,25,308.9583333333333,5.0,6.0,6.0,5.666666666666667,0,Business / office (weekday commute),0
TEST-00482,Ayat,2025-11-05 23:00:00,14.7,0.0,70.0,8.1,1,0,0,0.0,0,0,0,0,0,0,0,0,0,0,0,48.0,48.0,23,2,0,11,25,308.9583333333333,10.0,8.0,6.0,8.0,1,"Residential (evening peak, weekend >= weekday)",4
TEST-00795,Bole,2025-11-05 23:00:00,14.7,0.0,70.0,8.1,1,0,0,0.0,0,1,7089,1,0,0,0,0,0,0,0,48.0,0.0,23,2,0,11,25,308.9583333333333,11.0,7.0,,9.0,2,"Leisure / nightlife (late, weekend-heavy)",1
TEST-02929,CMC,2025-11-05 23:00:00,14.7,0.0,70.0,8.1,1,0,0,0.0,0,0,0,0,0,0,0,0,0,0,0,48.0,48.0,23,2,0,11,25,308.9583333333333,13.0,15.0,13.0,13.666666666666666,3,"Residential (evening peak, weekend >= weekday)",4
TEST-01878,Gerji,2025-11-05 23:00:00,14.7,0.0,70.0,8.1,1,0,0,0.0,0,0,0,0,0,0,0,0,0,0,0,48.0,48.0,23,2,0,11,25,308.9583333333333,10.0,10.0,9.0,9.666666666666666,4,"Residential (evening peak, weekend >= weekday)",4
TEST-01485,Kazanchis,2025-11-05 23:00:00,14.7,0.0,70.0,8.1,1,0,0,0.0,0,0,0,0,0,0,0,0,0,0,0,48.0,48.0,23,2,0,11,25,308.9583333333333,13.0,10.0,11.0,11.333333333333334,5,Business / office (weekday commute),0
TEST-03644,Kolfe,2025-11-05 23:00:00,14.7,0.0,70.0,8.1,1,0,0,0.0,0,0,0,0,0,0,0,0,0,0,0,48.0,48.0,23,2,0,11,25,308.9583333333333,7.0,12.0,15.0,11.333333333333334,6,"Residential (evening peak, weekend >= weekday)",4
TEST-03238,Lideta,2025-11-05 23:00:00,14.7,0.0,70.0,8.1,1,0,0,0.0,0,0,0,0,0,0,0,0,0,0,0,48.0,48.0,23,2,0,11,25,308.9583333333333,7.0,10.0,2.0,6.333333333333333,7,Mixed hub (commute + busy midday),3
TEST-01806,Megenagna,2025-11-05 23:00:00,14.7,0.0,70.0,8.1,1,0,0,0.0,0,0,0,0,0,0,0,0,0,0,0,48.0,48.0,23,2,0,11,25,308.9583333333333,9.0,7.0,11.0,9.0,8,Mixed hub (commute + busy midday),3
TEST-01144,Merkato,2025-11-05 23:00:00,14.7,0.0,70.0,8.1,1,0,0,0.0,0,0,0,0,0,0,0,0,0,0,0,48.0,48.0,23,2,0,11,25,308.9583333333333,5.0,12.0,8.0,8.333333333333334,9,Market (midday peak),2
TEST-00286,Piassa,2025-11-05 23:00:00,14.7,0.0,70.0,8.1,1,0,0,0.0,0,0,0,0,0,0,0,0,0,0,0,48.0,48.0,23,2,0,11,25,308.9583333333333,7.0,4.0,9.0,6.666666666666667,10,Business / office (weekday commute),0
TEST-02860,Sarbet,2025-11-05 23:00:00,14.7,0.0,70.0,8.1,1,0,0,0.0,0,0,0,0,0,0,0,0,0,0,0,48.0,48.0,23,2,0,11,25,308.9583333333333,6.0,6.0,5.0,5.666666666666667,11,"Residential (evening peak, weekend >= weekday)",4
TEST-01108,Arat Kilo,2025-11-06 00:00:00,10.6,0.0,85.0,11.6,1,0,0,0.0,0,0,0,0,0,0,0,0,0,0,0,48.0,48.0,0,3,0,11,24,309.0,2.0,2.0,7.0,3.6666666666666665,0,Business / office (weekday commute),0
TEST-00100,Ayat,2025-11-06 00:00:00,10.6,0.0,85.0,11.6,1,0,0,0.0,0,0,0,0,0,0,0,0,0,0,0,48.0,48.0,0,3,0,11,24,309.0,7.0,1.0,3.0,3.6666666666666665,1,"Residential (evening peak, weekend >= weekday)",4
TEST-02622,Bole,2025-11-06 00:00:00,10.6,0.0,85.0,11.6,1,0,0,0.0,0,1,7089,1,0,0,0,0,0,0,0,48.0,1.0,0,3,0,11,24,309.0,11.0,16.0,,13.5,2,"Leisure / nightlife (late, weekend-heavy)",1
TEST-02633,CMC,2025-11-06 00:00:00,10.6,0.0,85.0,11.6,1,0,0,0.0,0,0,0,0,0,0,0,0,0,0,0,48.0,48.0,0,3,0,11,24,309.0,9.0,3.0,5.0,5.666666666666667,3,"Residential (evening peak, weekend >= weekday)",4
TEST-01315,Gerji,2025-11-06 00:00:00,10.6,0.0,85.0,11.6,1,0,0,0.0,0,0,0,0,0,0,0,0,0,0,0,48.0,48.0,0,3,0,11,24,309.0,9.0,7.0,5.0,7.0,4,"Residential (evening peak, weekend >= weekday)",4
TEST-01727,Kazanchis,2025-11-06 00:00:00,10.6,0.0,85.0,11.6,1,0,0,0.0,0,0,0,0,0,0,0,0,0,0,0,48.0,48.0,0,3,0,11,24,309.0,7.0,5.0,10.0,7.333333333333333,5,Business / office (weekday commute),0
TEST-03704,Kolfe,2025-11-06 00:00:00,10.6,0.0,85.0,11.6,1,0,0,0.0,0,0,0,0,0,0,0,0,0,0,0,48.0,48.0,0,3,0,11,24,309.0,9.0,2.0,5.0,5.333333333333333,6,"Residential (evening peak, weekend >= weekday)",4
TEST-02927,Lideta,2025-11-06 00:00:00,10.6,0.0,85.0,11.6,1,0,0,0.0,0,0,0,0,0,0,0,0,0,0,0,48.0,48.0,0,3,0,11,24,309.0,,11.0,3.0,7.0,7,Mixed hub (commute + busy midday),3
TEST-02396,Megenagna,2025-11-06 00:00:00,10.6,0.0,85.0,11.6,1,0,0,0.0,0,0,0,0,0,0,0,0,0,0,0,48.0,48.0,0,3,0,11,24,309.0,10.0,9.0,10.0,9.666666666666666,8,Mixed hub (commute + busy midday),3
TEST-03935,Merkato,2025-11-06 00:00:00,10.6,0.0,85.0,11.6,1,0,0,0.0,0,0,0,0,0,0,0,0,0,0,0,48.0,48.0,0,3,0,11,24,309.0,6.0,6.0,4.0,5.333333333333333,9,Market (midday peak),2
TEST-01758,Piassa,2025-11-06 00:00:00,10.6,0.0,85.0,11.6,1,0,0,0.0,0,0,0,0,0,0,0,0,0,0,0,48.0,48.0,0,3,0,11,24,309.0,6.0,4.0,5.0,5.0,10,Business / office (weekday commute),0
TEST-03107,Sarbet,2025-11-06 00:00:00,10.6,0.0,85.0,11.6,1,0,0,0.0,0,0,0,0,0,0,0,0,0,0,0,48.0,48.0,0,3,0,11,24,309.0,5.0,6.0,7.0,6.0,11,"Residential (evening peak, weekend >= weekday)",4
TEST-01954,Arat Kilo,2025-11-06 01:00:00,10.5,0.0,85.0,10.5,1,0,0,0.0,0,0,0,0,0,0,0,0,0,0,0,48.0,48.0,1,3,0,11,24,309.0416666666667,1.0,0.0,2.0,1.0,0,Business / office (weekday commute),0
TEST-02126,Ayat,2025-11-06 01:00:00,10.5,0.0,85.0,10.5,1,0,0,0.0,0,0,0,0,0,0,0,0,0,0,0,48.0,48.0,1,3,0,11,24,309.0416666666667,4.0,2.0,4.0,3.333333333333333,1,"Residential (evening peak, weekend >= weekday)",4
TEST-03943,Bole,2025-11-06 01:00:00,10.5,0.0,85.0,10.5,1,0,0,0.0,0,0,0,0,0,0,0,0,0,0,0,48.0,2.0,1,3,0,11,24,309.0416666666667,7.0,12.0,10.0,9.666666666666666,2,"Leisure / nightlife (late, weekend-heavy)",1
TEST-01028,CMC,2025-11-06 01:00:00,10.5,0.0,85.0,10.5,1,0,0,0.0,0,0,0,0,0,0,0,0,0,0,0,48.0,48.0,1,3,0,11,24,309.0416666666667,5.0,5.0,8.0,6.0,3,"Residential (evening peak, weekend >= weekday)",4
TEST-03727,Gerji,2025-11-06 01:00:00,10.5,0.0,85.0,10.5,1,0,0,0.0,0,0,0,0,0,0,0,0,0,0,0,48.0,48.0,1,3,0,11,24,309.0416666666667,5.0,6.0,5.0,5.333333333333333,4,"Residential (evening peak, weekend >= weekday)",4
TEST-03408,Kazanchis,2025-11-06 01:00:00,10.5,0.0,85.0,10.5,1,0,0,0.0,0,0,0,0,0,0,0,0,0,0,0,48.0,48.0,1,3,0,11,24,309.0416666666667,8.0,5.0,6.0,6.333333333333333,5,Business / office (weekday commute),0
TEST-01202,Kolfe,2025-11-06 01:00:00,10.5,0.0,85.0,10.5,1,0,0,0.0,0,0,0,0,0,0,0,0,0,0,0,48.0,48.0,1,3,0,11,24,309.0416666666667,6.0,4.0,3.0,4.333333333333333,6,"Residential (evening peak, weekend >= weekday)",4
TEST-01856,Lideta,2025-11-06 01:00:00,10.5,0.0,85.0,10.5,1,0,0,0.0,0,0,0,0,0,0,0,0,0,0,0,48.0,48.0,1,3,0,11,24,309.0416666666667,3.0,,4.0,3.5,7,Mixed hub (commute + busy midday),3
TEST-02249,Megenagna,2025-11-06 01:00:00,10.5,0.0,85.0,10.5,1,0,0,0.0,0,0,0,0,0,0,0,0,0,0,0,48.0,48.0,1,3,0,11,24,309.0416666666667,3.0,8.0,8.0,6.333333333333333,8,Mixed hub (commute + busy midday),3
TEST-03304,Merkato,2025-11-06 01:00:00,10.5,0.0,85.0,10.5,1,0,0,0.0,0,0,0,0,0,0,0,0,0,0,0,48.0,48.0,1,3,0,11,24,309.0416666666667,8.0,6.0,4.0,6.0,9,Market (midday peak),2
TEST-00386,Piassa,2025-11-06 01:00:00,10.5,0.0,85.0,10.5,1,0,0,0.0,0,0,0,0,0,0,0,0,0,0,0,48.0,48.0,1,3,0,11,24,309.0416666666667,3.0,7.0,3.0,4.333333333333333,10,Business / office (weekday commute),0
TEST-00754,Sarbet,2025-11-06 01:00:00,10.5,0.0,85.0,10.5,1,0,0,0.0,0,0,0,0,0,0,0,0,0,0,0,48.0,48.0,1,3,0,11,24,309.0416666666667,3.0,7.0,7.0,5.666666666666667,11,"Residential (evening peak, weekend >= weekday)",4
TEST-02019,Arat Kilo,2025-11-06 02:00:00,9.8,0.0,91.0,11.0,1,0,0,0.0,0,0,0,0,0,0,0,0,0,0,0,48.0,48.0,2,3,0,11,24,309.0833333333333,3.0,2.0,1.0,2.0,0,Business / office (weekday commute),0
TEST-00783,Ayat,2025-11-06 02:00:00,9.8,0.0,91.0,11.0,1,0,0,0.0,0,0,0,0,0,0,0,0,0,0,0,48.0,48.0,2,3,0,11,24,309.0833333333333,3.0,5.0,0.0,2.6666666666666665,1,"Residential (evening peak, weekend >= weekday)",4
TEST-02607,Bole,2025-11-06 02:00:00,9.8,0.0,91.0,11.0,1,0,0,0.0,0,0,0,0,0,0,0,0,0,0,0,48.0,3.0,2,3,0,11,24,309.0833333333333,10.0,12.0,,11.0,2,"Leisure / nightlife (late, weekend-heavy)",1
TEST-00167,CMC,2025-11-06 02:00:00,9.8,0.0,91.0,11.0,1,0,0,0.0,0,0,0,0,0,0,0,0,0,0,0,48.0,48.0,2,3,0,11,24,309.0833333333333,5.0,3.0,9.0,5.666666666666667,3,"Residential (evening peak, weekend >= weekday)",4
TEST-01097,Gerji,2025-11-06 02:00:00,9.8,0.0,91.0,11.0,1,0,0,0.0,0,0,0,0,0,0,0,0,0,0,0,48.0,48.0,2,3,0,11,24,309.0833333333333,7.0,6.0,4.0,5.666666666666667,4,"Residential (evening peak, weekend >= weekday)",4
TEST-00800,Kazanchis,2025-11-06 02:00:00,9.8,0.0,91.0,11.0,1,0,0,0.0,0,0,0,0,0,0,0,0,0,0,0,48.0,48.0,2,3,0,11,24,309.0833333333333,6.0,5.0,2.0,4.333333333333333,5,Business / office (weekday commute),0
TEST-03954,Kolfe,2025-11-06 02:00:00,9.8,0.0,91.0,11.0,1,0,0,0.0,0,0,0,0,0,0,0,0,0,0,0,48.0,48.0,2,3,0,11,24,309.0833333333333,3.0,4.0,7.0,4.666666666666667,6,"Residential (evening peak, weekend >= weekday)",4
TEST-00768,Lideta,2025-11-06 02:00:00,9.8,0.0,91.0,11.0,1,0,0,0.0,0,0,0,0,0,0,0,0,0,0,0,48.0,48.0,2,3,0,11,24,309.0833333333333,5.0,6.0,4.0,5.0,7,Mixed hub (commute + busy midday),3
TEST-02650,Megenagna,2025-11-06 02:00:00,9.8,0.0,91.0,11.0,1,0,0,0.0,0,0,0,0,0,0,0,0,0,0,0,48.0,48.0,2,3,0,11,24,309.0833333333333,10.0,6.0,10.0,8.666666666666666,8,Mixed hub (commute + busy midday),3
TEST-01224,Merkato,2025-11-06 02:00:00,9.8,0.0,91.0,11.0,1,0,0,0.0,0,0,0,0,0,0,0,0,0,0,0,48.0,48.0,2,3,0,11,24,309.0833333333333,9.0,6.0,7.0,7.333333333333333,9,Market (midday peak),2
TEST-01385,Piassa,2025-11-06 02:00:00,9.8,0.0,91.0,11.0,1,0,0,0.0,0,0,0,0,0,0,0,0,0,0,0,48.0,48.0,2,3,0,11,24,309.0833333333333,2.0,1.0,0.0,1.0,10,Business / office (weekday commute),0
TEST-01031,Sarbet,2025-11-06 02:00:00,9.8,0.0,91.0,11.0,1,0,0,0.0,0,0,0,0,0,0,0,0,0,0,0,48.0,48.0,2,3,0,11,24,309.0833333333333,6.0,5.0,6.0,5.666666666666667,11,"Residential (evening peak, weekend >= weekday)",4
TEST-03588,Arat Kilo,2025-11-06 03:00:00,12.0,0.1,89.0,11.9,1,0,0,0.0999999999999982,1,0,0,0,0,0,0,0,0,0,0,48.0,48.0,3,3,0,11,24,309.125,2.0,2.0,5.0,3.0,0,Business / office (weekday commute),0
TEST-03627,Ayat,2025-11-06 03:00:00,12.0,0.1,89.0,11.9,1,0,0,0.0999999999999982,1,0,0,0,0,0,0,0,0,0,0,48.0,48.0,3,3,0,11,24,309.125,3.0,2.0,2.0,2.333333333333333,1,"Residential (evening peak, weekend >= weekday)",4
TEST-00887,Bole,2025-11-06 03:00:00,12.0,0.1,89.0,11.9,1,0,0,0.0999999999999982,1,0,0,0,0,0,0,0,0,0,0,48.0,4.0,3,3,0,11,24,309.125,20.0,9.0,22.0,17.0,2,"Leisure / nightlife (late, weekend-heavy)",1
TEST-01450,CMC,2025-11-06 03:00:00,12.0,0.1,89.0,11.9,1,0,0,0.0999999999999982,1,0,0,0,0,0,0,0,0,0,0,48.0,48.0,3,3,0,11,24,309.125,3.0,3.0,5.0,3.6666666666666665,3,"Residential (evening peak, weekend >= weekday)",4
TEST-02907,Gerji,2025-11-06 03:00:00,12.0,0.1,89.0,11.9,1,0,0,0.0999999999999982,1,0,0,0,0,0,0,0,0,0,0,48.0,48.0,3,3,0,11,24,309.125,6.0,6.0,2.0,4.666666666666667,4,"Residential (evening peak, weekend >= weekday)",4
TEST-02662,Kazanchis,2025-11-06 03:00:00,12.0,0.1,89.0,11.9,1,0,0,0.0999999999999982,1,0,0,0,0,0,0,0,0,0,0,48.0,48.0,3,3,0,11,24,309.125,5.0,4.0,12.0,7.0,5,Business / office (weekday commute),0
TEST-02008,Kolfe,2025-11-06 03:00:00,12.0,0.1,89.0,11.9,1,0,0,0.0999999999999982,1,0,0,0,0,0,0,0,0,0,0,48.0,48.0,3,3,0,11,24,309.125,4.0,4.0,3.0,3.6666666666666665,6,"Residential (evening peak, weekend >= weekday)",4
TEST-00141,Lideta,2025-11-06 03:00:00,12.0,0.1,89.0,11.9,1,0,0,0.0999999999999982,1,0,0,0,0,0,0,0,0,0,0,48.0,48.0,3,3,0,11,24,309.125,7.0,11.0,6.0,8.0,7,Mixed hub (commute + busy midday),3
TEST-01316,Megenagna,2025-11-06 03:00:00,12.0,0.1,89.0,11.9,1,0,0,0.0999999999999982,1,0,0,0,0,0,0,0,0,0,0,48.0,48.0,3,3,0,11,24,309.125,10.0,9.0,11.0,10.0,8,Mixed hub (commute + busy midday),3
TEST-00677,Merkato,2025-11-06 03:00:00,12.0,0.1,89.0,11.9,1,0,0,0.0999999999999982,1,0,0,0,0,0,0,0,0,0,0,48.0,48.0,3,3,0,11,24,309.125,4.0,4.0,8.0,5.333333333333333,9,Market (midday peak),2
TEST-00587,Piassa,2025-11-06 03:00:00,12.0,0.1,89.0,11.9,1,0,0,0.0999999999999982,1,0,0,0,0,0,0,0,0,0,0,48.0,48.0,3,3,0,11,24,309.125,2.0,,1.0,1.5,10,Business / office (weekday commute),0
TEST-03404,Sarbet,2025-11-06 03:00:00,12.0,0.1,89.0,11.9,1,0,0,0.0999999999999982,1,0,0,0,0,0,0,0,0,0,0,48.0,48.0,3,3,0,11,24,309.125,3.0,5.0,1.0,3.0,11,"Residential (evening peak, weekend >= weekday)",4
TEST-01469,Arat Kilo,2025-11-06 04:00:00,12.1,0.0,81.5,9.95,0,1,1,0.0999999999999982,0,0,0,0,0,0,0,0,0,0,0,48.0,48.0,4,3,0,11,24,309.1666666666667,5.0,,3.0,4.0,0,Business / office (weekday commute),0
TEST-03049,Ayat,2025-11-06 04:00:00,12.1,0.0,81.5,9.95,0,1,1,0.0999999999999982,0,0,0,0,0,0,0,0,0,0,0,48.0,48.0,4,3,0,11,24,309.1666666666667,7.0,5.0,6.0,6.0,1,"Residential (evening peak, weekend >= weekday)",4
TEST-00673,Bole,2025-11-06 04:00:00,12.1,0.0,81.5,9.95,0,1,1,0.0999999999999982,0,0,0,0,0,0,0,0,0,0,0,48.0,5.0,4,3,0,11,24,309.1666666666667,18.0,24.0,32.0,24.666666666666668,2,"Leisure / nightlife (late, weekend-heavy)",1
TEST-01623,CMC,2025-11-06 04:00:00,12.1,0.0,81.5,9.95,0,1,1,0.0999999999999982,0,0,0,0,0,0,0,0,0,0,0,48.0,48.0,4,3,0,11,24,309.1666666666667,6.0,7.0,9.0,7.333333333333333,3,"Residential (evening peak, weekend >= weekday)",4
TEST-00255,Gerji,2025-11-06 04:00:00,12.1,0.0,81.5,9.95,0,1,1,0.0999999999999982,0,0,0,0,0,0,0,0,0,0,0,48.0,48.0,4,3,0,11,24,309.1666666666667,5.0,12.0,9.0,8.666666666666666,4,"Residential (evening peak, weekend >= weekday)",4
TEST-02651,Kazanchis,2025-11-06 04:00:00,12.1,0.0,81.5,9.95,0,1,1,0.0999999999999982,0,0,0,0,0,0,0,0,0,0,0,48.0,48.0,4,3,0,11,24,309.1666666666667,6.0,4.0,6.0,5.333333333333333,5,Business / office (weekday commute),0
TEST-01215,Kolfe,2025-11-06 04:00:00,12.1,0.0,81.5,9.95,0,1,1,0.0999999999999982,0,0,0,0,0,0,0,0,0,0,0,48.0,48.0,4,3,0,11,24,309.1666666666667,6.0,5.0,9.0,6.666666666666667,6,"Residential (evening peak, weekend >= weekday)",4
TEST-02936,Lideta,2025-11-06 04:00:00,12.1,0.0,81.5,9.95,0,1,1,0.0999999999999982,0,0,0,0,0,0,0,0,0,0,0,48.0,48.0,4,3,0,11,24,309.1666666666667,5.0,11.0,8.0,8.0,7,Mixed hub (commute + busy midday),3
TEST-00942,Megenagna,2025-11-06 04:00:00,12.1,0.0,81.5,9.95,0,1,1,0.0999999999999982,0,0,0,0,0,0,0,0,0,0,0,48.0,48.0,4,3,0,11,24,309.1666666666667,8.0,10.0,10.0,9.333333333333334,8,Mixed hub (commute + busy midday),3
TEST-03342,Merkato,2025-11-06 04:00:00,12.1,0.0,81.5,9.95,0,1,1,0.0999999999999982,0,0,0,0,0,0,0,0,0,0,0,48.0,48.0,4,3,0,11,24,309.1666666666667,6.0,,8.0,7.0,9,Market (midday peak),2
TEST-02527,Piassa,2025-11-06 04:00:00,12.1,0.0,81.5,9.95,0,1,1,0.0999999999999982,0,0,0,0,0,0,0,0,0,0,0,48.0,48.0,4,3,0,11,24,309.1666666666667,4.0,5.0,2.0,3.6666666666666665,10,Business / office (weekday commute),0
TEST-01011,Sarbet,2025-11-06 04:00:00,12.1,0.0,81.5,9.95,0,1,1,0.0999999999999982,0,0,0,0,0,0,0,0,0,0,0,48.0,48.0,4,3,0,11,24,309.1666666666667,6.0,6.0,5.0,5.666666666666667,11,"Residential (evening peak, weekend >= weekday)",4
TEST-00422,Arat Kilo,2025-11-06 05:00:00,12.2,0.0,74.0,8.0,1,0,0,0.0999999999999982,0,0,0,0,0,0,0,0,0,0,0,48.0,48.0,5,3,0,11,24,309.2083333333333,4.0,,8.0,6.0,0,Business / office (weekday commute),0
TEST-00951,Ayat,2025-11-06 05:00:00,12.2,0.0,74.0,8.0,1,0,0,0.0999999999999982,0,0,0,0,0,0,0,0,0,0,0,48.0,48.0,5,3,0,11,24,309.2083333333333,20.0,14.0,18.0,17.333333333333332,1,"Residential (evening peak, weekend >= weekday)",4
TEST-01449,Bole,2025-11-06 05:00:00,12.2,0.0,74.0,8.0,1,0,0,0.0999999999999982,0,0,0,0,0,0,0,0,0,0,0,48.0,6.0,5,3,0,11,24,309.2083333333333,57.0,49.0,54.0,53.333333333333336,2,"Leisure / nightlife (late, weekend-heavy)",1
TEST-01691,CMC,2025-11-06 05:00:00,12.2,0.0,74.0,8.0,1,0,0,0.0999999999999982,0,0,0,0,0,0,0,0,0,0,0,48.0,48.0,5,3,0,11,24,309.2083333333333,15.0,,22.0,18.5,3,"Residential (evening peak, weekend >= weekday)",4
TEST-02858,Gerji,2025-11-06 05:00:00,12.2,0.0,74.0,8.0,1,0,0,0.0999999999999982,0,0,0,0,0,0,0,0,0,0,0,48.0,48.0,5,3,0,11,24,309.2083333333333,20.0,22.0,18.0,20.0,4,"Residential (evening peak, weekend >= weekday)",4
TEST-01659,Kazanchis,2025-11-06 05:00:00,12.2,0.0,74.0,8.0,1,0,0,0.0999999999999982,0,0,0,0,0,0,0,0,0,0,0,48.0,48.0,5,3,0,11,24,309.2083333333333,9.0,,13.0,11.0,5,Business / office (weekday commute),0
TEST-03305,Kolfe,2025-11-06 05:00:00,12.2,0.0,74.0,8.0,1,0,0,0.0999999999999982,0,0,0,0,0,0,0,0,0,0,0,48.0,48.0,5,3,0,11,24,309.2083333333333,16.0,25.0,27.0,22.666666666666668,6,"Residential (evening peak, weekend >= weekday)",4
TEST-00675,Lideta,2025-11-06 05:00:00,12.2,0.0,74.0,8.0,1,0,0,0.0999999999999982,0,0,0,0,0,0,0,0,0,0,0,48.0,48.0,5,3,0,11,24,309.2083333333333,13.0,21.0,,17.0,7,Mixed hub (commute + busy midday),3
TEST-01110,Megenagna,2025-11-06 05:00:00,12.2,0.0,74.0,8.0,1,0,0,0.0999999999999982,0,0,0,0,0,0,0,0,0,0,0,48.0,48.0,5,3,0,11,24,309.2083333333333,19.0,18.0,32.0,23.0,8,Mixed hub (commute + busy midday),3
TEST-00192,Merkato,2025-11-06 05:00:00,12.2,0.0,74.0,8.0,1,0,0,0.0999999999999982,0,0,0,0,0,0,0,0,0,0,0,48.0,48.0,5,3,0,11,24,309.2083333333333,15.0,31.0,9.0,18.33333333333333,9,Market (midday peak),2
TEST-03734,Piassa,2025-11-06 05:00:00,12.2,0.0,74.0,8.0,1,0,0,0.0999999999999982,0,0,0,0,0,0,0,0,0,0,0,48.0,48.0,5,3,0,11,24,309.2083333333333,8.0,7.0,11.0,8.666666666666666,10,Business / office (weekday commute),0
TEST-01217,Sarbet,2025-11-06 05:00:00,12.2,0.0,74.0,8.0,1,0,0,0.0999999999999982,0,0,0,0,0,0,0,0,0,0,0,48.0,48.0,5,3,0,11,24,309.2083333333333,16.0,26.0,14.0,18.666666666666668,11,"Residential (evening peak, weekend >= weekday)",4
TEST-02875,Arat Kilo,2025-11-06 06:00:00,13.0,0.0,82.0,12.5,1,0,0,0.0,0,0,0,0,0,0,0,0,0,0,0,48.0,48.0,6,3,0,11,24,309.25,16.0,13.0,7.0,12.0,0,Business / office (weekday commute),0
TEST-02127,Ayat,2025-11-06 06:00:00,13.0,0.0,82.0,12.5,1,0,0,0.0,0,0,0,0,0,0,0,0,0,0,0,48.0,48.0,6,3,0,11,24,309.25,31.0,30.0,41.0,34.0,1,"Residential (evening peak, weekend >= weekday)",4
TEST-02322,Bole,2025-11-06 06:00:00,13.0,0.0,82.0,12.5,1,0,0,0.0,0,0,0,0,0,0,0,0,0,0,0,48.0,7.0,6,3,0,11,24,309.25,67.0,49.0,43.0,53.0,2,"Leisure / nightlife (late, weekend-heavy)",1
TEST-02774,CMC,2025-11-06 06:00:00,13.0,0.0,82.0,12.5,1,0,0,0.0,0,0,0,0,0,0,0,0,0,0,0,48.0,48.0,6,3,0,11,24,309.25,37.0,51.0,59.0,49.0,3,"Residential (evening peak, weekend >= weekday)",4
TEST-01403,Gerji,2025-11-06 06:00:00,13.0,0.0,82.0,12.5,1,0,0,0.0,0,0,0,0,0,0,0,0,0,0,0,48.0,48.0,6,3,0,11,24,309.25,35.0,51.0,41.0,42.333333333333336,4,"Residential (evening peak, weekend >= weekday)",4
TEST-00256,Kazanchis,2025-11-06 06:00:00,13.0,0.0,82.0,12.5,1,0,0,0.0,0,0,0,0,0,0,0,0,0,0,0,48.0,48.0,6,3,0,11,24,309.25,36.0,24.0,25.0,28.33333333333333,5,Business / office (weekday commute),0
TEST-01843,Kolfe,2025-11-06 06:00:00,13.0,0.0,82.0,12.5,1,0,0,0.0,0,0,0,0,0,0,0,0,0,0,0,48.0,48.0,6,3,0,11,24,309.25,50.0,52.0,48.0,50.0,6,"Residential (evening peak, weekend >= weekday)",4
TEST-00642,Lideta,2025-11-06 06:00:00,13.0,0.0,82.0,12.5,1,0,0,0.0,0,0,0,0,0,0,0,0,0,0,0,48.0,48.0,6,3,0,11,24,309.25,45.0,28.0,22.0,31.666666666666668,7,Mixed hub (commute + busy midday),3
TEST-01780,Megenagna,2025-11-06 06:00:00,13.0,0.0,82.0,12.5,1,0,0,0.0,0,0,0,0,0,0,0,0,0,0,0,48.0,48.0,6,3,0,11,24,309.25,63.0,48.0,53.0,54.66666666666666,8,Mixed hub (commute + busy midday),3
TEST-02098,Merkato,2025-11-06 06:00:00,13.0,0.0,82.0,12.5,1,0,0,0.0,0,0,0,0,0,0,0,0,0,0,0,48.0,48.0,6,3,0,11,24,309.25,59.0,62.0,50.0,57.0,9,Market (midday peak),2
TEST-02160,Piassa,2025-11-06 06:00:00,13.0,0.0,82.0,12.5,1,0,0,0.0,0,0,0,0,0,0,0,0,0,0,0,48.0,48.0,6,3,0,11,24,309.25,13.0,37.0,26.0,25.33333333333333,10,Business / office (weekday commute),0
TEST-01418,Sarbet,2025-11-06 06:00:00,13.0,0.0,82.0,12.5,1,0,0,0.0,0,0,0,0,0,0,0,0,0,0,0,48.0,48.0,6,3,0,11,24,309.25,59.0,54.0,33.0,48.66666666666666,11,"Residential (evening peak, weekend >= weekday)",4
TEST-01733,Arat Kilo,2025-11-06 07:00:00,14.3,0.0,71.0,13.1,1,0,0,0.0,0,0,0,0,0,0,0,0,0,0,0,48.0,48.0,7,3,0,11,24,309.2916666666667,41.0,40.0,31.0,37.333333333333336,0,Business / office (weekday commute),0
TEST-00893,Ayat,2025-11-06 07:00:00,14.3,0.0,71.0,13.1,1,0,0,0.0,0,0,0,0,0,0,0,0,0,0,0,48.0,48.0,7,3,0,11,24,309.2916666666667,53.0,50.0,38.0,47.0,1,"Residential (evening peak, weekend >= weekday)",4
TEST-00975,Bole,2025-11-06 07:00:00,14.3,0.0,71.0,13.1,1,0,0,0.0,0,0,0,0,0,0,0,0,0,0,0,48.0,8.0,7,3,0,11,24,309.2916666666667,57.0,43.0,66.0,55.333333333333336,2,"Leisure / nightlife (late, weekend-heavy)",1
TEST-02549,CMC,2025-11-06 07:00:00,14.3,0.0,71.0,13.1,1,0,0,0.0,0,0,0,0,0,0,0,0,0,0,0,48.0,48.0,7,3,0,11,24,309.2916666666667,85.0,65.0,56.0,68.66666666666667,3,"Residential (evening peak, weekend >= weekday)",4
TEST-01702,Gerji,2025-11-06 07:00:00,14.3,0.0,71.0,13.1,1,0,0,0.0,0,0,0,0,0,0,0,0,0,0,0,48.0,48.0,7,3,0,11,24,309.2916666666667,52.0,54.0,55.0,53.66666666666666,4,"Residential (evening peak, weekend >= weekday)",4
TEST-02109,Kazanchis,2025-11-06 07:00:00,14.3,0.0,71.0,13.1,1,0,0,0.0,0,0,0,0,0,0,0,0,0,0,0,48.0,48.0,7,3,0,11,24,309.2916666666667,66.0,64.0,68.0,66.0,5,Business / office (weekday commute),0
TEST-02913,Kolfe,2025-11-06 07:00:00,14.3,0.0,71.0,13.1,1,0,0,0.0,0,0,0,0,0,0,0,0,0,0,0,48.0,48.0,7,3,0,11,24,309.2916666666667,71.0,62.0,44.0,59.0,6,"Residential (evening peak, weekend >= weekday)",4
TEST-00737,Lideta,2025-11-06 07:00:00,14.3,0.0,71.0,13.1,1,0,0,0.0,0,0,0,0,0,0,0,0,0,0,0,48.0,48.0,7,3,0,11,24,309.2916666666667,59.0,53.0,57.0,56.333333333333336,7,Mixed hub (commute + busy midday),3
TEST-02805,Megenagna,2025-11-06 07:00:00,14.3,0.0,71.0,13.1,1,0,0,0.0,0,0,0,0,0,0,0,0,0,0,0,48.0,48.0,7,3,0,11,24,309.2916666666667,81.0,100.0,99.0,93.33333333333331,8,Mixed hub (commute + busy midday),3
TEST-03903,Merkato,2025-11-06 07:00:00,14.3,0.0,71.0,13.1,1,0,0,0.0,0,0,0,0,0,0,0,0,0,0,0,48.0,48.0,7,3,0,11,24,309.2916666666667,98.0,84.0,65.0,82.33333333333333,9,Market (midday peak),2
TEST-02824,Piassa,2025-11-06 07:00:00,14.3,0.0,71.0,13.1,1,0,0,0.0,0,0,0,0,0,0,0,0,0,0,0,48.0,48.0,7,3,0,11,24,309.2916666666667,58.0,61.0,69.0,62.66666666666666,10,Business / office (weekday commute),0
TEST-00481,Sarbet,2025-11-06 07:00:00,14.3,0.0,71.0,13.1,1,0,0,0.0,0,0,0,0,0,0,0,0,0,0,0,48.0,48.0,7,3,0,11,24,309.2916666666667,59.0,40.0,79.0,59.333333333333336,11,"Residential (evening peak, weekend >= weekday)",4
TEST-01939,Arat Kilo,2025-11-06 08:00:00,17.7,0.0,69.0,15.0,1,0,0,0.0,0,0,0,0,0,0,0,0,0,0,0,48.0,48.0,8,3,0,11,24,309.3333333333333,53.0,53.0,31.0,45.66666666666666,0,Business / office (weekday commute),0
TEST-03440,Ayat,2025-11-06 08:00:00,17.7,0.0,69.0,15.0,1,0,0,0.0,0,0,0,0,0,0,0,0,0,0,0,48.0,48.0,8,3,0,11,24,309.3333333333333,24.0,34.0,38.0,32.0,1,"Residential (evening peak, weekend >= weekday)",4
TEST-00987,Bole,2025-11-06 08:00:00,17.7,0.0,69.0,15.0,1,0,0,0.0,0,0,0,0,0,0,0,0,0,0,0,48.0,9.0,8,3,0,11,24,309.3333333333333,31.0,46.0,38.0,38.333333333333336,2,"Leisure / nightlife (late, weekend-heavy)",1
TEST-01935,CMC,2025-11-06 08:00:00,17.7,0.0,69.0,15.0,1,0,0,0.0,0,0,0,0,0,0,0,0,0,0,0,48.0,48.0,8,3,0,11,24,309.3333333333333,58.0,53.0,45.0,52.0,3,"Residential (evening peak, weekend >= weekday)",4
TEST-03986,Gerji,2025-11-06 08:00:00,17.7,0.0,69.0,15.0,1,0,0,0.0,0,0,0,0,0,0,0,0,0,0,0,48.0,48.0,8,3,0,11,24,309.3333333333333,57.0,44.0,40.0,47.0,4,"Residential (evening peak, weekend >= weekday)",4
TEST-03950,Kazanchis,2025-11-06 08:00:00,17.7,0.0,69.0,15.0,1,0,0,0.0,0,0,0,0,0,0,0,0,0,0,0,48.0,48.0,8,3,0,11,24,309.3333333333333,71.0,,85.0,78.0,5,Business / office (weekday commute),0
TEST-02296,Kolfe,2025-11-06 08:00:00,17.7,0.0,69.0,15.0,1,0,0,0.0,0,0,0,0,0,0,0,0,0,0,0,48.0,48.0,8,3,0,11,24,309.3333333333333,45.0,50.0,46.0,47.0,6,"Residential (evening peak, weekend >= weekday)",4
TEST-03162,Lideta,2025-11-06 08:00:00,17.7,0.0,69.0,15.0,1,0,0,0.0,0,0,0,0,0,0,0,0,0,0,0,48.0,48.0,8,3,0,11,24,309.3333333333333,48.0,56.0,51.0,51.66666666666666,7,Mixed hub (commute + busy midday),3
TEST-01518,Megenagna,2025-11-06 08:00:00,17.7,0.0,69.0,15.0,1,0,0,0.0,0,0,0,0,0,0,0,0,0,0,0,48.0,48.0,8,3,0,11,24,309.3333333333333,96.0,90.0,114.0,100.0,8,Mixed hub (commute + busy midday),3
TEST-03001,Merkato,2025-11-06 08:00:00,17.7,0.0,69.0,15.0,1,0,0,0.0,0,0,0,0,0,0,0,0,0,0,0,48.0,48.0,8,3,0,11,24,309.3333333333333,105.0,79.0,77.0,87.0,9,Market (midday peak),2
TEST-03971,Piassa,2025-11-06 08:00:00,17.7,0.0,69.0,15.0,1,0,0,0.0,0,0,0,0,0,0,0,0,0,0,0,48.0,48.0,8,3,0,11,24,309.3333333333333,63.0,61.0,72.0,65.33333333333333,10,Business / office (weekday commute),0
TEST-01404,Sarbet,2025-11-06 08:00:00,17.7,0.0,69.0,15.0,1,0,0,0.0,0,0,0,0,0,0,0,0,0,0,0,48.0,48.0,8,3,0,11,24,309.3333333333333,42.0,46.0,48.0,45.333333333333336,11,"Residential (evening peak, weekend >= weekday)",4
TEST-03300,Arat Kilo,2025-11-06 09:00:00,18.8,0.0,65.0,7.3,1,0,0,0.0,0,0,0,0,0,0,0,0,0,0,0,48.0,48.0,9,3,0,11,24,309.375,33.0,33.0,36.0,34.0,0,Business / office (weekday commute),0
TEST-02863,Ayat,2025-11-06 09:00:00,18.8,0.0,65.0,7.3,1,0,0,0.0,0,0,0,0,0,0,0,0,0,0,0,48.0,48.0,9,3,0,11,24,309.375,19.0,17.0,23.0,19.666666666666668,1,"Residential (evening peak, weekend >= weekday)",4
TEST-01664,Bole,2025-11-06 09:00:00,18.8,0.0,65.0,7.3,1,0,0,0.0,0,0,0,0,0,0,0,0,0,0,0,48.0,10.0,9,3,0,11,24,309.375,27.0,45.0,58.0,43.333333333333336,2,"Leisure / nightlife (late, weekend-heavy)",1
TEST-02779,CMC,2025-11-06 09:00:00,18.8,0.0,65.0,7.3,1,0,0,0.0,0,0,0,0,0,0,0,0,0,0,0,48.0,48.0,9,3,0,11,24,309.375,41.0,33.0,40.0,38.0,3,"Residential (evening peak, weekend >= weekday)",4
TEST-03878,Gerji,2025-11-06 09:00:00,18.8,0.0,65.0,7.3,1,0,0,0.0,0,0,0,0,0,0,0,0,0,0,0,48.0,48.0,9,3,0,11,24,309.375,,32.0,35.0,33.5,4,"Residential (evening peak, weekend >= weekday)",4
TEST-03318,Kazanchis,2025-11-06 09:00:00,18.8,0.0,65.0,7.3,1,0,0,0.0,0,0,0,0,0,0,0,0,0,0,0,48.0,48.0,9,3,0,11,24,309.375,79.0,65.0,46.0,63.333333333333336,5,Business / office (weekday commute),0
TEST-03864,Kolfe,2025-11-06 09:00:00,18.8,0.0,65.0,7.3,1,0,0,0.0,0,0,0,0,0,0,0,0,0,0,0,48.0,48.0,9,3,0,11,24,309.375,31.0,29.0,22.0,27.33333333333333,6,"Residential (evening peak, weekend >= weekday)",4
TEST-02452,Lideta,2025-11-06 09:00:00,18.8,0.0,65.0,7.3,1,0,0,0.0,0,0,0,0,0,0,0,0,0,0,0,48.0,48.0,9,3,0,11,24,309.375,41.0,59.0,42.0,47.333333333333336,7,Mixed hub (commute + busy midday),3
TEST-02765,Megenagna,2025-11-06 09:00:00,18.8,0.0,65.0,7.3,1,0,0,0.0,0,0,0,0,0,0,0,0,0,0,0,48.0,48.0,9,3,0,11,24,309.375,74.0,52.0,64.0,63.333333333333336,8,Mixed hub (commute + busy midday),3
TEST-00357,Merkato,2025-11-06 09:00:00,18.8,0.0,65.0,7.3,1,0,0,0.0,0,0,0,0,0,0,0,0,0,0,0,48.0,48.0,9,3,0,11,24,309.375,78.0,83.0,101.0,87.33333333333333,9,Market (midday peak),2
TEST-00695,Piassa,2025-11-06 09:00:00,18.8,0.0,65.0,7.3,1,0,0,0.0,0,0,0,0,0,0,0,0,0,0,0,48.0,48.0,9,3,0,11,24,309.375,76.0,50.0,56.0,60.66666666666666,10,Business / office (weekday commute),0
TEST-00361,Sarbet,2025-11-06 09:00:00,18.8,0.0,65.0,7.3,1,0,0,0.0,0,0,0,0,0,0,0,0,0,0,0,48.0,48.0,9,3,0,11,24,309.375,30.0,37.0,20.0,29.0,11,"Residential (evening peak, weekend >= weekday)",4
TEST-02086,Arat Kilo,2025-11-06 10:00:00,19.3,0.0,69.0,6.9,1,0,0,0.0,0,0,0,0,0,0,0,0,0,0,0,48.0,48.0,10,3,0,11,24,309.4166666666667,13.0,26.0,17.0,18.666666666666668,0,Business / office (weekday commute),0
TEST-02220,Ayat,2025-11-06 10:00:00,19.3,0.0,69.0,6.9,1,0,0,0.0,0,0,0,0,0,0,0,0,0,0,0,48.0,48.0,10,3,0,11,24,309.4166666666667,18.0,9.0,16.0,14.333333333333334,1,"Residential (evening peak, weekend >= weekday)",4
TEST-02565,Bole,2025-11-06 10:00:00,19.3,0.0,69.0,6.9,1,0,0,0.0,0,0,0,0,0,0,0,0,0,0,0,48.0,11.0,10,3,0,11,24,309.4166666666667,34.0,48.0,41.0,41.0,2,"Leisure / nightlife (late, weekend-heavy)",1
TEST-00703,CMC,2025-11-06 10:00:00,19.3,0.0,69.0,6.9,1,0,0,0.0,0,0,0,0,0,0,0,0,0,0,0,48.0,48.0,10,3,0,11,24,309.4166666666667,21.0,30.0,30.0,27.0,3,"Residential (evening peak, weekend >= weekday)",4
TEST-01976,Gerji,2025-11-06 10:00:00,19.3,0.0,69.0,6.9,1,0,0,0.0,0,0,0,0,0,0,0,0,0,0,0,48.0,48.0,10,3,0,11,24,309.4166666666667,26.0,15.0,29.0,23.33333333333333,4,"Residential (evening peak, weekend >= weekday)",4
TEST-02172,Kazanchis,2025-11-06 10:00:00,19.3,0.0,69.0,6.9,1,0,0,0.0,0,0,0,0,0,0,0,0,0,0,0,48.0,48.0,10,3,0,11,24,309.4166666666667,30.0,31.0,30.0,30.33333333333333,5,Business / office (weekday commute),0
TEST-02252,Kolfe,2025-11-06 10:00:00,19.3,0.0,69.0,6.9,1,0,0,0.0,0,0,0,0,0,0,0,0,0,0,0,48.0,48.0,10,3,0,11,24,309.4166666666667,20.0,22.0,24.0,22.0,6,"Residential (evening peak, weekend >= weekday)",4
TEST-01229,Lideta,2025-11-06 10:00:00,19.3,0.0,69.0,6.9,1,0,0,0.0,0,0,0,0,0,0,0,0,0,0,0,48.0,48.0,10,3,0,11,24,309.4166666666667,41.0,41.0,52.0,44.66666666666666,7,Mixed hub (commute + busy midday),3
TEST-00317,Megenagna,2025-11-06 10:00:00,19.3,0.0,69.0,6.9,1,0,0,0.0,0,0,0,0,0,0,0,0,0,0,0,48.0,48.0,10,3,0,11,24,309.4166666666667,61.0,59.0,51.0,57.0,8,Mixed hub (commute + busy midday),3
TEST-01155,Merkato,2025-11-06 10:00:00,19.3,0.0,69.0,6.9,1,0,0,0.0,0,0,0,0,0,0,0,0,0,0,0,48.0,48.0,10,3,0,11,24,309.4166666666667,58.0,92.0,92.0,80.66666666666667,9,Market (midday peak),2
TEST-01494,Piassa,2025-11-06 10:00:00,19.3,0.0,69.0,6.9,1,0,0,0.0,0,0,0,0,0,0,0,0,0,0,0,48.0,48.0,10,3,0,11,24,309.4166666666667,26.0,40.0,26.0,30.666666666666668,10,Business / office (weekday commute),0
TEST-02382,Sarbet,2025-11-06 10:00:00,19.3,0.0,69.0,6.9,1,0,0,0.0,0,0,0,0,0,0,0,0,0,0,0,48.0,48.0,10,3,0,11,24,309.4166666666667,16.0,37.0,21.0,24.666666666666668,11,"Residential (evening peak, weekend >= weekday)",4
TEST-00125,Arat Kilo,2025-11-06 11:00:00,19.4,0.0,57.0,8.3,1,0,0,0.0,0,0,0,0,0,0,0,0,0,0,0,48.0,48.0,11,3,0,11,24,309.4583333333333,12.0,7.0,18.0,12.333333333333334,0,Business / office (weekday commute),0
TEST-04025,Ayat,2025-11-06 11:00:00,19.4,0.0,57.0,8.3,1,0,0,0.0,0,0,0,0,0,0,0,0,0,0,0,48.0,48.0,11,3,0,11,24,309.4583333333333,22.0,18.0,21.0,20.33333333333333,1,"Residential (evening peak, weekend >= weekday)",4
TEST-02259,Bole,2025-11-06 11:00:00,19.4,0.0,57.0,8.3,1,0,0,0.0,0,0,0,0,0,0,0,0,0,0,0,48.0,12.0,11,3,0,11,24,309.4583333333333,36.0,35.0,29.0,33.333333333333336,2,"Leisure / nightlife (late, weekend-heavy)",1
TEST-01343,CMC,2025-11-06 11:00:00,19.4,0.0,57.0,8.3,1,0,0,0.0,0,0,0,0,0,0,0,0,0,0,0,48.0,48.0,11,3,0,11,24,309.4583333333333,21.0,26.0,21.0,22.666666666666668,3,"Residential (evening peak, weekend >= weekday)",4
TEST-03259,Gerji,2025-11-06 11:00:00,19.4,0.0,57.0,8.3,1,0,0,0.0,0,0,0,0,0,0,0,0,0,0,0,48.0,48.0,11,3,0,11,24,309.4583333333333,24.0,15.0,26.0,21.666666666666668,4,"Residential (evening peak, weekend >= weekday)",4
TEST-00519,Kazanchis,2025-11-06 11:00:00,19.4,0.0,57.0,8.3,1,0,0,0.0,0,0,0,0,0,0,0,0,0,0,0,48.0,48.0,11,3,0,11,24,309.4583333333333,19.0,26.0,22.0,22.33333333333333,5,Business / office (weekday commute),0
TEST-01807,Kolfe,2025-11-06 11:00:00,19.4,0.0,57.0,8.3,1,0,0,0.0,0,0,0,0,0,0,0,0,0,0,0,48.0,48.0,11,3,0,11,24,309.4583333333333,25.0,13.0,17.0,18.33333333333333,6,"Residential (evening peak, weekend >= weekday)",4
TEST-03363,Lideta,2025-11-06 11:00:00,19.4,0.0,57.0,8.3,1,0,0,0.0,0,0,0,0,0,0,0,0,0,0,0,48.0,48.0,11,3,0,11,24,309.4583333333333,32.0,38.0,35.0,35.0,7,Mixed hub (commute + busy midday),3
TEST-03723,Megenagna,2025-11-06 11:00:00,19.4,0.0,57.0,8.3,1,0,0,0.0,0,0,0,0,0,0,0,0,0,0,0,48.0,48.0,11,3,0,11,24,309.4583333333333,36.0,57.0,60.0,51.0,8,Mixed hub (commute + busy midday),3
TEST-01616,Merkato,2025-11-06 11:00:00,19.4,0.0,57.0,8.3,1,0,0,0.0,0,0,0,0,0,0,0,0,0,0,0,48.0,48.0,11,3,0,11,24,309.4583333333333,94.0,72.0,133.0,99.66666666666669,9,Market (midday peak),2
TEST-00127,Piassa,2025-11-06 11:00:00,19.4,0.0,57.0,8.3,1,0,0,0.0,0,0,0,0,0,0,0,0,0,0,0,48.0,48.0,11,3,0,11,24,309.4583333333333,24.0,26.0,21.0,23.666666666666668,10,Business / office (weekday commute),0
TEST-01511,Sarbet,2025-11-06 11:00:00,19.4,0.0,57.0,8.3,1,0,0,0.0,0,0,0,0,0,0,0,0,0,0,0,48.0,48.0,11,3,0,11,24,309.4583333333333,23.0,29.0,23.0,25.0,11,"Residential (evening peak, weekend >= weekday)",4
TEST-00429,Arat Kilo,2025-11-06 12:00:00,20.4,0.0,52.0,17.3,1,0,0,0.0,0,0,0,0,0,0,0,0,0,0,0,48.0,48.0,12,3,0,11,24,309.5,31.0,35.0,29.0,31.666666666666668,0,Business / office (weekday commute),0
TEST-00757,Ayat,2025-11-06 12:00:00,20.4,0.0,52.0,17.3,1,0,0,0.0,0,0,0,0,0,0,0,0,0,0,0,48.0,48.0,12,3,0,11,24,309.5,23.0,19.0,28.0,23.33333333333333,1,"Residential (evening peak, weekend >= weekday)",4
TEST-03274,Bole,2025-11-06 12:00:00,20.4,0.0,52.0,17.3,1,0,0,0.0,0,0,0,0,0,0,0,0,0,0,0,48.0,13.0,12,3,0,11,24,309.5,38.0,41.0,36.0,38.333333333333336,2,"Leisure / nightlife (late, weekend-heavy)",1
TEST-01320,CMC,2025-11-06 12:00:00,20.4,0.0,52.0,17.3,1,0,0,0.0,0,0,0,0,0,0,0,0,0,0,0,48.0,48.0,12,3,0,11,24,309.5,28.0,23.0,23.0,24.666666666666668,3,"Residential (evening peak, weekend >= weekday)",4
TEST-03484,Gerji,2025-11-06 12:00:00,20.4,0.0,52.0,17.3,1,0,0,0.0,0,0,0,0,0,0,0,0,0,0,0,48.0,48.0,12,3,0,11,24,309.5,10.0,23.0,20.0,17.666666666666668,4,"Residential (evening peak, weekend >= weekday)",4
TEST-02871,Kazanchis,2025-11-06 12:00:00,20.4,0.0,52.0,17.3,1,0,0,0.0,0,0,0,0,0,0,0,0,0,0,0,48.0,48.0,12,3,0,11,24,309.5,40.0,47.0,28.0,38.333333333333336,5,Business / office (weekday commute),0
TEST-00188,Kolfe,2025-11-06 12:00:00,20.4,0.0,52.0,17.3,1,0,0,0.0,0,0,0,0,0,0,0,0,0,0,0,48.0,48.0,12,3,0,11,24,309.5,18.0,17.0,20.0,18.33333333333333,6,"Residential (evening peak, weekend >= weekday)",4
TEST-01065,Lideta,2025-11-06 12:00:00,20.4,0.0,52.0,17.3,1,0,0,0.0,0,0,0,0,0,0,0,0,0,0,0,48.0,48.0,12,3,0,11,24,309.5,42.0,42.0,32.0,38.66666666666666,7,Mixed hub (commute + busy midday),3
TEST-00559,Megenagna,2025-11-06 12:00:00,20.4,0.0,52.0,17.3,1,0,0,0.0,0,0,0,0,0,0,0,0,0,0,0,48.0,48.0,12,3,0,11,24,309.5,45.0,57.0,49.0,50.333333333333336,8,Mixed hub (commute + busy midday),3
TEST-01848,Merkato,2025-11-06 12:00:00,20.4,0.0,52.0,17.3,1,0,0,0.0,0,0,0,0,0,0,0,0,0,0,0,48.0,48.0,12,3,0,11,24,309.5,108.0,93.0,93.0,98.0,9,Market (midday peak),2
TEST-03010,Piassa,2025-11-06 12:00:00,20.4,0.0,52.0,17.3,1,0,0,0.0,0,0,0,0,0,0,0,0,0,0,0,48.0,48.0,12,3,0,11,24,309.5,33.0,47.0,30.0,36.66666666666666,10,Business / office (weekday commute),0
TEST-03155,Sarbet,2025-11-06 12:00:00,20.4,0.0,52.0,17.3,1,0,0,0.0,0,0,0,0,0,0,0,0,0,0,0,48.0,48.0,12,3,0,11,24,309.5,27.0,24.0,14.0,21.666666666666668,11,"Residential (evening peak, weekend >= weekday)",4
TEST-02208,Arat Kilo,2025-11-06 13:00:00,23.2,0.0,58.0,7.7,1,0,0,0.0,0,0,0,0,0,0,0,0,0,0,0,48.0,48.0,13,3,0,11,24,309.5416666666667,31.0,37.0,57.0,41.66666666666666,0,Business / office (weekday commute),0
TEST-00011,Ayat,2025-11-06 13:00:00,23.2,0.0,58.0,7.7,1,0,0,0.0,0,0,0,0,0,0,0,0,0,0,0,48.0,48.0,13,3,0,11,24,309.5416666666667,18.0,10.0,12.0,13.333333333333334,1,"Residential (evening peak, weekend >= weekday)",4
TEST-00680,Bole,2025-11-06 13:00:00,23.2,0.0,58.0,7.7,1,0,0,0.0,0,0,0,0,0,0,0,0,0,0,0,48.0,14.0,13,3,0,11,24,309.5416666666667,35.0,39.0,55.0,43.0,2,"Leisure / nightlife (late, weekend-heavy)",1
TEST-02447,CMC,2025-11-06 13:00:00,23.2,0.0,58.0,7.7,1,0,0,0.0,0,0,0,0,0,0,0,0,0,0,0,48.0,48.0,13,3,0,11,24,309.5416666666667,23.0,23.0,20.0,22.0,3,"Residential (evening peak, weekend >= weekday)",4
TEST-00392,Gerji,2025-11-06 13:00:00,23.2,0.0,58.0,7.7,1,0,0,0.0,0,0,0,0,0,0,0,0,0,0,0,48.0,48.0,13,3,0,11,24,309.5416666666667,30.0,18.0,18.0,22.0,4,"Residential (evening peak, weekend >= weekday)",4
TEST-02928,Kazanchis,2025-11-06 13:00:00,23.2,0.0,58.0,7.7,1,0,0,0.0,0,0,0,0,0,0,0,0,0,0,0,48.0,48.0,13,3,0,11,24,309.5416666666667,69.0,,84.0,76.5,5,Business / office (weekday commute),0
TEST-03456,Kolfe,2025-11-06 13:00:00,23.2,0.0,58.0,7.7,1,0,0,0.0,0,0,0,0,0,0,0,0,0,0,0,48.0,48.0,13,3,0,11,24,309.5416666666667,25.0,22.0,18.0,21.666666666666668,6,"Residential (evening peak, weekend >= weekday)",4
TEST-03612,Lideta,2025-11-06 13:00:00,23.2,0.0,58.0,7.7,1,0,0,0.0,0,0,0,0,0,0,0,0,0,0,0,48.0,48.0,13,3,0,11,24,309.5416666666667,34.0,44.0,47.0,41.66666666666666,7,Mixed hub (commute + busy midday),3
TEST-03498,Megenagna,2025-11-06 13:00:00,23.2,0.0,58.0,7.7,1,0,0,0.0,0,0,0,0,0,0,0,0,0,0,0,48.0,48.0,13,3,0,11,24,309.5416666666667,54.0,56.0,,55.0,8,Mixed hub (commute + busy midday),3
TEST-03376,Merkato,2025-11-06 13:00:00,23.2,0.0,58.0,7.7,1,0,0,0.0,0,0,0,0,0,0,0,0,0,0,0,48.0,48.0,13,3,0,11,24,309.5416666666667,92.0,114.0,109.0,105.0,9,Market (midday peak),2
TEST-00391,Piassa,2025-11-06 13:00:00,23.2,0.0,58.0,7.7,1,0,0,0.0,0,0,0,0,0,0,0,0,0,0,0,48.0,48.0,13,3,0,11,24,309.5416666666667,70.0,54.0,64.0,62.66666666666666,10,Business / office (weekday commute),0
TEST-01854,Sarbet,2025-11-06 13:00:00,23.2,0.0,58.0,7.7,1,0,0,0.0,0,0,0,0,0,0,0,0,0,0,0,48.0,48.0,13,3,0,11,24,309.5416666666667,17.0,24.0,15.0,18.666666666666668,11,"Residential (evening peak, weekend >= weekday)",4
TEST-04011,Arat Kilo,2025-11-06 14:00:00,25.1,0.0,51.0,6.2,1,0,0,0.0,0,0,0,0,0,0,0,0,0,0,0,48.0,48.0,14,3,0,11,24,309.5833333333333,30.0,38.0,28.0,32.0,0,Business / office (weekday commute),0
TEST-02945,Ayat,2025-11-06 14:00:00,25.1,0.0,51.0,6.2,1,0,0,0.0,0,0,0,0,0,0,0,0,0,0,0,48.0,48.0,14,3,0,11,24,309.5833333333333,16.0,12.0,10.0,12.666666666666666,1,"Residential (evening peak, weekend >= weekday)",4
TEST-02457,Bole,2025-11-06 14:00:00,25.1,0.0,51.0,6.2,1,0,0,0.0,0,0,0,0,0,0,0,0,0,0,0,48.0,15.0,14,3,0,11,24,309.5833333333333,44.0,41.0,37.0,40.66666666666666,2,"Leisure / nightlife (late, weekend-heavy)",1
TEST-03455,CMC,2025-11-06 14:00:00,25.1,0.0,51.0,6.2,1,0,0,0.0,0,0,0,0,0,0,0,0,0,0,0,48.0,48.0,14,3,0,11,24,309.5833333333333,27.0,28.0,24.0,26.33333333333333,3,"Residential (evening peak, weekend >= weekday)",4
TEST-00298,Gerji,2025-11-06 14:00:00,25.1,0.0,51.0,6.2,1,0,0,0.0,0,0,0,0,0,0,0,0,0,0,0,48.0,48.0,14,3,0,11,24,309.5833333333333,24.0,28.0,27.0,26.33333333333333,4,"Residential (evening peak, weekend >= weekday)",4
TEST-03226,Kazanchis,2025-11-06 14:00:00,25.1,0.0,51.0,6.2,1,0,0,0.0,0,0,0,0,0,0,0,0,0,0,0,48.0,48.0,14,3,0,11,24,309.5833333333333,49.0,52.0,42.0,47.66666666666666,5,Business / office (weekday commute),0
TEST-03616,Kolfe,2025-11-06 14:00:00,25.1,0.0,51.0,6.2,1,0,0,0.0,0,0,0,0,0,0,0,0,0,0,0,48.0,48.0,14,3,0,11,24,309.5833333333333,20.0,29.0,22.0,23.666666666666668,6,"Residential (evening peak, weekend >= weekday)",4
TEST-00145,Lideta,2025-11-06 14:00:00,25.1,0.0,51.0,6.2,1,0,0,0.0,0,0,0,0,0,0,0,0,0,0,0,48.0,48.0,14,3,0,11,24,309.5833333333333,43.0,34.0,31.0,36.0,7,Mixed hub (commute + busy midday),3
TEST-03994,Megenagna,2025-11-06 14:00:00,25.1,0.0,51.0,6.2,1,0,0,0.0,0,0,0,0,0,0,0,0,0,0,0,48.0,48.0,14,3,0,11,24,309.5833333333333,47.0,46.0,42.0,45.0,8,Mixed hub (commute + busy midday),3
TEST-03207,Merkato,2025-11-06 14:00:00,25.1,0.0,51.0,6.2,1,0,0,0.0,0,0,0,0,0,0,0,0,0,0,0,48.0,48.0,14,3,0,11,24,309.5833333333333,104.0,122.0,97.0,107.66666666666669,9,Market (midday peak),2
TEST-03880,Piassa,2025-11-06 14:00:00,25.1,0.0,51.0,6.2,1,0,0,0.0,0,0,0,0,0,0,0,0,0,0,0,48.0,48.0,14,3,0,11,24,309.5833333333333,55.0,46.0,50.0,50.333333333333336,10,Business / office (weekday commute),0
TEST-02795,Sarbet,2025-11-06 14:00:00,25.1,0.0,51.0,6.2,1,0,0,0.0,0,0,0,0,0,0,0,0,0,0,0,48.0,48.0,14,3,0,11,24,309.5833333333333,20.0,27.0,18.0,21.666666666666668,11,"Residential (evening peak, weekend >= weekday)",4
TEST-01480,Arat Kilo,2025-11-06 15:00:00,27.0,0.0,58.0,7.5,1,0,0,0.0,0,0,0,0,0,0,0,0,0,0,0,48.0,48.0,15,3,0,11,24,309.625,34.0,33.0,26.0,31.0,0,Business / office (weekday commute),0
TEST-01802,Ayat,2025-11-06 15:00:00,27.0,0.0,58.0,7.5,1,0,0,0.0,0,0,0,0,0,0,0,0,0,0,0,48.0,48.0,15,3,0,11,24,309.625,13.0,10.0,10.0,11.0,1,"Residential (evening peak, weekend >= weekday)",4
TEST-02540,Bole,2025-11-06 15:00:00,27.0,0.0,58.0,7.5,1,0,0,0.0,0,0,0,0,0,0,0,0,0,0,0,48.0,16.0,15,3,0,11,24,309.625,43.0,29.0,38.0,36.66666666666666,2,"Leisure / nightlife (late, weekend-heavy)",1
TEST-00048,CMC,2025-11-06 15:00:00,27.0,0.0,58.0,7.5,1,0,0,0.0,0,0,0,0,0,0,0,0,0,0,0,48.0,48.0,15,3,0,11,24,309.625,16.0,,19.0,17.5,3,"Residential (evening peak, weekend >= weekday)",4
TEST-03503,Gerji,2025-11-06 15:00:00,27.0,0.0,58.0,7.5,1,0,0,0.0,0,0,0,0,0,0,0,0,0,0,0,48.0,48.0,15,3,0,11,24,309.625,21.0,18.0,16.0,18.33333333333333,4,"Residential (evening peak, weekend >= weekday)",4
TEST-00711,Kazanchis,2025-11-06 15:00:00,27.0,0.0,58.0,7.5,1,0,0,0.0,0,0,0,0,0,0,0,0,0,0,0,48.0,48.0,15,3,0,11,24,309.625,55.0,41.0,48.0,48.0,5,Business / office (weekday commute),0
TEST-00906,Kolfe,2025-11-06 15:00:00,27.0,0.0,58.0,7.5,1,0,0,0.0,0,0,0,0,0,0,0,0,0,0,0,48.0,48.0,15,3,0,11,24,309.625,19.0,20.0,17.0,18.666666666666668,6,"Residential (evening peak, weekend >= weekday)",4
TEST-01106,Lideta,2025-11-06 15:00:00,27.0,0.0,58.0,7.5,1,0,0,0.0,0,0,0,0,0,0,0,0,0,0,0,48.0,48.0,15,3,0,11,24,309.625,39.0,30.0,39.0,36.0,7,Mixed hub (commute + busy midday),3
TEST-01562,Megenagna,2025-11-06 15:00:00,27.0,0.0,58.0,7.5,1,0,0,0.0,0,0,0,0,0,0,0,0,0,0,0,48.0,48.0,15,3,0,11,24,309.625,,58.0,56.0,57.0,8,Mixed hub (commute + busy midday),3
TEST-01812,Merkato,2025-11-06 15:00:00,27.0,0.0,58.0,7.5,1,0,0,0.0,0,0,0,0,0,0,0,0,0,0,0,48.0,48.0,15,3,0,11,24,309.625,111.0,128.0,84.0,107.66666666666669,9,Market (midday peak),2
TEST-02425,Piassa,2025-11-06 15:00:00,27.0,0.0,58.0,7.5,1,0,0,0.0,0,0,0,0,0,0,0,0,0,0,0,48.0,48.0,15,3,0,11,24,309.625,48.0,37.0,51.0,45.333333333333336,10,Business / office (weekday commute),0
TEST-01289,Sarbet,2025-11-06 15:00:00,27.0,0.0,58.0,7.5,1,0,0,0.0,0,0,0,0,0,0,0,0,0,0,0,48.0,48.0,15,3,0,11,24,309.625,23.0,9.0,28.0,20.0,11,"Residential (evening peak, weekend >= weekday)",4
TEST-03288,Arat Kilo,2025-11-06 16:00:00,25.7,0.0,49.0,12.2,1,0,0,0.0,0,0,0,0,0,0,0,0,0,0,0,48.0,48.0,16,3,0,11,24,309.6666666666667,42.0,36.0,41.0,39.66666666666666,0,Business / office (weekday commute),0
TEST-00082,Ayat,2025-11-06 16:00:00,25.7,0.0,49.0,12.2,1,0,0,0.0,0,0,0,0,0,0,0,0,0,0,0,48.0,48.0,16,3,0,11,24,309.6666666666667,11.0,17.0,18.0,15.333333333333334,1,"Residential (evening peak, weekend >= weekday)",4
TEST-00664,Bole,2025-11-06 16:00:00,25.7,0.0,49.0,12.2,1,0,0,0.0,0,0,0,0,0,0,0,0,0,0,0,48.0,17.0,16,3,0,11,24,309.6666666666667,38.0,29.0,24.0,30.33333333333333,2,"Leisure / nightlife (late, weekend-heavy)",1
TEST-02840,CMC,2025-11-06 16:00:00,25.7,0.0,49.0,12.2,1,0,0,0.0,0,0,0,0,0,0,0,0,0,0,0,48.0,48.0,16,3,0,11,24,309.6666666666667,24.0,25.0,26.0,25.0,3,"Residential (evening peak, weekend >= weekday)",4
TEST-00755,Gerji,2025-11-06 16:00:00,25.7,0.0,49.0,12.2,1,0,0,0.0,0,0,0,0,0,0,0,0,0,0,0,48.0,48.0,16,3,0,11,24,309.6666666666667,37.0,24.0,30.0,30.33333333333333,4,"Residential (evening peak, weekend >= weekday)",4
TEST-04026,Kazanchis,2025-11-06 16:00:00,25.7,0.0,49.0,12.2,1,0,0,0.0,0,0,0,0,0,0,0,0,0,0,0,48.0,48.0,16,3,0,11,24,309.6666666666667,54.0,60.0,72.0,62.0,5,Business / office (weekday commute),0
TEST-03009,Kolfe,2025-11-06 16:00:00,25.7,0.0,49.0,12.2,1,0,0,0.0,0,0,0,0,0,0,0,0,0,0,0,48.0,48.0,16,3,0,11,24,309.6666666666667,17.0,27.0,25.0,23.0,6,"Residential (evening peak, weekend >= weekday)",4
TEST-01529,Lideta,2025-11-06 16:00:00,25.7,0.0,49.0,12.2,1,0,0,0.0,0,0,0,0,0,0,0,0,0,0,0,48.0,48.0,16,3,0,11,24,309.6666666666667,53.0,46.0,56.0,51.66666666666666,7,Mixed hub (commute + busy midday),3
TEST-03407,Megenagna,2025-11-06 16:00:00,25.7,0.0,49.0,12.2,1,0,0,0.0,0,0,0,0,0,0,0,0,0,0,0,48.0,48.0,16,3,0,11,24,309.6666666666667,75.0,74.0,67.0,72.0,8,Mixed hub (commute + busy midday),3
TEST-00782,Merkato,2025-11-06 16:00:00,25.7,0.0,49.0,12.2,1,0,0,0.0,0,0,0,0,0,0,0,0,0,0,0,48.0,48.0,16,3,0,11,24,309.6666666666667,92.0,92.0,77.0,87.0,9,Market (midday peak),2
TEST-03587,Piassa,2025-11-06 16:00:00,25.7,0.0,49.0,12.2,1,0,0,0.0,0,0,0,0,0,0,0,0,0,0,0,48.0,48.0,16,3,0,11,24,309.6666666666667,76.0,51.0,60.0,62.333333333333336,10,Business / office (weekday commute),0
TEST-01128,Sarbet,2025-11-06 16:00:00,25.7,0.0,49.0,12.2,1,0,0,0.0,0,0,0,0,0,0,0,0,0,0,0,48.0,48.0,16,3,0,11,24,309.6666666666667,15.0,20.0,21.0,18.666666666666668,11,"Residential (evening peak, weekend >= weekday)",4
TEST-01505,Arat Kilo,2025-11-06 17:00:00,22.1,0.0,65.0,8.6,1,0,0,0.0,0,0,0,0,0,0,0,0,0,0,0,48.0,48.0,17,3,0,11,24,309.7083333333333,61.0,62.0,43.0,55.333333333333336,0,Business / office (weekday commute),0
TEST-02577,Ayat,2025-11-06 17:00:00,22.1,0.0,65.0,8.6,1,0,0,0.0,0,0,0,0,0,0,0,0,0,0,0,48.0,48.0,17,3,0,11,24,309.7083333333333,23.0,25.0,25.0,24.33333333333333,1,"Residential (evening peak, weekend >= weekday)",4
TEST-00575,Bole,2025-11-06 17:00:00,22.1,0.0,65.0,8.6,1,0,0,0.0,0,0,0,0,0,0,0,0,0,0,0,48.0,18.0,17,3,0,11,24,309.7083333333333,33.0,55.0,32.0,40.0,2,"Leisure / nightlife (late, weekend-heavy)",1
TEST-03858,CMC,2025-11-06 17:00:00,22.1,0.0,65.0,8.6,1,0,0,0.0,0,0,0,0,0,0,0,0,0,0,0,48.0,48.0,17,3,0,11,24,309.7083333333333,36.0,36.0,29.0,33.666666666666664,3,"Residential (evening peak, weekend >= weekday)",4
TEST-03302,Gerji,2025-11-06 17:00:00,22.1,0.0,65.0,8.6,1,0,0,0.0,0,0,0,0,0,0,0,0,0,0,0,48.0,48.0,17,3,0,11,24,309.7083333333333,39.0,39.0,39.0,39.0,4,"Residential (evening peak, weekend >= weekday)",4
TEST-00660,Kazanchis,2025-11-06 17:00:00,22.1,0.0,65.0,8.6,1,0,0,0.0,0,0,0,0,0,0,0,0,0,0,0,48.0,48.0,17,3,0,11,24,309.7083333333333,70.0,75.0,92.0,79.0,5,Business / office (weekday commute),0
TEST-00930,Kolfe,2025-11-06 17:00:00,22.1,0.0,65.0,8.6,1,0,0,0.0,0,0,0,0,0,0,0,0,0,0,0,48.0,48.0,17,3,0,11,24,309.7083333333333,33.0,17.0,28.0,26.0,6,"Residential (evening peak, weekend >= weekday)",4
TEST-03214,Lideta,2025-11-06 17:00:00,22.1,0.0,65.0,8.6,1,0,0,0.0,0,0,0,0,0,0,0,0,0,0,0,48.0,48.0,17,3,0,11,24,309.7083333333333,68.0,44.0,42.0,51.333333333333336,7,Mixed hub (commute + busy midday),3
TEST-02698,Megenagna,2025-11-06 17:00:00,22.1,0.0,65.0,8.6,1,0,0,0.0,0,0,0,0,0,0,0,0,0,0,0,48.0,48.0,17,3,0,11,24,309.7083333333333,,86.0,79.0,82.5,8,Mixed hub (commute + busy midday),3
TEST-01113,Merkato,2025-11-06 17:00:00,22.1,0.0,65.0,8.6,1,0,0,0.0,0,0,0,0,0,0,0,0,0,0,0,48.0,48.0,17,3,0,11,24,309.7083333333333,65.0,80.0,69.0,71.33333333333333,9,Market (midday peak),2
TEST-01885,Piassa,2025-11-06 17:00:00,22.1,0.0,65.0,8.6,1,0,0,0.0,0,0,0,0,0,0,0,0,0,0,0,48.0,48.0,17,3,0,11,24,309.7083333333333,102.0,76.0,84.0,87.33333333333333,10,Business / office (weekday commute),0
TEST-03613,Sarbet,2025-11-06 17:00:00,22.1,0.0,65.0,8.6,1,0,0,0.0,0,0,0,0,0,0,0,0,0,0,0,48.0,48.0,17,3,0,11,24,309.7083333333333,46.0,30.0,29.0,35.0,11,"Residential (evening peak, weekend >= weekday)",4
TEST-03839,Arat Kilo,2025-11-06 18:00:00,21.1,0.0,59.0,16.7,1,0,0,0.0,0,0,0,0,0,0,0,0,0,0,0,48.0,48.0,18,3,0,11,24,309.75,66.0,59.0,64.0,63.0,0,Business / office (weekday commute),0
TEST-00819,Ayat,2025-11-06 18:00:00,21.1,0.0,59.0,16.7,1,0,0,0.0,0,0,0,0,0,0,0,0,0,0,0,48.0,48.0,18,3,0,11,24,309.75,32.0,30.0,30.0,30.666666666666668,1,"Residential (evening peak, weekend >= weekday)",4
TEST-02976,Bole,2025-11-06 18:00:00,21.1,0.0,59.0,16.7,1,0,0,0.0,0,0,0,0,0,0,0,0,0,0,0,48.0,19.0,18,3,0,11,24,309.75,41.0,69.0,50.0,53.333333333333336,2,"Leisure / nightlife (late, weekend-heavy)",1
TEST-00050,CMC,2025-11-06 18:00:00,21.1,0.0,59.0,16.7,1,0,0,0.0,0,0,0,0,0,0,0,0,0,0,0,48.0,48.0,18,3,0,11,24,309.75,45.0,44.0,39.0,42.66666666666666,3,"Residential (evening peak, weekend >= weekday)",4
TEST-03813,Gerji,2025-11-06 18:00:00,21.1,0.0,59.0,16.7,1,0,0,0.0,0,0,0,0,0,0,0,0,0,0,0,48.0,48.0,18,3,0,11,24,309.75,44.0,66.0,52.0,54.0,4,"Residential (evening peak, weekend >= weekday)",4
TEST-03563,Kazanchis,2025-11-06 18:00:00,21.1,0.0,59.0,16.7,1,0,0,0.0,0,0,0,0,0,0,0,0,0,0,0,48.0,48.0,18,3,0,11,24,309.75,85.0,108.0,145.0,112.66666666666669,5,Business / office (weekday commute),0
TEST-03450,Kolfe,2025-11-06 18:00:00,21.1,0.0,59.0,16.7,1,0,0,0.0,0,0,0,0,0,0,0,0,0,0,0,48.0,48.0,18,3,0,11,24,309.75,57.0,37.0,38.0,44.0,6,"Residential (evening peak, weekend >= weekday)",4
TEST-01608,Lideta,2025-11-06 18:00:00,21.1,0.0,59.0,16.7,1,0,0,0.0,0,0,0,0,0,0,0,0,0,0,0,48.0,48.0,18,3,0,11,24,309.75,63.0,85.0,78.0,75.33333333333333,7,Mixed hub (commute + busy midday),3
TEST-03381,Megenagna,2025-11-06 18:00:00,21.1,0.0,59.0,16.7,1,0,0,0.0,0,0,0,0,0,0,0,0,0,0,0,48.0,48.0,18,3,0,11,24,309.75,93.0,84.0,94.0,90.33333333333331,8,Mixed hub (commute + busy midday),3
TEST-02403,Merkato,2025-11-06 18:00:00,21.1,0.0,59.0,16.7,1,0,0,0.0,0,0,0,0,0,0,0,0,0,0,0,48.0,48.0,18,3,0,11,24,309.75,37.0,48.0,34.0,39.66666666666666,9,Market (midday peak),2
TEST-03759,Piassa,2025-11-06 18:00:00,21.1,0.0,59.0,16.7,1,0,0,0.0,0,0,0,0,0,0,0,0,0,0,0,48.0,48.0,18,3,0,11,24,309.75,79.0,82.0,99.0,86.66666666666667,10,Business / office (weekday commute),0
TEST-02385,Sarbet,2025-11-06 18:00:00,21.1,0.0,59.0,16.7,1,0,0,0.0,0,0,0,0,0,0,0,0,0,0,0,48.0,48.0,18,3,0,11,24,309.75,31.0,41.0,36.0,36.0,11,"Residential (evening peak, weekend >= weekday)",4
TEST-02082,Arat Kilo,2025-11-06 19:00:00,20.6,0.0,64.0,9.3,1,0,0,0.0,0,0,0,0,0,0,0,0,0,0,0,48.0,48.0,19,3,0,11,24,309.7916666666667,54.0,59.0,38.0,50.333333333333336,0,Business / office (weekday commute),0
TEST-00972,Ayat,2025-11-06 19:00:00,20.6,0.0,64.0,9.3,1,0,0,0.0,0,0,0,0,0,0,0,0,0,0,0,48.0,48.0,19,3,0,11,24,309.7916666666667,36.0,45.0,32.0,37.66666666666666,1,"Residential (evening peak, weekend >= weekday)",4
TEST-01355,Bole,2025-11-06 19:00:00,20.6,0.0,64.0,9.3,1,0,0,0.0,0,0,0,0,0,0,0,0,0,0,0,48.0,20.0,19,3,0,11,24,309.7916666666667,41.0,49.0,63.0,51.0,2,"Leisure / nightlife (late, weekend-heavy)",1
TEST-00258,CMC,2025-11-06 19:00:00,20.6,0.0,64.0,9.3,1,0,0,0.0,0,0,0,0,0,0,0,0,0,0,0,48.0,48.0,19,3,0,11,24,309.7916666666667,41.0,60.0,56.0,52.333333333333336,3,"Residential (evening peak, weekend >= weekday)",4
TEST-02998,Gerji,2025-11-06 19:00:00,20.6,0.0,64.0,9.3,1,0,0,0.0,0,0,0,0,0,0,0,0,0,0,0,48.0,48.0,19,3,0,11,24,309.7916666666667,43.0,42.0,30.0,38.333333333333336,4,"Residential (evening peak, weekend >= weekday)",4
TEST-00686,Kazanchis,2025-11-06 19:00:00,20.6,0.0,64.0,9.3,1,0,0,0.0,0,0,0,0,0,0,0,0,0,0,0,48.0,48.0,19,3,0,11,24,309.7916666666667,77.0,89.0,88.0,84.66666666666667,5,Business / office (weekday commute),0
TEST-00412,Kolfe,2025-11-06 19:00:00,20.6,0.0,64.0,9.3,1,0,0,0.0,0,0,0,0,0,0,0,0,0,0,0,48.0,48.0,19,3,0,11,24,309.7916666666667,32.0,37.0,47.0,38.66666666666666,6,"Residential (evening peak, weekend >= weekday)",4
TEST-01967,Lideta,2025-11-06 19:00:00,20.6,0.0,64.0,9.3,1,0,0,0.0,0,0,0,0,0,0,0,0,0,0,0,48.0,48.0,19,3,0,11,24,309.7916666666667,55.0,55.0,72.0,60.66666666666666,7,Mixed hub (commute + busy midday),3
TEST-00405,Megenagna,2025-11-06 19:00:00,20.6,0.0,64.0,9.3,1,0,0,0.0,0,0,0,0,0,0,0,0,0,0,0,48.0,48.0,19,3,0,11,24,309.7916666666667,76.0,94.0,70.0,80.0,8,Mixed hub (commute + busy midday),3
TEST-01552,Merkato,2025-11-06 19:00:00,20.6,0.0,64.0,9.3,1,0,0,0.0,0,0,0,0,0,0,0,0,0,0,0,48.0,48.0,19,3,0,11,24,309.7916666666667,25.0,21.0,25.0,23.666666666666668,9,Market (midday peak),2
TEST-00918,Piassa,2025-11-06 19:00:00,20.6,0.0,64.0,9.3,1,0,0,0.0,0,0,0,0,0,0,0,0,0,0,0,48.0,48.0,19,3,0,11,24,309.7916666666667,72.0,63.0,61.0,65.33333333333333,10,Business / office (weekday commute),0
TEST-01715,Sarbet,2025-11-06 19:00:00,20.6,0.0,64.0,9.3,1,0,0,0.0,0,0,0,0,0,0,0,0,0,0,0,48.0,48.0,19,3,0,11,24,309.7916666666667,50.0,42.0,46.0,46.0,11,"Residential (evening peak, weekend >= weekday)",4
TEST-02292,Arat Kilo,2025-11-06 20:00:00,19.2,0.0,66.0,14.1,1,0,0,0.0,0,0,0,0,0,0,0,0,0,0,0,48.0,48.0,20,3,0,11,24,309.8333333333333,32.0,31.0,,31.5,0,Business / office (weekday commute),0
TEST-03673,Ayat,2025-11-06 20:00:00,19.2,0.0,66.0,14.1,1,0,0,0.0,0,0,0,0,0,0,0,0,0,0,0,48.0,48.0,20,3,0,11,24,309.8333333333333,31.0,27.0,33.0,30.33333333333333,1,"Residential (evening peak, weekend >= weekday)",4
TEST-02096,Bole,2025-11-06 20:00:00,19.2,0.0,66.0,14.1,1,0,0,0.0,0,0,0,0,0,0,0,0,0,0,0,48.0,21.0,20,3,0,11,24,309.8333333333333,47.0,,52.0,49.5,2,"Leisure / nightlife (late, weekend-heavy)",1
TEST-03097,CMC,2025-11-06 20:00:00,19.2,0.0,66.0,14.1,1,0,0,0.0,0,0,0,0,0,0,0,0,0,0,0,48.0,48.0,20,3,0,11,24,309.8333333333333,41.0,41.0,44.0,42.0,3,"Residential (evening peak, weekend >= weekday)",4
TEST-02459,Gerji,2025-11-06 20:00:00,19.2,0.0,66.0,14.1,1,0,0,0.0,0,0,0,0,0,0,0,0,0,0,0,48.0,48.0,20,3,0,11,24,309.8333333333333,49.0,44.0,40.0,44.333333333333336,4,"Residential (evening peak, weekend >= weekday)",4
TEST-03361,Kazanchis,2025-11-06 20:00:00,19.2,0.0,66.0,14.1,1,0,0,0.0,0,0,0,0,0,0,0,0,0,0,0,48.0,48.0,20,3,0,11,24,309.8333333333333,65.0,55.0,68.0,62.66666666666666,5,Business / office (weekday commute),0
TEST-01382,Kolfe,2025-11-06 20:00:00,19.2,0.0,66.0,14.1,1,0,0,0.0,0,0,0,0,0,0,0,0,0,0,0,48.0,48.0,20,3,0,11,24,309.8333333333333,58.0,39.0,42.0,46.333333333333336,6,"Residential (evening peak, weekend >= weekday)",4
TEST-01619,Lideta,2025-11-06 20:00:00,19.2,0.0,66.0,14.1,1,0,0,0.0,0,0,0,0,0,0,0,0,0,0,0,48.0,48.0,20,3,0,11,24,309.8333333333333,32.0,35.0,30.0,32.333333333333336,7,Mixed hub (commute + busy midday),3
TEST-00866,Megenagna,2025-11-06 20:00:00,19.2,0.0,66.0,14.1,1,0,0,0.0,0,0,0,0,0,0,0,0,0,0,0,48.0,48.0,20,3,0,11,24,309.8333333333333,37.0,49.0,30.0,38.66666666666666,8,Mixed hub (commute + busy midday),3
TEST-00160,Merkato,2025-11-06 20:00:00,19.2,0.0,66.0,14.1,1,0,0,0.0,0,0,0,0,0,0,0,0,0,0,0,48.0,48.0,20,3,0,11,24,309.8333333333333,12.0,13.0,19.0,14.666666666666666,9,Market (midday peak),2
TEST-03253,Piassa,2025-11-06 20:00:00,19.2,0.0,66.0,14.1,1,0,0,0.0,0,0,0,0,0,0,0,0,0,0,0,48.0,48.0,20,3,0,11,24,309.8333333333333,48.0,61.0,70.0,59.66666666666666,10,Business / office (weekday commute),0
TEST-02899,Sarbet,2025-11-06 20:00:00,19.2,0.0,66.0,14.1,1,0,0,0.0,0,0,0,0,0,0,0,0,0,0,0,48.0,48.0,20,3,0,11,24,309.8333333333333,34.0,38.0,45.0,39.0,11,"Residential (evening peak, weekend >= weekday)",4
TEST-01349,Arat Kilo,2025-11-06 21:00:00,15.9,0.0,65.0,7.8,1,0,0,0.0,0,0,0,0,0,0,0,0,0,0,0,48.0,48.0,21,3,0,11,24,309.875,14.0,23.0,18.0,18.33333333333333,0,Business / office (weekday commute),0
TEST-00940,Ayat,2025-11-06 21:00:00,15.9,0.0,65.0,7.8,1,0,0,0.0,0,0,0,0,0,0,0,0,0,0,0,48.0,48.0,21,3,0,11,24,309.875,21.0,19.0,34.0,24.666666666666668,1,"Residential (evening peak, weekend >= weekday)",4
TEST-03489,Bole,2025-11-06 21:00:00,15.9,0.0,65.0,7.8,1,0,0,0.0,0,0,0,0,0,0,0,0,0,0,0,48.0,22.0,21,3,0,11,24,309.875,39.0,46.0,42.0,42.333333333333336,2,"Leisure / nightlife (late, weekend-heavy)",1
TEST-03454,CMC,2025-11-06 21:00:00,15.9,0.0,65.0,7.8,1,0,0,0.0,0,0,0,0,0,0,0,0,0,0,0,48.0,48.0,21,3,0,11,24,309.875,29.0,34.0,31.0,31.33333333333333,3,"Residential (evening peak, weekend >= weekday)",4
TEST-00728,Gerji,2025-11-06 21:00:00,15.9,0.0,65.0,7.8,1,0,0,0.0,0,0,0,0,0,0,0,0,0,0,0,48.0,48.0,21,3,0,11,24,309.875,33.0,35.0,38.0,35.333333333333336,4,"Residential (evening peak, weekend >= weekday)",4
TEST-00545,Kazanchis,2025-11-06 21:00:00,15.9,0.0,65.0,7.8,1,0,0,0.0,0,0,0,0,0,0,0,0,0,0,0,48.0,48.0,21,3,0,11,24,309.875,34.0,37.0,24.0,31.666666666666668,5,Business / office (weekday commute),0
TEST-03773,Kolfe,2025-11-06 21:00:00,15.9,0.0,65.0,7.8,1,0,0,0.0,0,0,0,0,0,0,0,0,0,0,0,48.0,48.0,21,3,0,11,24,309.875,33.0,31.0,24.0,29.33333333333333,6,"Residential (evening peak, weekend >= weekday)",4
TEST-03042,Lideta,2025-11-06 21:00:00,15.9,0.0,65.0,7.8,1,0,0,0.0,0,0,0,0,0,0,0,0,0,0,0,48.0,48.0,21,3,0,11,24,309.875,20.0,26.0,12.0,19.33333333333333,7,Mixed hub (commute + busy midday),3
TEST-01337,Megenagna,2025-11-06 21:00:00,15.9,0.0,65.0,7.8,1,0,0,0.0,0,0,0,0,0,0,0,0,0,0,0,48.0,48.0,21,3,0,11,24,309.875,16.0,21.0,19.0,18.666666666666668,8,Mixed hub (commute + busy midday),3
TEST-03072,Merkato,2025-11-06 21:00:00,15.9,0.0,65.0,7.8,1,0,0,0.0,0,0,0,0,0,0,0,0,0,0,0,48.0,48.0,21,3,0,11,24,309.875,2.0,10.0,9.0,7.0,9,Market (midday peak),2
TEST-03824,Piassa,2025-11-06 21:00:00,15.9,0.0,65.0,7.8,1,0,0,0.0,0,0,0,0,0,0,0,0,0,0,0,48.0,48.0,21,3,0,11,24,309.875,51.0,18.0,30.0,33.0,10,Business / office (weekday commute),0
TEST-01818,Sarbet,2025-11-06 21:00:00,15.9,0.0,65.0,7.8,1,0,0,0.0,0,0,0,0,0,0,0,0,0,0,0,48.0,48.0,21,3,0,11,24,309.875,33.0,28.0,34.0,31.666666666666668,11,"Residential (evening peak, weekend >= weekday)",4
TEST-03920,Arat Kilo,2025-11-06 22:00:00,16.5,0.0,76.0,8.2,1,0,0,0.0,0,0,0,0,0,0,0,0,0,0,0,48.0,48.0,22,3,0,11,24,309.9166666666667,8.0,17.0,9.0,11.333333333333334,0,Business / office (weekday commute),0
TEST-00451,Ayat,2025-11-06 22:00:00,16.5,0.0,76.0,8.2,1,0,0,0.0,0,0,0,0,0,0,0,0,0,0,0,48.0,48.0,22,3,0,11,24,309.9166666666667,22.0,11.0,11.0,14.666666666666666,1,"Residential (evening peak, weekend >= weekday)",4
TEST-00077,Bole,2025-11-06 22:00:00,16.5,0.0,76.0,8.2,1,0,0,0.0,0,0,0,0,0,0,0,0,0,0,0,48.0,23.0,22,3,0,11,24,309.9166666666667,35.0,22.0,30.0,29.0,2,"Leisure / nightlife (late, weekend-heavy)",1
TEST-00921,CMC,2025-11-06 22:00:00,16.5,0.0,76.0,8.2,1,0,0,0.0,0,0,0,0,0,0,0,0,0,0,0,48.0,48.0,22,3,0,11,24,309.9166666666667,18.0,18.0,21.0,19.0,3,"Residential (evening peak, weekend >= weekday)",4
TEST-01987,Gerji,2025-11-06 22:00:00,16.5,0.0,76.0,8.2,1,0,0,0.0,0,0,0,0,0,0,0,0,0,0,0,48.0,48.0,22,3,0,11,24,309.9166666666667,23.0,18.0,39.0,26.666666666666668,4,"Residential (evening peak, weekend >= weekday)",4
TEST-02216,Kazanchis,2025-11-06 22:00:00,16.5,0.0,76.0,8.2,1,0,0,0.0,0,0,0,0,0,0,0,0,0,0,0,48.0,48.0,22,3,0,11,24,309.9166666666667,21.0,15.0,22.0,19.33333333333333,5,Business / office (weekday commute),0
TEST-03594,Kolfe,2025-11-06 22:00:00,16.5,0.0,76.0,8.2,1,0,0,0.0,0,0,0,0,0,0,0,0,0,0,0,48.0,48.0,22,3,0,11,24,309.9166666666667,22.0,20.0,27.0,23.0,6,"Residential (evening peak, weekend >= weekday)",4
TEST-02895,Lideta,2025-11-06 22:00:00,16.5,0.0,76.0,8.2,1,0,0,0.0,0,0,0,0,0,0,0,0,0,0,0,48.0,48.0,22,3,0,11,24,309.9166666666667,8.0,9.0,8.0,8.333333333333334,7,Mixed hub (commute + busy midday),3
TEST-02859,Megenagna,2025-11-06 22:00:00,16.5,0.0,76.0,8.2,1,0,0,0.0,0,0,0,0,0,0,0,0,0,0,0,48.0,48.0,22,3,0,11,24,309.9166666666667,14.0,3.0,11.0,9.333333333333334,8,Mixed hub (commute + busy midday),3
TEST-03422,Merkato,2025-11-06 22:00:00,16.5,0.0,76.0,8.2,1,0,0,0.0,0,0,0,0,0,0,0,0,0,0,0,48.0,48.0,22,3,0,11,24,309.9166666666667,5.0,5.0,5.0,5.0,9,Market (midday peak),2
TEST-02209,Piassa,2025-11-06 22:00:00,16.5,0.0,76.0,8.2,1,0,0,0.0,0,0,0,0,0,0,0,0,0,0,0,48.0,48.0,22,3,0,11,24,309.9166666666667,20.0,20.0,16.0,18.666666666666668,10,Business / office (weekday commute),0
TEST-00103,Sarbet,2025-11-06 22:00:00,16.5,0.0,76.0,8.2,1,0,0,0.0,0,0,0,0,0,0,0,0,0,0,0,48.0,48.0,22,3,0,11,24,309.9166666666667,29.0,22.0,12.0,21.0,11,"Residential (evening peak, weekend >= weekday)",4
TEST-03252,Arat Kilo,2025-11-06 23:00:00,15.8,0.0,76.0,12.3,1,0,0,0.0,0,0,0,0,0,0,0,0,0,0,0,48.0,48.0,23,3,0,11,24,309.9583333333333,5.0,3.0,7.0,5.0,0,Business / office (weekday commute),0
TEST-02152,Ayat,2025-11-06 23:00:00,15.8,0.0,76.0,12.3,1,0,0,0.0,0,0,0,0,0,0,0,0,0,0,0,48.0,48.0,23,3,0,11,24,309.9583333333333,10.0,11.0,6.0,9.0,1,"Residential (evening peak, weekend >= weekday)",4
TEST-03537,Bole,2025-11-06 23:00:00,15.8,0.0,76.0,12.3,1,0,0,0.0,0,0,0,0,0,0,0,0,0,0,0,48.0,24.0,23,3,0,11,24,309.9583333333333,24.0,25.0,27.0,25.33333333333333,2,"Leisure / nightlife (late, weekend-heavy)",1
TEST-02696,CMC,2025-11-06 23:00:00,15.8,0.0,76.0,12.3,1,0,0,0.0,0,0,0,0,0,0,0,0,0,0,0,48.0,48.0,23,3,0,11,24,309.9583333333333,10.0,16.0,11.0,12.333333333333334,3,"Residential (evening peak, weekend >= weekday)",4
TEST-01482,Gerji,2025-11-06 23:00:00,15.8,0.0,76.0,12.3,1,0,0,0.0,0,0,0,0,0,0,0,0,0,0,0,48.0,48.0,23,3,0,11,24,309.9583333333333,11.0,15.0,17.0,14.333333333333334,4,"Residential (evening peak, weekend >= weekday)",4
TEST-00544,Kazanchis,2025-11-06 23:00:00,15.8,0.0,76.0,12.3,1,0,0,0.0,0,0,0,0,0,0,0,0,0,0,0,48.0,48.0,23,3,0,11,24,309.9583333333333,7.0,12.0,6.0,8.333333333333334,5,Business / office (weekday commute),0
TEST-03245,Kolfe,2025-11-06 23:00:00,15.8,0.0,76.0,12.3,1,0,0,0.0,0,0,0,0,0,0,0,0,0,0,0,48.0,48.0,23,3,0,11,24,309.9583333333333,7.0,10.0,17.0,11.333333333333334,6,"Residential (evening peak, weekend >= weekday)",4
TEST-03061,Lideta,2025-11-06 23:00:00,15.8,0.0,76.0,12.3,1,0,0,0.0,0,0,0,0,0,0,0,0,0,0,0,48.0,48.0,23,3,0,11,24,309.9583333333333,5.0,9.0,2.0,5.333333333333333,7,Mixed hub (commute + busy midday),3
TEST-01657,Megenagna,2025-11-06 23:00:00,15.8,0.0,76.0,12.3,1,0,0,0.0,0,0,0,0,0,0,0,0,0,0,0,48.0,48.0,23,3,0,11,24,309.9583333333333,20.0,7.0,5.0,10.666666666666666,8,Mixed hub (commute + busy midday),3
TEST-02731,Merkato,2025-11-06 23:00:00,15.8,0.0,76.0,12.3,1,0,0,0.0,0,0,0,0,0,0,0,0,0,0,0,48.0,48.0,23,3,0,11,24,309.9583333333333,,5.0,4.0,4.5,9,Market (midday peak),2
TEST-01646,Piassa,2025-11-06 23:00:00,15.8,0.0,76.0,12.3,1,0,0,0.0,0,0,0,0,0,0,0,0,0,0,0,48.0,48.0,23,3,0,11,24,309.9583333333333,13.0,7.0,8.0,9.333333333333334,10,Business / office (weekday commute),0
TEST-03753,Sarbet,2025-11-06 23:00:00,15.8,0.0,76.0,12.3,1,0,0,0.0,0,0,0,0,0,0,0,0,0,0,0,48.0,48.0,23,3,0,11,24,309.9583333333333,11.0,10.0,8.0,9.666666666666666,11,"Residential (evening peak, weekend >= weekday)",4
TEST-00369,Arat Kilo,2025-11-07 00:00:00,12.4,0.0,86.0,4.7,1,0,0,0.0,0,0,0,0,0,0,0,0,0,0,0,48.0,48.0,0,4,0,11,23,310.0,5.0,3.0,,4.0,0,Business / office (weekday commute),0
TEST-01157,Ayat,2025-11-07 00:00:00,12.4,0.0,86.0,4.7,1,0,0,0.0,0,0,0,0,0,0,0,0,0,0,0,48.0,48.0,0,4,0,11,23,310.0,,7.0,4.0,5.5,1,"Residential (evening peak, weekend >= weekday)",4
TEST-03851,Bole,2025-11-07 00:00:00,12.4,0.0,86.0,4.7,1,0,0,0.0,0,0,0,0,0,0,0,0,0,0,0,48.0,25.0,0,4,0,11,23,310.0,9.0,25.0,14.0,16.0,2,"Leisure / nightlife (late, weekend-heavy)",1
TEST-02923,CMC,2025-11-07 00:00:00,12.4,0.0,86.0,4.7,1,0,0,0.0,0,0,0,0,0,0,0,0,0,0,0,48.0,48.0,0,4,0,11,23,310.0,5.0,9.0,,7.0,3,"Residential (evening peak, weekend >= weekday)",4
TEST-03228,Gerji,2025-11-07 00:00:00,12.4,0.0,86.0,4.7,1,0,0,0.0,0,0,0,0,0,0,0,0,0,0,0,48.0,48.0,0,4,0,11,23,310.0,9.0,7.0,8.0,8.0,4,"Residential (evening peak, weekend >= weekday)",4
TEST-00421,Kazanchis,2025-11-07 00:00:00,12.4,0.0,86.0,4.7,1,0,0,0.0,0,0,0,0,0,0,0,0,0,0,0,48.0,48.0,0,4,0,11,23,310.0,7.0,8.0,7.0,7.333333333333333,5,Business / office (weekday commute),0
TEST-02102,Kolfe,2025-11-07 00:00:00,12.4,0.0,86.0,4.7,1,0,0,0.0,0,0,0,0,0,0,0,0,0,0,0,48.0,48.0,0,4,0,11,23,310.0,6.0,5.0,5.0,5.333333333333333,6,"Residential (evening peak, weekend >= weekday)",4
TEST-02902,Lideta,2025-11-07 00:00:00,12.4,0.0,86.0,4.7,1,0,0,0.0,0,0,0,0,0,0,0,0,0,0,0,48.0,48.0,0,4,0,11,23,310.0,,8.0,3.0,5.5,7,Mixed hub (commute + busy midday),3
TEST-03637,Megenagna,2025-11-07 00:00:00,12.4,0.0,86.0,4.7,1,0,0,0.0,0,0,0,0,0,0,0,0,0,0,0,48.0,48.0,0,4,0,11,23,310.0,10.0,17.0,10.0,12.333333333333334,8,Mixed hub (commute + busy midday),3
TEST-00809,Merkato,2025-11-07 00:00:00,12.4,0.0,86.0,4.7,1,0,0,0.0,0,0,0,0,0,0,0,0,0,0,0,48.0,48.0,0,4,0,11,23,310.0,7.0,8.0,5.0,6.666666666666667,9,Market (midday peak),2
TEST-00303,Piassa,2025-11-07 00:00:00,12.4,0.0,86.0,4.7,1,0,0,0.0,0,0,0,0,0,0,0,0,0,0,0,48.0,48.0,0,4,0,11,23,310.0,8.0,7.0,4.0,6.333333333333333,10,Business / office (weekday commute),0
TEST-03216,Sarbet,2025-11-07 00:00:00,12.4,0.0,86.0,4.7,1,0,0,0.0,0,0,0,0,0,0,0,0,0,0,0,48.0,48.0,0,4,0,11,23,310.0,3.0,2.0,11.0,5.333333333333333,11,"Residential (evening peak, weekend >= weekday)",4
TEST-00775,Arat Kilo,2025-11-07 01:00:00,11.8,0.0,85.0,11.0,1,0,0,0.0,0,0,0,0,0,0,0,0,0,0,0,48.0,48.0,1,4,0,11,23,310.0416666666667,4.0,2.0,2.0,2.6666666666666665,0,Business / office (weekday commute),0
TEST-00341,Ayat,2025-11-07 01:00:00,11.8,0.0,85.0,11.0,1,0,0,0.0,0,0,0,0,0,0,0,0,0,0,0,48.0,48.0,1,4,0,11,23,310.0416666666667,4.0,6.0,5.0,5.0,1,"Residential (evening peak, weekend >= weekday)",4
TEST-02521,Bole,2025-11-07 01:00:00,11.8,0.0,85.0,11.0,1,0,0,0.0,0,0,0,0,0,0,0,0,0,0,0,48.0,26.0,1,4,0,11,23,310.0416666666667,8.0,19.0,9.0,12.0,2,"Leisure / nightlife (late, weekend-heavy)",1
TEST-03702,CMC,2025-11-07 01:00:00,11.8,0.0,85.0,11.0,1,0,0,0.0,0,0,0,0,0,0,0,0,0,0,0,48.0,48.0,1,4,0,11,23,310.0416666666667,,,4.0,4.0,3,"Residential (evening peak, weekend >= weekday)",4
TEST-01180,Gerji,2025-11-07 01:00:00,11.8,0.0,85.0,11.0,1,0,0,0.0,0,0,0,0,0,0,0,0,0,0,0,48.0,48.0,1,4,0,11,23,310.0416666666667,7.0,4.0,10.0,7.0,4,"Residential (evening peak, weekend >= weekday)",4
TEST-01596,Kazanchis,2025-11-07 01:00:00,11.8,0.0,85.0,11.0,1,0,0,0.0,0,0,0,0,0,0,0,0,0,0,0,48.0,48.0,1,4,0,11,23,310.0416666666667,2.0,10.0,7.0,6.333333333333333,5,Business / office (weekday commute),0
TEST-01428,Kolfe,2025-11-07 01:00:00,11.8,0.0,85.0,11.0,1,0,0,0.0,0,0,0,0,0,0,0,0,0,0,0,48.0,48.0,1,4,0,11,23,310.0416666666667,5.0,5.0,5.0,5.0,6,"Residential (evening peak, weekend >= weekday)",4
TEST-00760,Lideta,2025-11-07 01:00:00,11.8,0.0,85.0,11.0,1,0,0,0.0,0,0,0,0,0,0,0,0,0,0,0,48.0,48.0,1,4,0,11,23,310.0416666666667,7.0,5.0,10.0,7.333333333333333,7,Mixed hub (commute + busy midday),3
TEST-01189,Megenagna,2025-11-07 01:00:00,11.8,0.0,85.0,11.0,1,0,0,0.0,0,0,0,0,0,0,0,0,0,0,0,48.0,48.0,1,4,0,11,23,310.0416666666667,19.0,13.0,10.0,14.0,8,Mixed hub (commute + busy midday),3
TEST-00622,Merkato,2025-11-07 01:00:00,11.8,0.0,85.0,11.0,1,0,0,0.0,0,0,0,0,0,0,0,0,0,0,0,48.0,48.0,1,4,0,11,23,310.0416666666667,4.0,4.0,6.0,4.666666666666667,9,Market (midday peak),2
TEST-03185,Piassa,2025-11-07 01:00:00,11.8,0.0,85.0,11.0,1,0,0,0.0,0,0,0,0,0,0,0,0,0,0,0,48.0,48.0,1,4,0,11,23,310.0416666666667,5.0,6.0,7.0,6.0,10,Business / office (weekday commute),0
TEST-01023,Sarbet,2025-11-07 01:00:00,11.8,0.0,85.0,11.0,1,0,0,0.0,0,0,0,0,0,0,0,0,0,0,0,48.0,48.0,1,4,0,11,23,310.0416666666667,6.0,4.0,4.0,4.666666666666667,11,"Residential (evening peak, weekend >= weekday)",4
TEST-02961,Arat Kilo,2025-11-07 02:00:00,11.9,0.0,92.0,6.4,1,0,0,0.0,0,0,0,0,0,0,0,0,0,0,0,48.0,48.0,2,4,0,11,23,310.0833333333333,3.0,2.0,4.0,3.0,0,Business / office (weekday commute),0
TEST-03938,Ayat,2025-11-07 02:00:00,11.9,0.0,92.0,6.4,1,0,0,0.0,0,0,0,0,0,0,0,0,0,0,0,48.0,48.0,2,4,0,11,23,310.0833333333333,3.0,5.0,4.0,4.0,1,"Residential (evening peak, weekend >= weekday)",4
TEST-01178,Bole,2025-11-07 02:00:00,11.9,0.0,92.0,6.4,1,0,0,0.0,0,0,0,0,0,0,0,0,0,0,0,48.0,27.0,2,4,0,11,23,310.0833333333333,8.0,6.0,14.0,9.333333333333334,2,"Leisure / nightlife (late, weekend-heavy)",1
TEST-00113,CMC,2025-11-07 02:00:00,11.9,0.0,92.0,6.4,1,0,0,0.0,0,0,0,0,0,0,0,0,0,0,0,48.0,48.0,2,4,0,11,23,310.0833333333333,2.0,8.0,7.0,5.666666666666667,3,"Residential (evening peak, weekend >= weekday)",4
TEST-00368,Gerji,2025-11-07 02:00:00,11.9,0.0,92.0,6.4,1,0,0,0.0,0,0,0,0,0,0,0,0,0,0,0,48.0,48.0,2,4,0,11,23,310.0833333333333,4.0,2.0,3.0,3.0,4,"Residential (evening peak, weekend >= weekday)",4
TEST-02312,Kazanchis,2025-11-07 02:00:00,11.9,0.0,92.0,6.4,1,0,0,0.0,0,0,0,0,0,0,0,0,0,0,0,48.0,48.0,2,4,0,11,23,310.0833333333333,4.0,2.0,5.0,3.6666666666666665,5,Business / office (weekday commute),0
TEST-00242,Kolfe,2025-11-07 02:00:00,11.9,0.0,92.0,6.4,1,0,0,0.0,0,0,0,0,0,0,0,0,0,0,0,48.0,48.0,2,4,0,11,23,310.0833333333333,3.0,5.0,3.0,3.6666666666666665,6,"Residential (evening peak, weekend >= weekday)",4
TEST-03058,Lideta,2025-11-07 02:00:00,11.9,0.0,92.0,6.4,1,0,0,0.0,0,0,0,0,0,0,0,0,0,0,0,48.0,48.0,2,4,0,11,23,310.0833333333333,8.0,4.0,7.0,6.333333333333333,7,Mixed hub (commute + busy midday),3
TEST-01755,Megenagna,2025-11-07 02:00:00,11.9,0.0,92.0,6.4,1,0,0,0.0,0,0,0,0,0,0,0,0,0,0,0,48.0,48.0,2,4,0,11,23,310.0833333333333,3.0,9.0,3.0,5.0,8,Mixed hub (commute + busy midday),3
TEST-00262,Merkato,2025-11-07 02:00:00,11.9,0.0,92.0,6.4,1,0,0,0.0,0,0,0,0,0,0,0,0,0,0,0,48.0,48.0,2,4,0,11,23,310.0833333333333,4.0,2.0,5.0,3.6666666666666665,9,Market (midday peak),2
TEST-01070,Piassa,2025-11-07 02:00:00,11.9,0.0,92.0,6.4,1,0,0,0.0,0,0,0,0,0,0,0,0,0,0,0,48.0,48.0,2,4,0,11,23,310.0833333333333,5.0,5.0,7.0,5.666666666666667,10,Business / office (weekday commute),0
TEST-03808,Sarbet,2025-11-07 02:00:00,11.9,0.0,92.0,6.4,1,0,0,0.0,0,0,0,0,0,0,0,0,0,0,0,48.0,48.0,2,4,0,11,23,310.0833333333333,6.0,2.0,5.0,4.333333333333333,11,"Residential (evening peak, weekend >= weekday)",4
TEST-01237,Arat Kilo,2025-11-07 03:00:00,10.7,0.0,87.0,11.2,1,0,0,0.0,0,0,0,0,0,0,0,0,0,0,0,48.0,48.0,3,4,0,11,23,310.125,3.0,2.0,5.0,3.333333333333333,0,Business / office (weekday commute),0
TEST-01896,Ayat,2025-11-07 03:00:00,10.7,0.0,87.0,11.2,1,0,0,0.0,0,0,0,0,0,0,0,0,0,0,0,48.0,48.0,3,4,0,11,23,310.125,2.0,2.0,3.0,2.333333333333333,1,"Residential (evening peak, weekend >= weekday)",4
TEST-01699,Bole,2025-11-07 03:00:00,10.7,0.0,87.0,11.2,1,0,0,0.0,0,0,0,0,0,0,0,0,0,0,0,48.0,28.0,3,4,0,11,23,310.125,19.0,15.0,12.0,15.333333333333334,2,"Leisure / nightlife (late, weekend-heavy)",1
TEST-02793,CMC,2025-11-07 03:00:00,10.7,0.0,87.0,11.2,1,0,0,0.0,0,0,0,0,0,0,0,0,0,0,0,48.0,48.0,3,4,0,11,23,310.125,3.0,3.0,8.0,4.666666666666667,3,"Residential (evening peak, weekend >= weekday)",4
TEST-03544,Gerji,2025-11-07 03:00:00,10.7,0.0,87.0,11.2,1,0,0,0.0,0,0,0,0,0,0,0,0,0,0,0,48.0,48.0,3,4,0,11,23,310.125,5.0,4.0,4.0,4.333333333333333,4,"Residential (evening peak, weekend >= weekday)",4
TEST-02352,Kazanchis,2025-11-07 03:00:00,10.7,0.0,87.0,11.2,1,0,0,0.0,0,0,0,0,0,0,0,0,0,0,0,48.0,48.0,3,4,0,11,23,310.125,5.0,7.0,2.0,4.666666666666667,5,Business / office (weekday commute),0
TEST-03109,Kolfe,2025-11-07 03:00:00,10.7,0.0,87.0,11.2,1,0,0,0.0,0,0,0,0,0,0,0,0,0,0,0,48.0,48.0,3,4,0,11,23,310.125,4.0,7.0,3.0,4.666666666666667,6,"Residential (evening peak, weekend >= weekday)",4
TEST-00346,Lideta,2025-11-07 03:00:00,10.7,0.0,87.0,11.2,1,0,0,0.0,0,0,0,0,0,0,0,0,0,0,0,48.0,48.0,3,4,0,11,23,310.125,7.0,10.0,4.0,7.0,7,Mixed hub (commute + busy midday),3
TEST-01367,Megenagna,2025-11-07 03:00:00,10.7,0.0,87.0,11.2,1,0,0,0.0,0,0,0,0,0,0,0,0,0,0,0,48.0,48.0,3,4,0,11,23,310.125,7.0,10.0,12.0,9.666666666666666,8,Mixed hub (commute + busy midday),3
TEST-01240,Merkato,2025-11-07 03:00:00,10.7,0.0,87.0,11.2,1,0,0,0.0,0,0,0,0,0,0,0,0,0,0,0,48.0,48.0,3,4,0,11,23,310.125,8.0,8.0,3.0,6.333333333333333,9,Market (midday peak),2
TEST-03787,Piassa,2025-11-07 03:00:00,10.7,0.0,87.0,11.2,1,0,0,0.0,0,0,0,0,0,0,0,0,0,0,0,48.0,48.0,3,4,0,11,23,310.125,2.0,5.0,1.0,2.6666666666666665,10,Business / office (weekday commute),0
TEST-02772,Sarbet,2025-11-07 03:00:00,10.7,0.0,87.0,11.2,1,0,0,0.0,0,0,0,0,0,0,0,0,0,0,0,48.0,48.0,3,4,0,11,23,310.125,5.0,5.0,8.0,6.0,11,"Residential (evening peak, weekend >= weekday)",4
TEST-00363,Arat Kilo,2025-11-07 04:00:00,10.1,0.0,84.0,6.8,1,0,0,0.0,0,0,0,0,0,0,0,0,0,0,0,48.0,48.0,4,4,0,11,23,310.1666666666667,2.0,3.0,5.0,3.333333333333333,0,Business / office (weekday commute),0
TEST-03186,Ayat,2025-11-07 04:00:00,10.1,0.0,84.0,6.8,1,0,0,0.0,0,0,0,0,0,0,0,0,0,0,0,48.0,48.0,4,4,0,11,23,310.1666666666667,5.0,9.0,9.0,7.666666666666667,1,"Residential (evening peak, weekend >= weekday)",4
TEST-02865,Bole,2025-11-07 04:00:00,10.1,0.0,84.0,6.8,1,0,0,0.0,0,0,0,0,0,0,0,0,0,0,0,48.0,29.0,4,4,0,11,23,310.1666666666667,36.0,23.0,31.0,30.0,2,"Leisure / nightlife (late, weekend-heavy)",1
TEST-00245,CMC,2025-11-07 04:00:00,10.1,0.0,84.0,6.8,1,0,0,0.0,0,0,0,0,0,0,0,0,0,0,0,48.0,48.0,4,4,0,11,23,310.1666666666667,6.0,9.0,7.0,7.333333333333333,3,"Residential (evening peak, weekend >= weekday)",4
TEST-01822,Gerji,2025-11-07 04:00:00,10.1,0.0,84.0,6.8,1,0,0,0.0,0,0,0,0,0,0,0,0,0,0,0,48.0,48.0,4,4,0,11,23,310.1666666666667,6.0,5.0,9.0,6.666666666666667,4,"Residential (evening peak, weekend >= weekday)",4
TEST-01008,Kazanchis,2025-11-07 04:00:00,10.1,0.0,84.0,6.8,1,0,0,0.0,0,0,0,0,0,0,0,0,0,0,0,48.0,48.0,4,4,0,11,23,310.1666666666667,3.0,4.0,5.0,4.0,5,Business / office (weekday commute),0
TEST-00382,Kolfe,2025-11-07 04:00:00,10.1,0.0,84.0,6.8,1,0,0,0.0,0,0,0,0,0,0,0,0,0,0,0,48.0,48.0,4,4,0,11,23,310.1666666666667,6.0,9.0,5.0,6.666666666666667,6,"Residential (evening peak, weekend >= weekday)",4
TEST-00636,Lideta,2025-11-07 04:00:00,10.1,0.0,84.0,6.8,1,0,0,0.0,0,0,0,0,0,0,0,0,0,0,0,48.0,48.0,4,4,0,11,23,310.1666666666667,7.0,,3.0,5.0,7,Mixed hub (commute + busy midday),3
TEST-00280,Megenagna,2025-11-07 04:00:00,10.1,0.0,84.0,6.8,1,0,0,0.0,0,0,0,0,0,0,0,0,0,0,0,48.0,48.0,4,4,0,11,23,310.1666666666667,13.0,14.0,14.0,13.666666666666666,8,Mixed hub (commute + busy midday),3
TEST-03402,Merkato,2025-11-07 04:00:00,10.1,0.0,84.0,6.8,1,0,0,0.0,0,0,0,0,0,0,0,0,0,0,0,48.0,48.0,4,4,0,11,23,310.1666666666667,5.0,7.0,14.0,8.666666666666666,9,Market (midday peak),2
TEST-00483,Piassa,2025-11-07 04:00:00,10.1,0.0,84.0,6.8,1,0,0,0.0,0,0,0,0,0,0,0,0,0,0,0,48.0,48.0,4,4,0,11,23,310.1666666666667,5.0,6.0,4.0,5.0,10,Business / office (weekday commute),0
TEST-02144,Sarbet,2025-11-07 04:00:00,10.1,0.0,84.0,6.8,1,0,0,0.0,0,0,0,0,0,0,0,0,0,0,0,48.0,48.0,4,4,0,11,23,310.1666666666667,13.0,10.0,7.0,10.0,11,"Residential (evening peak, weekend >= weekday)",4
TEST-00324,Arat Kilo,2025-11-07 05:00:00,13.5,0.0,77.0,13.1,1,0,0,0.0,0,0,0,0,0,0,0,0,0,0,0,48.0,48.0,5,4,0,11,23,310.2083333333333,6.0,2.0,6.0,4.666666666666667,0,Business / office (weekday commute),0
TEST-02635,Ayat,2025-11-07 05:00:00,13.5,0.0,77.0,13.1,1,0,0,0.0,0,0,0,0,0,0,0,0,0,0,0,48.0,48.0,5,4,0,11,23,310.2083333333333,21.0,14.0,20.0,18.33333333333333,1,"Residential (evening peak, weekend >= weekday)",4
TEST-01685,Bole,2025-11-07 05:00:00,13.5,0.0,77.0,13.1,1,0,0,0.0,0,0,0,0,0,0,0,0,0,0,0,48.0,30.0,5,4,0,11,23,310.2083333333333,57.0,65.0,58.0,60.0,2,"Leisure / nightlife (late, weekend-heavy)",1
TEST-00470,CMC,2025-11-07 05:00:00,13.5,0.0,77.0,13.1,1,0,0,0.0,0,0,0,0,0,0,0,0,0,0,0,48.0,48.0,5,4,0,11,23,310.2083333333333,28.0,18.0,27.0,24.33333333333333,3,"Residential (evening peak, weekend >= weekday)",4
TEST-02348,Gerji,2025-11-07 05:00:00,13.5,0.0,77.0,13.1,1,0,0,0.0,0,0,0,0,0,0,0,0,0,0,0,48.0,48.0,5,4,0,11,23,310.2083333333333,25.0,17.0,14.0,18.666666666666668,4,"Residential (evening peak, weekend >= weekday)",4
TEST-03968,Kazanchis,2025-11-07 05:00:00,13.5,0.0,77.0,13.1,1,0,0,0.0,0,0,0,0,0,0,0,0,0,0,0,48.0,48.0,5,4,0,11,23,310.2083333333333,8.0,8.0,4.0,6.666666666666667,5,Business / office (weekday commute),0
TEST-02468,Kolfe,2025-11-07 05:00:00,13.5,0.0,77.0,13.1,1,0,0,0.0,0,0,0,0,0,0,0,0,0,0,0,48.0,48.0,5,4,0,11,23,310.2083333333333,17.0,13.0,16.0,15.333333333333334,6,"Residential (evening peak, weekend >= weekday)",4
TEST-01326,Lideta,2025-11-07 05:00:00,13.5,0.0,77.0,13.1,1,0,0,0.0,0,0,0,0,0,0,0,0,0,0,0,48.0,48.0,5,4,0,11,23,310.2083333333333,18.0,12.0,15.0,15.0,7,Mixed hub (commute + busy midday),3
TEST-00275,Megenagna,2025-11-07 05:00:00,13.5,0.0,77.0,13.1,1,0,0,0.0,0,0,0,0,0,0,0,0,0,0,0,48.0,48.0,5,4,0,11,23,310.2083333333333,23.0,22.0,23.0,22.666666666666668,8,Mixed hub (commute + busy midday),3
TEST-02171,Merkato,2025-11-07 05:00:00,13.5,0.0,77.0,13.1,1,0,0,0.0,0,0,0,0,0,0,0,0,0,0,0,48.0,48.0,5,4,0,11,23,310.2083333333333,27.0,19.0,12.0,19.33333333333333,9,Market (midday peak),2
TEST-02210,Piassa,2025-11-07 05:00:00,13.5,0.0,77.0,13.1,1,0,0,0.0,0,0,0,0,0,0,0,0,0,0,0,48.0,48.0,5,4,0,11,23,310.2083333333333,8.0,4.0,5.0,5.666666666666667,10,Business / office (weekday commute),0
TEST-03373,Sarbet,2025-11-07 05:00:00,13.5,0.0,77.0,13.1,1,0,0,0.0,0,0,0,0,0,0,0,0,0,0,0,48.0,48.0,5,4,0,11,23,310.2083333333333,20.0,23.0,26.0,23.0,11,"Residential (evening peak, weekend >= weekday)",4
TEST-01907,Arat Kilo,2025-11-07 06:00:00,14.0,0.0,75.0,8.5,1,0,0,0.0,0,0,0,0,0,0,0,0,0,0,0,48.0,48.0,6,4,0,11,23,310.25,19.0,18.0,19.0,18.666666666666668,0,Business / office (weekday commute),0
TEST-01547,Ayat,2025-11-07 06:00:00,14.0,0.0,75.0,8.5,1,0,0,0.0,0,0,0,0,0,0,0,0,0,0,0,48.0,48.0,6,4,0,11,23,310.25,35.0,34.0,34.0,34.333333333333336,1,"Residential (evening peak, weekend >= weekday)",4
TEST-02433,Bole,2025-11-07 06:00:00,14.0,0.0,75.0,8.5,1,0,0,0.0,0,0,0,0,0,0,0,0,0,0,0,48.0,31.0,6,4,0,11,23,310.25,61.0,57.0,70.0,62.66666666666666,2,"Leisure / nightlife (late, weekend-heavy)",1
TEST-01394,CMC,2025-11-07 06:00:00,14.0,0.0,75.0,8.5,1,0,0,0.0,0,0,0,0,0,0,0,0,0,0,0,48.0,48.0,6,4,0,11,23,310.25,57.0,52.0,46.0,51.66666666666666,3,"Residential (evening peak, weekend >= weekday)",4
TEST-02305,Gerji,2025-11-07 06:00:00,14.0,0.0,75.0,8.5,1,0,0,0.0,0,0,0,0,0,0,0,0,0,0,0,48.0,48.0,6,4,0,11,23,310.25,43.0,44.0,48.0,45.0,4,"Residential (evening peak, weekend >= weekday)",4
TEST-00624,Kazanchis,2025-11-07 06:00:00,14.0,0.0,75.0,8.5,1,0,0,0.0,0,0,0,0,0,0,0,0,0,0,0,48.0,48.0,6,4,0,11,23,310.25,27.0,16.0,32.0,25.0,5,Business / office (weekday commute),0
TEST-01736,Kolfe,2025-11-07 06:00:00,14.0,0.0,75.0,8.5,1,0,0,0.0,0,0,0,0,0,0,0,0,0,0,0,48.0,48.0,6,4,0,11,23,310.25,45.0,32.0,46.0,41.0,6,"Residential (evening peak, weekend >= weekday)",4
TEST-01783,Lideta,2025-11-07 06:00:00,14.0,0.0,75.0,8.5,1,0,0,0.0,0,0,0,0,0,0,0,0,0,0,0,48.0,48.0,6,4,0,11,23,310.25,31.0,43.0,30.0,34.666666666666664,7,Mixed hub (commute + busy midday),3
TEST-02282,Megenagna,2025-11-07 06:00:00,14.0,0.0,75.0,8.5,1,0,0,0.0,0,0,0,0,0,0,0,0,0,0,0,48.0,48.0,6,4,0,11,23,310.25,59.0,45.0,56.0,53.333333333333336,8,Mixed hub (commute + busy midday),3
TEST-02956,Merkato,2025-11-07 06:00:00,14.0,0.0,75.0,8.5,1,0,0,0.0,0,0,0,0,0,0,0,0,0,0,0,48.0,48.0,6,4,0,11,23,310.25,64.0,51.0,76.0,63.66666666666666,9,Market (midday peak),2
TEST-03997,Piassa,2025-11-07 06:00:00,14.0,0.0,75.0,8.5,1,0,0,0.0,0,0,0,0,0,0,0,0,0,0,0,48.0,48.0,6,4,0,11,23,310.25,27.0,21.0,26.0,24.666666666666668,10,Business / office (weekday commute),0
TEST-00365,Sarbet,2025-11-07 06:00:00,14.0,0.0,75.0,8.5,1,0,0,0.0,0,0,0,0,0,0,0,0,0,0,0,48.0,48.0,6,4,0,11,23,310.25,45.0,37.0,55.0,45.66666666666666,11,"Residential (evening peak, weekend >= weekday)",4
TEST-00715,Arat Kilo,2025-11-07 07:00:00,13.9,0.0,87.0,13.4,1,0,0,0.0,0,0,0,0,0,0,0,0,0,0,0,48.0,48.0,7,4,0,11,23,310.2916666666667,43.0,42.0,48.0,44.333333333333336,0,Business / office (weekday commute),0
TEST-00220,Ayat,2025-11-07 07:00:00,13.9,0.0,87.0,13.4,1,0,0,0.0,0,0,0,0,0,0,0,0,0,0,0,48.0,48.0,7,4,0,11,23,310.2916666666667,38.0,55.0,43.0,45.333333333333336,1,"Residential (evening peak, weekend >= weekday)",4
TEST-02488,Bole,2025-11-07 07:00:00,13.9,0.0,87.0,13.4,1,0,0,0.0,0,0,0,0,0,0,0,0,0,0,0,48.0,32.0,7,4,0,11,23,310.2916666666667,80.0,83.0,66.0,76.33333333333333,2,"Leisure / nightlife (late, weekend-heavy)",1
TEST-02946,CMC,2025-11-07 07:00:00,13.9,0.0,87.0,13.4,1,0,0,0.0,0,0,0,0,0,0,0,0,0,0,0,48.0,48.0,7,4,0,11,23,310.2916666666667,69.0,57.0,73.0,66.33333333333333,3,"Residential (evening peak, weekend >= weekday)",4
TEST-03032,Gerji,2025-11-07 07:00:00,13.9,0.0,87.0,13.4,1,0,0,0.0,0,0,0,0,0,0,0,0,0,0,0,48.0,48.0,7,4,0,11,23,310.2916666666667,69.0,45.0,67.0,60.333333333333336,4,"Residential (evening peak, weekend >= weekday)",4
TEST-02992,Kazanchis,2025-11-07 07:00:00,13.9,0.0,87.0,13.4,1,0,0,0.0,0,0,0,0,0,0,0,0,0,0,0,47.0,48.0,7,4,0,11,23,310.2916666666667,70.0,65.0,70.0,68.33333333333333,5,Business / office (weekday commute),0
TEST-01828,Kolfe,2025-11-07 07:00:00,13.9,0.0,87.0,13.4,1,0,0,0.0,0,0,0,0,0,0,0,0,0,0,0,48.0,48.0,7,4,0,11,23,310.2916666666667,67.0,70.0,,68.5,6,"Residential (evening peak, weekend >= weekday)",4
TEST-01419,Lideta,2025-11-07 07:00:00,13.9,0.0,87.0,13.4,1,0,0,0.0,0,0,0,0,0,0,0,0,0,0,0,48.0,48.0,7,4,0,11,23,310.2916666666667,86.0,65.0,48.0,66.33333333333333,7,Mixed hub (commute + busy midday),3
TEST-00802,Megenagna,2025-11-07 07:00:00,13.9,0.0,87.0,13.4,1,0,0,0.0,0,0,0,0,0,0,0,0,0,0,0,48.0,48.0,7,4,0,11,23,310.2916666666667,79.0,86.0,74.0,79.66666666666667,8,Mixed hub (commute + busy midday),3
TEST-02429,Merkato,2025-11-07 07:00:00,13.9,0.0,87.0,13.4,1,0,0,0.0,0,0,0,0,0,0,0,0,0,0,0,48.0,48.0,7,4,0,11,23,310.2916666666667,111.0,103.0,83.0,99.0,9,Market (midday peak),2
TEST-00184,Piassa,2025-11-07 07:00:00,13.9,0.0,87.0,13.4,1,0,0,0.0,0,0,0,0,0,0,0,0,0,0,0,48.0,48.0,7,4,0,11,23,310.2916666666667,60.0,,49.0,54.5,10,Business / office (weekday commute),0
TEST-00946,Sarbet,2025-11-07 07:00:00,13.9,0.0,87.0,13.4,1,0,0,0.0,0,0,0,0,0,0,0,0,0,0,0,48.0,48.0,7,4,0,11,23,310.2916666666667,65.0,60.0,,62.5,11,"Residential (evening peak, weekend >= weekday)",4
TEST-02688,Arat Kilo,2025-11-07 08:00:00,15.3,1.2,74.0,12.2,1,0,0,1.1999999999999982,2,0,0,0,0,0,0,0,0,0,0,48.0,48.0,8,4,0,11,23,310.3333333333333,50.0,44.0,63.0,52.333333333333336,0,Business / office (weekday commute),0
TEST-00182,Ayat,2025-11-07 08:00:00,15.3,1.2,74.0,12.2,1,0,0,1.1999999999999982,2,0,0,0,0,0,0,0,0,0,0,48.0,48.0,8,4,0,11,23,310.3333333333333,40.0,44.0,47.0,43.66666666666666,1,"Residential (evening peak, weekend >= weekday)",4
TEST-03084,Bole,2025-11-07 08:00:00,15.3,1.2,74.0,12.2,1,0,0,1.1999999999999982,2,0,0,0,0,0,0,0,0,0,0,48.0,33.0,8,4,0,11,23,310.3333333333333,53.0,66.0,55.0,58.0,2,"Leisure / nightlife (late, weekend-heavy)",1
TEST-03367,CMC,2025-11-07 08:00:00,15.3,1.2,74.0,12.2,1,0,0,1.1999999999999982,2,0,0,0,0,0,0,0,0,0,0,48.0,48.0,8,4,0,11,23,310.3333333333333,38.0,62.0,73.0,57.66666666666666,3,"Residential (evening peak, weekend >= weekday)",4
TEST-02014,Gerji,2025-11-07 08:00:00,15.3,1.2,74.0,12.2,1,0,0,1.1999999999999982,2,0,0,0,0,0,0,0,0,0,0,48.0,48.0,8,4,0,11,23,310.3333333333333,49.0,38.0,52.0,46.333333333333336,4,"Residential (evening peak, weekend >= weekday)",4
TEST-02006,Kazanchis,2025-11-07 08:00:00,15.3,1.2,74.0,12.2,1,0,0,1.1999999999999982,2,0,0,0,0,0,0,0,0,0,0,46.0,48.0,8,4,0,11,23,310.3333333333333,83.0,80.0,65.0,76.0,5,Business / office (weekday commute),0
TEST-03463,Kolfe,2025-11-07 08:00:00,15.3,1.2,74.0,12.2,1,0,0,1.1999999999999982,2,0,0,0,0,0,0,0,0,0,0,48.0,48.0,8,4,0,11,23,310.3333333333333,42.0,57.0,46.0,48.333333333333336,6,"Residential (evening peak, weekend >= weekday)",4
TEST-01218,Lideta,2025-11-07 08:00:00,15.3,1.2,74.0,12.2,1,0,0,1.1999999999999982,2,0,0,0,0,0,0,0,0,0,0,48.0,48.0,8,4,0,11,23,310.3333333333333,54.0,80.0,74.0,69.33333333333333,7,Mixed hub (commute + busy midday),3
TEST-01446,Megenagna,2025-11-07 08:00:00,15.3,1.2,74.0,12.2,1,0,0,1.1999999999999982,2,0,0,0,0,0,0,0,0,0,0,48.0,48.0,8,4,0,11,23,310.3333333333333,94.0,60.0,84.0,79.33333333333333,8,Mixed hub (commute + busy midday),3
TEST-00023,Merkato,2025-11-07 08:00:00,15.3,1.2,74.0,12.2,1,0,0,1.1999999999999982,2,0,0,0,0,0,0,0,0,0,0,48.0,48.0,8,4,0,11,23,310.3333333333333,79.0,69.0,84.0,77.33333333333333,9,Market (midday peak),2
TEST-01749,Piassa,2025-11-07 08:00:00,15.3,1.2,74.0,12.2,1,0,0,1.1999999999999982,2,0,0,0,0,0,0,0,0,0,0,48.0,48.0,8,4,0,11,23,310.3333333333333,74.0,94.0,77.0,81.66666666666667,10,Business / office (weekday commute),0
TEST-03767,Sarbet,2025-11-07 08:00:00,15.3,1.2,74.0,12.2,1,0,0,1.1999999999999982,2,0,0,0,0,0,0,0,0,0,0,48.0,48.0,8,4,0,11,23,310.3333333333333,46.0,53.0,58.0,52.333333333333336,11,"Residential (evening peak, weekend >= weekday)",4
TEST-01681,Arat Kilo,2025-11-07 09:00:00,19.4,0.0,66.5,8.5,1,0,1,1.1999999999999982,0,0,0,0,0,0,0,0,0,0,0,48.0,48.0,9,4,0,11,23,310.375,43.0,37.0,42.0,40.66666666666666,0,Business / office (weekday commute),0
TEST-02115,Ayat,2025-11-07 09:00:00,19.4,0.0,66.5,8.5,1,0,1,1.1999999999999982,0,0,0,0,0,0,0,0,0,0,0,48.0,48.0,9,4,0,11,23,310.375,17.0,22.0,29.0,22.666666666666668,1,"Residential (evening peak, weekend >= weekday)",4
TEST-00473,Bole,2025-11-07 09:00:00,19.4,0.0,66.5,8.5,1,0,1,1.1999999999999982,0,0,0,0,0,0,0,0,0,0,0,48.0,34.0,9,4,0,11,23,310.375,38.0,51.0,61.0,50.0,2,"Leisure / nightlife (late, weekend-heavy)",1
TEST-01738,CMC,2025-11-07 09:00:00,19.4,0.0,66.5,8.5,1,0,1,1.1999999999999982,0,0,0,0,0,0,0,0,0,0,0,48.0,48.0,9,4,0,11,23,310.375,20.0,29.0,28.0,25.666666666666668,3,"Residential (evening peak, weekend >= weekday)",4
TEST-01504,Gerji,2025-11-07 09:00:00,19.4,0.0,66.5,8.5,1,0,1,1.1999999999999982,0,0,0,0,0,0,0,0,0,0,0,48.0,48.0,9,4,0,11,23,310.375,24.0,24.0,32.0,26.666666666666668,4,"Residential (evening peak, weekend >= weekday)",4
TEST-01437,Kazanchis,2025-11-07 09:00:00,19.4,0.0,66.5,8.5,1,0,1,1.1999999999999982,0,0,0,0,0,0,0,0,0,0,0,45.0,48.0,9,4,0,11,23,310.375,45.0,59.0,64.0,56.0,5,Business / office (weekday commute),0
TEST-03447,Kolfe,2025-11-07 09:00:00,19.4,0.0,66.5,8.5,1,0,1,1.1999999999999982,0,0,0,0,0,0,0,0,0,0,0,48.0,48.0,9,4,0,11,23,310.375,22.0,27.0,29.0,26.0,6,"Residential (evening peak, weekend >= weekday)",4
TEST-03160,Lideta,2025-11-07 09:00:00,19.4,0.0,66.5,8.5,1,0,1,1.1999999999999982,0,0,0,0,0,0,0,0,0,0,0,48.0,48.0,9,4,0,11,23,310.375,44.0,51.0,28.0,41.0,7,Mixed hub (commute + busy midday),3
TEST-01132,Megenagna,2025-11-07 09:00:00,19.4,0.0,66.5,8.5,1,0,1,1.1999999999999982,0,0,0,0,0,0,0,0,0,0,0,48.0,48.0,9,4,0,11,23,310.375,56.0,68.0,62.0,62.0,8,Mixed hub (commute + busy midday),3
TEST-03915,Merkato,2025-11-07 09:00:00,19.4,0.0,66.5,8.5,1,0,1,1.1999999999999982,0,0,0,0,0,0,0,0,0,0,0,48.0,48.0,9,4,0,11,23,310.375,90.0,79.0,60.0,76.33333333333333,9,Market (midday peak),2
TEST-03571,Piassa,2025-11-07 09:00:00,19.4,0.0,66.5,8.5,1,0,1,1.1999999999999982,0,0,0,0,0,0,0,0,0,0,0,48.0,48.0,9,4,0,11,23,310.375,43.0,49.0,53.0,48.333333333333336,10,Business / office (weekday commute),0
TEST-03678,Sarbet,2025-11-07 09:00:00,19.4,0.0,66.5,8.5,1,0,1,1.1999999999999982,0,0,0,0,0,0,0,0,0,0,0,48.0,48.0,9,4,0,11,23,310.375,27.0,28.0,29.0,28.0,11,"Residential (evening peak, weekend >= weekday)",4
TEST-02897,Arat Kilo,2025-11-07 10:00:00,19.4,0.0,59.0,4.9,1,0,0,1.1999999999999982,0,0,0,0,0,0,0,0,0,0,0,48.0,48.0,10,4,0,11,23,310.4166666666667,21.0,22.0,18.0,20.33333333333333,0,Business / office (weekday commute),0
TEST-02999,Ayat,2025-11-07 10:00:00,19.4,0.0,59.0,4.9,1,0,0,1.1999999999999982,0,0,0,0,0,0,0,0,0,0,0,48.0,48.0,10,4,0,11,23,310.4166666666667,20.0,22.0,16.0,19.33333333333333,1,"Residential (evening peak, weekend >= weekday)",4
TEST-03284,Bole,2025-11-07 10:00:00,19.4,0.0,59.0,4.9,1,0,0,1.1999999999999982,0,0,0,0,0,0,0,0,0,0,0,48.0,35.0,10,4,0,11,23,310.4166666666667,37.0,45.0,51.0,44.333333333333336,2,"Leisure / nightlife (late, weekend-heavy)",1
TEST-02678,CMC,2025-11-07 10:00:00,19.4,0.0,59.0,4.9,1,0,0,1.1999999999999982,0,0,0,0,0,0,0,0,0,0,0,48.0,48.0,10,4,0,11,23,310.4166666666667,28.0,10.0,15.0,17.666666666666668,3,"Residential (evening peak, weekend >= weekday)",4
TEST-02302,Gerji,2025-11-07 10:00:00,19.4,0.0,59.0,4.9,1,0,0,1.1999999999999982,0,0,0,0,0,0,0,0,0,0,0,48.0,48.0,10,4,0,11,23,310.4166666666667,27.0,17.0,17.0,20.33333333333333,4,"Residential (evening peak, weekend >= weekday)",4
TEST-01634,Kazanchis,2025-11-07 10:00:00,19.4,0.0,59.0,4.9,1,0,0,1.1999999999999982,0,0,0,0,0,0,0,0,0,0,0,44.0,48.0,10,4,0,11,23,310.4166666666667,31.0,30.0,21.0,27.33333333333333,5,Business / office (weekday commute),0
TEST-02207,Kolfe,2025-11-07 10:00:00,19.4,0.0,59.0,4.9,1,0,0,1.1999999999999982,0,0,0,0,0,0,0,0,0,0,0,48.0,48.0,10,4,0,11,23,310.4166666666667,25.0,20.0,21.0,22.0,6,"Residential (evening peak, weekend >= weekday)",4
TEST-03152,Lideta,2025-11-07 10:00:00,19.4,0.0,59.0,4.9,1,0,0,1.1999999999999982,0,0,0,0,0,0,0,0,0,0,0,48.0,48.0,10,4,0,11,23,310.4166666666667,49.0,29.0,39.0,39.0,7,Mixed hub (commute + busy midday),3
TEST-02369,Megenagna,2025-11-07 10:00:00,19.4,0.0,59.0,4.9,1,0,0,1.1999999999999982,0,0,0,0,0,0,0,0,0,0,0,48.0,48.0,10,4,0,11,23,310.4166666666667,48.0,44.0,38.0,43.333333333333336,8,Mixed hub (commute + busy midday),3
TEST-01279,Merkato,2025-11-07 10:00:00,19.4,0.0,59.0,4.9,1,0,0,1.1999999999999982,0,0,0,0,0,0,0,0,0,0,0,48.0,48.0,10,4,0,11,23,310.4166666666667,73.0,111.0,97.0,93.66666666666669,9,Market (midday peak),2
TEST-00261,Piassa,2025-11-07 10:00:00,19.4,0.0,59.0,4.9,1,0,0,1.1999999999999982,0,0,0,0,0,0,0,0,0,0,0,48.0,48.0,10,4,0,11,23,310.4166666666667,29.0,19.0,35.0,27.666666666666668,10,Business / office (weekday commute),0
TEST-04010,Sarbet,2025-11-07 10:00:00,19.4,0.0,59.0,4.9,1,0,0,1.1999999999999982,0,0,0,0,0,0,0,0,0,0,0,48.0,48.0,10,4,0,11,23,310.4166666666667,22.0,14.0,26.0,20.666666666666668,11,"Residential (evening peak, weekend >= weekday)",4
TEST-03888,Arat Kilo,2025-11-07 11:00:00,20.3,0.0,71.0,9.9,1,0,0,0.0,0,0,0,0,0,0,0,0,0,0,0,48.0,48.0,11,4,0,11,23,310.4583333333333,19.0,23.0,22.0,21.33333333333333,0,Business / office (weekday commute),0
TEST-03335,Ayat,2025-11-07 11:00:00,20.3,0.0,71.0,9.9,1,0,0,0.0,0,0,0,0,0,0,0,0,0,0,0,48.0,48.0,11,4,0,11,23,310.4583333333333,27.0,20.0,11.0,19.33333333333333,1,"Residential (evening peak, weekend >= weekday)",4
TEST-00097,Bole,2025-11-07 11:00:00,20.3,0.0,71.0,9.9,1,0,0,0.0,0,0,0,0,0,0,0,0,0,0,0,48.0,36.0,11,4,0,11,23,310.4583333333333,32.0,29.0,31.0,30.666666666666668,2,"Leisure / nightlife (late, weekend-heavy)",1
TEST-01857,CMC,2025-11-07 11:00:00,20.3,0.0,71.0,9.9,1,0,0,0.0,0,0,0,0,0,0,0,0,0,0,0,48.0,48.0,11,4,0,11,23,310.4583333333333,23.0,19.0,21.0,21.0,3,"Residential (evening peak, weekend >= weekday)",4
TEST-03436,Gerji,2025-11-07 11:00:00,20.3,0.0,71.0,9.9,1,0,0,0.0,0,0,0,0,0,0,0,0,0,0,0,48.0,48.0,11,4,0,11,23,310.4583333333333,15.0,9.0,23.0,15.666666666666666,4,"Residential (evening peak, weekend >= weekday)",4
TEST-02332,Kazanchis,2025-11-07 11:00:00,20.3,0.0,71.0,9.9,1,0,0,0.0,0,0,0,0,0,0,0,0,0,0,0,43.0,48.0,11,4,0,11,23,310.4583333333333,31.0,20.0,25.0,25.33333333333333,5,Business / office (weekday commute),0
TEST-01597,Kolfe,2025-11-07 11:00:00,20.3,0.0,71.0,9.9,1,0,0,0.0,0,0,0,0,0,0,0,0,0,0,0,48.0,48.0,11,4,0,11,23,310.4583333333333,19.0,20.0,17.0,18.666666666666668,6,"Residential (evening peak, weekend >= weekday)",4
TEST-02539,Lideta,2025-11-07 11:00:00,20.3,0.0,71.0,9.9,1,0,0,0.0,0,0,0,0,0,0,0,0,0,0,0,48.0,48.0,11,4,0,11,23,310.4583333333333,36.0,,33.0,34.5,7,Mixed hub (commute + busy midday),3
TEST-01203,Megenagna,2025-11-07 11:00:00,20.3,0.0,71.0,9.9,1,0,0,0.0,0,0,0,0,0,0,0,0,0,0,0,48.0,48.0,11,4,0,11,23,310.4583333333333,64.0,54.0,,59.0,8,Mixed hub (commute + busy midday),3
TEST-03355,Merkato,2025-11-07 11:00:00,20.3,0.0,71.0,9.9,1,0,0,0.0,0,0,0,0,0,0,0,0,0,0,0,48.0,48.0,11,4,0,11,23,310.4583333333333,75.0,106.0,141.0,107.33333333333331,9,Market (midday peak),2
TEST-02624,Piassa,2025-11-07 11:00:00,20.3,0.0,71.0,9.9,1,0,0,0.0,0,0,0,0,0,0,0,0,0,0,0,48.0,48.0,11,4,0,11,23,310.4583333333333,14.0,19.0,21.0,18.0,10,Business / office (weekday commute),0
TEST-02755,Sarbet,2025-11-07 11:00:00,20.3,0.0,71.0,9.9,1,0,0,0.0,0,0,0,0,0,0,0,0,0,0,0,48.0,48.0,11,4,0,11,23,310.4583333333333,17.0,19.0,26.0,20.666666666666668,11,"Residential (evening peak, weekend >= weekday)",4
TEST-02762,Arat Kilo,2025-11-07 12:00:00,21.5,0.0,57.0,11.8,1,0,0,0.0,0,0,0,0,0,0,0,0,0,0,0,48.0,48.0,12,4,0,11,23,310.5,31.0,39.0,21.0,30.33333333333333,0,Business / office (weekday commute),0
TEST-00743,Ayat,2025-11-07 12:00:00,21.5,0.0,57.0,11.8,1,0,0,0.0,0,0,0,0,0,0,0,0,0,0,0,48.0,48.0,12,4,0,11,23,310.5,7.0,15.0,15.0,12.333333333333334,1,"Residential (evening peak, weekend >= weekday)",4
TEST-01821,Bole,2025-11-07 12:00:00,21.5,0.0,57.0,11.8,1,0,0,0.0,0,0,0,0,0,0,0,0,0,0,0,48.0,37.0,12,4,0,11,23,310.5,,46.0,39.0,42.5,2,"Leisure / nightlife (late, weekend-heavy)",1
TEST-01801,CMC,2025-11-07 12:00:00,21.5,0.0,57.0,11.8,1,0,0,0.0,0,0,0,0,0,0,0,0,0,0,0,48.0,48.0,12,4,0,11,23,310.5,29.0,13.0,30.0,24.0,3,"Residential (evening peak, weekend >= weekday)",4
TEST-01140,Gerji,2025-11-07 12:00:00,21.5,0.0,57.0,11.8,1,0,0,0.0,0,0,0,0,0,0,0,0,0,0,0,48.0,48.0,12,4,0,11,23,310.5,13.0,13.0,17.0,14.333333333333334,4,"Residential (evening peak, weekend >= weekday)",4
TEST-02192,Kazanchis,2025-11-07 12:00:00,21.5,0.0,57.0,11.8,1,0,0,0.0,0,0,0,0,0,0,0,0,0,0,0,42.0,48.0,12,4,0,11,23,310.5,58.0,49.0,37.0,48.0,5,Business / office (weekday commute),0
TEST-03764,Kolfe,2025-11-07 12:00:00,21.5,0.0,57.0,11.8,1,0,0,0.0,0,0,0,0,0,0,0,0,0,0,0,48.0,48.0,12,4,0,11,23,310.5,27.0,16.0,28.0,23.666666666666668,6,"Residential (evening peak, weekend >= weekday)",4
TEST-00752,Lideta,2025-11-07 12:00:00,21.5,0.0,57.0,11.8,1,0,0,0.0,0,0,0,0,0,0,0,0,0,0,0,48.0,48.0,12,4,0,11,23,310.5,36.0,29.0,37.0,34.0,7,Mixed hub (commute + busy midday),3
TEST-02844,Megenagna,2025-11-07 12:00:00,21.5,0.0,57.0,11.8,1,0,0,0.0,0,0,0,0,0,0,0,0,0,0,0,48.0,48.0,12,4,0,11,23,310.5,48.0,54.0,44.0,48.66666666666666,8,Mixed hub (commute + busy midday),3
TEST-02814,Merkato,2025-11-07 12:00:00,21.5,0.0,57.0,11.8,1,0,0,0.0,0,0,0,0,0,0,0,0,0,0,0,48.0,48.0,12,4,0,11,23,310.5,85.0,105.0,118.0,102.66666666666669,9,Market (midday peak),2
TEST-01555,Piassa,2025-11-07 12:00:00,21.5,0.0,57.0,11.8,1,0,0,0.0,0,0,0,0,0,0,0,0,0,0,0,48.0,48.0,12,4,0,11,23,310.5,40.0,32.0,26.0,32.666666666666664,10,Business / office (weekday commute),0
TEST-02590,Sarbet,2025-11-07 12:00:00,21.5,0.0,57.0,11.8,1,0,0,0.0,0,0,0,0,0,0,0,0,0,0,0,48.0,48.0,12,4,0,11,23,310.5,19.0,26.0,24.0,23.0,11,"Residential (evening peak, weekend >= weekday)",4
TEST-01100,Arat Kilo,2025-11-07 13:00:00,23.1,0.0,50.0,18.1,1,0,0,0.0,0,0,0,0,0,0,0,0,0,0,0,48.0,48.0,13,4,0,11,23,310.5416666666667,48.0,42.0,43.0,44.333333333333336,0,Business / office (weekday commute),0
TEST-02026,Ayat,2025-11-07 13:00:00,23.1,0.0,50.0,18.1,1,0,0,0.0,0,0,0,0,0,0,0,0,0,0,0,48.0,48.0,13,4,0,11,23,310.5416666666667,16.0,9.0,23.0,16.0,1,"Residential (evening peak, weekend >= weekday)",4
TEST-00720,Bole,2025-11-07 13:00:00,23.1,0.0,50.0,18.1,1,0,0,0.0,0,0,0,0,0,0,0,0,0,0,0,48.0,38.0,13,4,0,11,23,310.5416666666667,39.0,52.0,37.0,42.66666666666666,2,"Leisure / nightlife (late, weekend-heavy)",1
TEST-02835,CMC,2025-11-07 13:00:00,23.1,0.0,50.0,18.1,1,0,0,0.0,0,0,0,0,0,0,0,0,0,0,0,48.0,48.0,13,4,0,11,23,310.5416666666667,25.0,19.0,26.0,23.33333333333333,3,"Residential (evening peak, weekend >= weekday)",4
TEST-03126,Gerji,2025-11-07 13:00:00,23.1,0.0,50.0,18.1,1,0,0,0.0,0,0,0,0,0,0,0,0,0,0,0,48.0,48.0,13,4,0,11,23,310.5416666666667,,13.0,20.0,16.5,4,"Residential (evening peak, weekend >= weekday)",4
TEST-01700,Kazanchis,2025-11-07 13:00:00,23.1,0.0,50.0,18.1,1,0,0,0.0,0,0,0,0,0,0,0,0,0,0,0,41.0,48.0,13,4,0,11,23,310.5416666666667,64.0,44.0,54.0,54.0,5,Business / office (weekday commute),0
TEST-00022,Kolfe,2025-11-07 13:00:00,23.1,0.0,50.0,18.1,1,0,0,0.0,0,0,0,0,0,0,0,0,0,0,0,48.0,48.0,13,4,0,11,23,310.5416666666667,23.0,12.0,30.0,21.666666666666668,6,"Residential (evening peak, weekend >= weekday)",4
TEST-00013,Lideta,2025-11-07 13:00:00,23.1,0.0,50.0,18.1,1,0,0,0.0,0,0,0,0,0,0,0,0,0,0,0,48.0,48.0,13,4,0,11,23,310.5416666666667,28.0,46.0,40.0,38.0,7,Mixed hub (commute + busy midday),3
TEST-01165,Megenagna,2025-11-07 13:00:00,23.1,0.0,50.0,18.1,1,0,0,0.0,0,0,0,0,0,0,0,0,0,0,0,48.0,48.0,13,4,0,11,23,310.5416666666667,60.0,56.0,55.0,57.0,8,Mixed hub (commute + busy midday),3
TEST-04015,Merkato,2025-11-07 13:00:00,23.1,0.0,50.0,18.1,1,0,0,0.0,0,0,0,0,0,0,0,0,0,0,0,48.0,48.0,13,4,0,11,23,310.5416666666667,105.0,120.0,101.0,108.66666666666669,9,Market (midday peak),2
TEST-02514,Piassa,2025-11-07 13:00:00,23.1,0.0,50.0,18.1,1,0,0,0.0,0,0,0,0,0,0,0,0,0,0,0,48.0,48.0,13,4,0,11,23,310.5416666666667,66.0,57.0,56.0,59.66666666666666,10,Business / office (weekday commute),0
TEST-03879,Sarbet,2025-11-07 13:00:00,23.1,0.0,50.0,18.1,1,0,0,0.0,0,0,0,0,0,0,0,0,0,0,0,48.0,48.0,13,4,0,11,23,310.5416666666667,23.0,23.0,22.0,22.666666666666668,11,"Residential (evening peak, weekend >= weekday)",4
TEST-01891,Arat Kilo,2025-11-07 14:00:00,23.2,0.0,44.0,13.3,1,0,0,0.0,0,0,0,0,0,0,0,0,0,0,0,48.0,48.0,14,4,0,11,23,310.5833333333333,35.0,34.0,29.0,32.666666666666664,0,Business / office (weekday commute),0
TEST-02842,Ayat,2025-11-07 14:00:00,23.2,0.0,44.0,13.3,1,0,0,0.0,0,0,0,0,0,0,0,0,0,0,0,48.0,48.0,14,4,0,11,23,310.5833333333333,21.0,15.0,13.0,16.333333333333332,1,"Residential (evening peak, weekend >= weekday)",4
TEST-03441,Bole,2025-11-07 14:00:00,23.2,0.0,44.0,13.3,1,0,0,0.0,0,0,0,0,0,0,0,0,0,0,0,48.0,39.0,14,4,0,11,23,310.5833333333333,,41.0,52.0,46.5,2,"Leisure / nightlife (late, weekend-heavy)",1
TEST-00136,CMC,2025-11-07 14:00:00,23.2,0.0,44.0,13.3,1,0,0,0.0,0,0,0,0,0,0,0,0,0,0,0,48.0,48.0,14,4,0,11,23,310.5833333333333,18.0,11.0,16.0,15.0,3,"Residential (evening peak, weekend >= weekday)",4
TEST-02575,Gerji,2025-11-07 14:00:00,23.2,0.0,44.0,13.3,1,0,0,0.0,0,0,0,0,0,0,0,0,0,0,0,48.0,48.0,14,4,0,11,23,310.5833333333333,9.0,16.0,15.0,13.333333333333334,4,"Residential (evening peak, weekend >= weekday)",4
TEST-01247,Kazanchis,2025-11-07 14:00:00,23.2,0.0,44.0,13.3,1,0,0,0.0,0,0,0,0,0,0,0,0,0,0,0,40.0,48.0,14,4,0,11,23,310.5833333333333,48.0,37.0,43.0,42.66666666666666,5,Business / office (weekday commute),0
TEST-01323,Kolfe,2025-11-07 14:00:00,23.2,0.0,44.0,13.3,1,0,0,0.0,0,0,0,0,0,0,0,0,0,0,0,48.0,48.0,14,4,0,11,23,310.5833333333333,19.0,15.0,13.0,15.666666666666666,6,"Residential (evening peak, weekend >= weekday)",4
TEST-00390,Lideta,2025-11-07 14:00:00,23.2,0.0,44.0,13.3,1,0,0,0.0,0,0,0,0,0,0,0,0,0,0,0,48.0,48.0,14,4,0,11,23,310.5833333333333,37.0,32.0,41.0,36.66666666666666,7,Mixed hub (commute + busy midday),3
TEST-01436,Megenagna,2025-11-07 14:00:00,23.2,0.0,44.0,13.3,1,0,0,0.0,0,0,0,0,0,0,0,0,0,0,0,48.0,48.0,14,4,0,11,23,310.5833333333333,24.0,64.0,48.0,45.333333333333336,8,Mixed hub (commute + busy midday),3
TEST-01845,Merkato,2025-11-07 14:00:00,23.2,0.0,44.0,13.3,1,0,0,0.0,0,0,0,0,0,0,0,0,0,0,0,48.0,48.0,14,4,0,11,23,310.5833333333333,,107.0,112.0,109.5,9,Market (midday peak),2
TEST-00797,Piassa,2025-11-07 14:00:00,23.2,0.0,44.0,13.3,1,0,0,0.0,0,0,0,0,0,0,0,0,0,0,0,48.0,48.0,14,4,0,11,23,310.5833333333333,56.0,48.0,52.0,52.0,10,Business / office (weekday commute),0
TEST-01161,Sarbet,2025-11-07 14:00:00,23.2,0.0,44.0,13.3,1,0,0,0.0,0,0,0,0,0,0,0,0,0,0,0,48.0,48.0,14,4,0,11,23,310.5833333333333,22.0,23.0,19.0,21.33333333333333,11,"Residential (evening peak, weekend >= weekday)",4
TEST-00569,Arat Kilo,2025-11-07 15:00:00,24.9,0.0,58.0,7.4,1,0,0,0.0,0,0,0,0,0,0,0,0,0,0,0,48.0,48.0,15,4,0,11,23,310.625,30.0,43.0,27.0,33.333333333333336,0,Business / office (weekday commute),0
TEST-01539,Ayat,2025-11-07 15:00:00,24.9,0.0,58.0,7.4,1,0,0,0.0,0,0,0,0,0,0,0,0,0,0,0,48.0,48.0,15,4,0,11,23,310.625,21.0,8.0,13.0,14.0,1,"Residential (evening peak, weekend >= weekday)",4
TEST-00726,Bole,2025-11-07 15:00:00,24.9,0.0,58.0,7.4,1,0,0,0.0,0,0,0,0,0,0,0,0,0,0,0,48.0,40.0,15,4,0,11,23,310.625,37.0,34.0,,35.5,2,"Leisure / nightlife (late, weekend-heavy)",1
TEST-00053,CMC,2025-11-07 15:00:00,24.9,0.0,58.0,7.4,1,0,0,0.0,0,0,0,0,0,0,0,0,0,0,0,48.0,48.0,15,4,0,11,23,310.625,26.0,16.0,26.0,22.666666666666668,3,"Residential (evening peak, weekend >= weekday)",4
TEST-02684,Gerji,2025-11-07 15:00:00,24.9,0.0,58.0,7.4,1,0,0,0.0,0,0,0,0,0,0,0,0,0,0,0,48.0,48.0,15,4,0,11,23,310.625,14.0,10.0,27.0,17.0,4,"Residential (evening peak, weekend >= weekday)",4
TEST-03464,Kazanchis,2025-11-07 15:00:00,24.9,0.0,58.0,7.4,1,0,0,0.0,0,0,0,0,0,0,0,0,0,0,0,39.0,48.0,15,4,0,11,23,310.625,51.0,36.0,55.0,47.333333333333336,5,Business / office (weekday commute),0
TEST-01866,Kolfe,2025-11-07 15:00:00,24.9,0.0,58.0,7.4,1,0,0,0.0,0,0,0,0,0,0,0,0,0,0,0,48.0,48.0,15,4,0,11,23,310.625,20.0,16.0,,18.0,6,"Residential (evening peak, weekend >= weekday)",4
TEST-01679,Lideta,2025-11-07 15:00:00,24.9,0.0,58.0,7.4,1,0,0,0.0,0,0,0,0,0,0,0,0,0,0,0,48.0,48.0,15,4,0,11,23,310.625,47.0,28.0,33.0,36.0,7,Mixed hub (commute + busy midday),3
TEST-03328,Megenagna,2025-11-07 15:00:00,24.9,0.0,58.0,7.4,1,0,0,0.0,0,0,0,0,0,0,0,0,0,0,0,48.0,48.0,15,4,0,11,23,310.625,24.0,66.0,54.0,48.0,8,Mixed hub (commute + busy midday),3
TEST-02233,Merkato,2025-11-07 15:00:00,24.9,0.0,58.0,7.4,1,0,0,0.0,0,0,0,0,0,0,0,0,0,0,0,48.0,48.0,15,4,0,11,23,310.625,93.0,,102.0,97.5,9,Market (midday peak),2
TEST-02405,Piassa,2025-11-07 15:00:00,24.9,0.0,58.0,7.4,1,0,0,0.0,0,0,0,0,0,0,0,0,0,0,0,48.0,48.0,15,4,0,11,23,310.625,58.0,48.0,52.0,52.66666666666666,10,Business / office (weekday commute),0
TEST-00018,Sarbet,2025-11-07 15:00:00,24.9,0.0,58.0,7.4,1,0,0,0.0,0,0,0,0,0,0,0,0,0,0,0,48.0,48.0,15,4,0,11,23,310.625,19.0,15.0,12.0,15.333333333333334,11,"Residential (evening peak, weekend >= weekday)",4
TEST-03125,Arat Kilo,2025-11-07 16:00:00,25.7,0.0,52.0,11.2,1,0,0,0.0,0,0,0,0,0,0,0,0,0,0,0,48.0,48.0,16,4,0,11,23,310.6666666666667,37.0,38.0,50.0,41.66666666666666,0,Business / office (weekday commute),0
TEST-00095,Ayat,2025-11-07 16:00:00,25.7,0.0,52.0,11.2,1,0,0,0.0,0,0,0,0,0,0,0,0,0,0,0,48.0,48.0,16,4,0,11,23,310.6666666666667,10.0,17.0,12.0,13.0,1,"Residential (evening peak, weekend >= weekday)",4
TEST-01992,Bole,2025-11-07 16:00:00,25.7,0.0,52.0,11.2,1,0,0,0.0,0,0,0,0,0,0,0,0,0,0,0,48.0,41.0,16,4,0,11,23,310.6666666666667,30.0,31.0,34.0,31.666666666666668,2,"Leisure / nightlife (late, weekend-heavy)",1
TEST-00789,CMC,2025-11-07 16:00:00,25.7,0.0,52.0,11.2,1,0,0,0.0,0,0,0,0,0,0,0,0,0,0,0,48.0,48.0,16,4,0,11,23,310.6666666666667,30.0,,25.0,27.5,3,"Residential (evening peak, weekend >= weekday)",4
TEST-00033,Gerji,2025-11-07 16:00:00,25.7,0.0,52.0,11.2,1,0,0,0.0,0,0,0,0,0,0,0,0,0,0,0,48.0,48.0,16,4,0,11,23,310.6666666666667,30.0,16.0,31.0,25.666666666666668,4,"Residential (evening peak, weekend >= weekday)",4
TEST-02777,Kazanchis,2025-11-07 16:00:00,25.7,0.0,52.0,11.2,1,0,0,0.0,0,0,0,0,0,0,0,0,0,0,0,38.0,48.0,16,4,0,11,23,310.6666666666667,71.0,62.0,94.0,75.66666666666667,5,Business / office (weekday commute),0
TEST-03115,Kolfe,2025-11-07 16:00:00,25.7,0.0,52.0,11.2,1,0,0,0.0,0,0,0,0,0,0,0,0,0,0,0,48.0,48.0,16,4,0,11,23,310.6666666666667,24.0,23.0,15.0,20.666666666666668,6,"Residential (evening peak, weekend >= weekday)",4
TEST-00958,Lideta,2025-11-07 16:00:00,25.7,0.0,52.0,11.2,1,0,0,0.0,0,0,0,0,0,0,0,0,0,0,0,48.0,48.0,16,4,0,11,23,310.6666666666667,67.0,54.0,,60.5,7,Mixed hub (commute + busy midday),3
TEST-00445,Megenagna,2025-11-07 16:00:00,25.7,0.0,52.0,11.2,1,0,0,0.0,0,0,0,0,0,0,0,0,0,0,0,48.0,48.0,16,4,0,11,23,310.6666666666667,58.0,50.0,49.0,52.333333333333336,8,Mixed hub (commute + busy midday),3
TEST-01567,Merkato,2025-11-07 16:00:00,25.7,0.0,52.0,11.2,1,0,0,0.0,0,0,0,0,0,0,0,0,0,0,0,48.0,48.0,16,4,0,11,23,310.6666666666667,92.0,81.0,82.0,85.0,9,Market (midday peak),2
TEST-03429,Piassa,2025-11-07 16:00:00,25.7,0.0,52.0,11.2,1,0,0,0.0,0,0,0,0,0,0,0,0,0,0,0,48.0,48.0,16,4,0,11,23,310.6666666666667,75.0,67.0,48.0,63.333333333333336,10,Business / office (weekday commute),0
TEST-01839,Sarbet,2025-11-07 16:00:00,25.7,0.0,52.0,11.2,1,0,0,0.0,0,0,0,0,0,0,0,0,0,0,0,48.0,48.0,16,4,0,11,23,310.6666666666667,23.0,23.0,31.0,25.666666666666668,11,"Residential (evening peak, weekend >= weekday)",4
TEST-00354,Arat Kilo,2025-11-07 17:00:00,23.4,0.0,64.0,14.9,1,0,0,0.0,0,0,0,0,0,0,0,0,0,0,0,48.0,48.0,17,4,0,11,23,310.7083333333333,59.0,63.0,74.0,65.33333333333333,0,Business / office (weekday commute),0
TEST-01275,Ayat,2025-11-07 17:00:00,23.4,0.0,64.0,14.9,1,0,0,0.0,0,0,0,0,0,0,0,0,0,0,0,48.0,48.0,17,4,0,11,23,310.7083333333333,24.0,19.0,37.0,26.666666666666668,1,"Residential (evening peak, weekend >= weekday)",4
TEST-03891,Bole,2025-11-07 17:00:00,23.4,0.0,64.0,14.9,1,0,0,0.0,0,0,0,0,0,0,0,0,0,0,0,48.0,42.0,17,4,0,11,23,310.7083333333333,52.0,49.0,25.0,42.0,2,"Leisure / nightlife (late, weekend-heavy)",1
TEST-02107,CMC,2025-11-07 17:00:00,23.4,0.0,64.0,14.9,1,0,0,0.0,0,0,0,0,0,0,0,0,0,0,0,48.0,48.0,17,4,0,11,23,310.7083333333333,45.0,31.0,44.0,40.0,3,"Residential (evening peak, weekend >= weekday)",4
TEST-02158,Gerji,2025-11-07 17:00:00,23.4,0.0,64.0,14.9,1,0,0,0.0,0,0,0,0,0,0,0,0,0,0,0,48.0,48.0,17,4,0,11,23,310.7083333333333,36.0,24.0,32.0,30.666666666666668,4,"Residential (evening peak, weekend >= weekday)",4
TEST-02784,Kazanchis,2025-11-07 17:00:00,23.4,0.0,64.0,14.9,1,0,0,0.0,0,0,0,0,0,0,0,0,0,0,0,37.0,48.0,17,4,0,11,23,310.7083333333333,94.0,96.0,106.0,98.66666666666669,5,Business / office (weekday commute),0
TEST-00073,Kolfe,2025-11-07 17:00:00,23.4,0.0,64.0,14.9,1,0,0,0.0,0,0,0,0,0,0,0,0,0,0,0,48.0,48.0,17,4,0,11,23,310.7083333333333,43.0,30.0,42.0,38.333333333333336,6,"Residential (evening peak, weekend >= weekday)",4
TEST-00513,Lideta,2025-11-07 17:00:00,23.4,0.0,64.0,14.9,1,0,0,0.0,0,0,0,0,0,0,0,0,0,0,0,48.0,48.0,17,4,0,11,23,310.7083333333333,106.0,83.0,65.0,84.66666666666667,7,Mixed hub (commute + busy midday),3
TEST-01142,Megenagna,2025-11-07 17:00:00,23.4,0.0,64.0,14.9,1,0,0,0.0,0,0,0,0,0,0,0,0,0,0,0,48.0,48.0,17,4,0,11,23,310.7083333333333,98.0,109.0,102.0,103.0,8,Mixed hub (commute + busy midday),3
TEST-03799,Merkato,2025-11-07 17:00:00,23.4,0.0,64.0,14.9,1,0,0,0.0,0,0,0,0,0,0,0,0,0,0,0,48.0,48.0,17,4,0,11,23,310.7083333333333,65.0,59.0,67.0,63.66666666666666,9,Market (midday peak),2
TEST-02042,Piassa,2025-11-07 17:00:00,23.4,0.0,64.0,14.9,1,0,0,0.0,0,0,0,0,0,0,0,0,0,0,0,48.0,48.0,17,4,0,11,23,310.7083333333333,100.0,97.0,62.0,86.33333333333333,10,Business / office (weekday commute),0
TEST-02511,Sarbet,2025-11-07 17:00:00,23.4,0.0,64.0,14.9,1,0,0,0.0,0,0,0,0,0,0,0,0,0,0,0,48.0,48.0,17,4,0,11,23,310.7083333333333,39.0,23.0,41.0,34.333333333333336,11,"Residential (evening peak, weekend >= weekday)",4
TEST-02476,Arat Kilo,2025-11-07 18:00:00,22.1,0.0,65.0,13.0,1,0,0,0.0,0,0,0,0,0,0,0,0,0,0,0,48.0,48.0,18,4,0,11,23,310.75,64.0,80.0,65.0,69.66666666666667,0,Business / office (weekday commute),0
TEST-00038,Ayat,2025-11-07 18:00:00,22.1,0.0,65.0,13.0,1,0,0,0.0,0,0,0,0,0,0,0,0,0,0,0,48.0,48.0,18,4,0,11,23,310.75,54.0,42.0,21.0,39.0,1,"Residential (evening peak, weekend >= weekday)",4
TEST-00971,Bole,2025-11-07 18:00:00,22.1,0.0,65.0,13.0,1,0,0,0.0,0,0,0,0,0,0,0,0,0,0,0,48.0,43.0,18,4,0,11,23,310.75,37.0,52.0,58.0,49.0,2,"Leisure / nightlife (late, weekend-heavy)",1
TEST-01216,CMC,2025-11-07 18:00:00,22.1,0.0,65.0,13.0,1,0,0,0.0,0,0,0,0,0,0,0,0,0,0,0,48.0,48.0,18,4,0,11,23,310.75,51.0,58.0,60.0,56.333333333333336,3,"Residential (evening peak, weekend >= weekday)",4
TEST-02081,Gerji,2025-11-07 18:00:00,22.1,0.0,65.0,13.0,1,0,0,0.0,0,0,0,0,0,0,0,0,0,0,0,48.0,48.0,18,4,0,11,23,310.75,61.0,31.0,57.0,49.66666666666666,4,"Residential (evening peak, weekend >= weekday)",4
TEST-00323,Kazanchis,2025-11-07 18:00:00,22.1,0.0,65.0,13.0,1,0,0,0.0,0,0,0,0,0,0,0,0,0,0,0,36.0,48.0,18,4,0,11,23,310.75,114.0,133.0,133.0,126.66666666666669,5,Business / office (weekday commute),0
TEST-01886,Kolfe,2025-11-07 18:00:00,22.1,0.0,65.0,13.0,1,0,0,0.0,0,0,0,0,0,0,0,0,0,0,0,48.0,48.0,18,4,0,11,23,310.75,40.0,51.0,46.0,45.66666666666666,6,"Residential (evening peak, weekend >= weekday)",4
TEST-02374,Lideta,2025-11-07 18:00:00,22.1,0.0,65.0,13.0,1,0,0,0.0,0,0,0,0,0,0,0,0,0,0,0,48.0,48.0,18,4,0,11,23,310.75,90.0,91.0,83.0,88.0,7,Mixed hub (commute + busy midday),3
TEST-03122,Megenagna,2025-11-07 18:00:00,22.1,0.0,65.0,13.0,1,0,0,0.0,0,0,0,0,0,0,0,0,0,0,0,48.0,48.0,18,4,0,11,23,310.75,120.0,107.0,104.0,110.33333333333331,8,Mixed hub (commute + busy midday),3
TEST-02156,Merkato,2025-11-07 18:00:00,22.1,0.0,65.0,13.0,1,0,0,0.0,0,0,0,0,0,0,0,0,0,0,0,48.0,48.0,18,4,0,11,23,310.75,51.0,39.0,41.0,43.66666666666666,9,Market (midday peak),2
TEST-02291,Piassa,2025-11-07 18:00:00,22.1,0.0,65.0,13.0,1,0,0,0.0,0,0,0,0,0,0,0,0,0,0,0,48.0,48.0,18,4,0,11,23,310.75,116.0,92.0,104.0,104.0,10,Business / office (weekday commute),0
TEST-01983,Sarbet,2025-11-07 18:00:00,22.1,0.0,65.0,13.0,1,0,0,0.0,0,0,0,0,0,0,0,0,0,0,0,48.0,48.0,18,4,0,11,23,310.75,55.0,24.0,51.0,43.333333333333336,11,"Residential (evening peak, weekend >= weekday)",4
TEST-01937,Arat Kilo,2025-11-07 19:00:00,20.2,0.0,67.0,11.6,1,0,0,0.0,0,0,0,0,0,0,0,0,0,0,0,48.0,48.0,19,4,0,11,23,310.7916666666667,53.0,63.0,54.0,56.66666666666666,0,Business / office (weekday commute),0
TEST-02535,Ayat,2025-11-07 19:00:00,20.2,0.0,67.0,11.6,1,0,0,0.0,0,0,0,0,0,0,0,0,0,0,0,48.0,48.0,19,4,0,11,23,310.7916666666667,49.0,44.0,47.0,46.66666666666666,1,"Residential (evening peak, weekend >= weekday)",4
TEST-03625,Bole,2025-11-07 19:00:00,20.2,0.0,67.0,11.6,1,0,0,0.0,0,0,0,0,0,0,0,0,0,0,0,48.0,44.0,19,4,0,11,23,310.7916666666667,70.0,68.0,48.0,62.0,2,"Leisure / nightlife (late, weekend-heavy)",1
TEST-00701,CMC,2025-11-07 19:00:00,20.2,0.0,67.0,11.6,1,0,0,0.0,0,0,0,0,0,0,0,0,0,0,0,48.0,48.0,19,4,0,11,23,310.7916666666667,81.0,64.0,61.0,68.66666666666667,3,"Residential (evening peak, weekend >= weekday)",4
TEST-03260,Gerji,2025-11-07 19:00:00,20.2,0.0,67.0,11.6,1,0,0,0.0,0,0,0,0,0,0,0,0,0,0,0,48.0,48.0,19,4,0,11,23,310.7916666666667,57.0,38.0,48.0,47.66666666666666,4,"Residential (evening peak, weekend >= weekday)",4
TEST-02864,Kazanchis,2025-11-07 19:00:00,20.2,0.0,67.0,11.6,1,0,0,0.0,0,0,0,0,0,0,0,0,0,0,0,35.0,48.0,19,4,0,11,23,310.7916666666667,106.0,100.0,93.0,99.66666666666669,5,Business / office (weekday commute),0
TEST-00638,Kolfe,2025-11-07 19:00:00,20.2,0.0,67.0,11.6,1,0,0,0.0,0,0,0,0,0,0,0,0,0,0,0,48.0,48.0,19,4,0,11,23,310.7916666666667,48.0,61.0,60.0,56.333333333333336,6,"Residential (evening peak, weekend >= weekday)",4
TEST-02683,Lideta,2025-11-07 19:00:00,20.2,0.0,67.0,11.6,1,0,0,0.0,0,0,0,0,0,0,0,0,0,0,0,48.0,48.0,19,4,0,11,23,310.7916666666667,63.0,58.0,71.0,64.0,7,Mixed hub (commute + busy midday),3
TEST-03733,Megenagna,2025-11-07 19:00:00,20.2,0.0,67.0,11.6,1,0,0,0.0,0,0,0,0,0,0,0,0,0,0,0,48.0,48.0,19,4,0,11,23,310.7916666666667,92.0,120.0,,106.0,8,Mixed hub (commute + busy midday),3
TEST-01370,Merkato,2025-11-07 19:00:00,20.2,0.0,67.0,11.6,1,0,0,0.0,0,0,0,0,0,0,0,0,0,0,0,48.0,48.0,19,4,0,11,23,310.7916666666667,27.0,24.0,24.0,25.0,9,Market (midday peak),2
TEST-02097,Piassa,2025-11-07 19:00:00,20.2,0.0,67.0,11.6,1,0,0,0.0,0,0,0,0,0,0,0,0,0,0,0,48.0,48.0,19,4,0,11,23,310.7916666666667,99.0,93.0,64.0,85.33333333333333,10,Business / office (weekday commute),0
TEST-01039,Sarbet,2025-11-07 19:00:00,20.2,0.0,67.0,11.6,1,0,0,0.0,0,0,0,0,0,0,0,0,0,0,0,48.0,48.0,19,4,0,11,23,310.7916666666667,48.0,41.0,52.0,47.0,11,"Residential (evening peak, weekend >= weekday)",4
TEST-02537,Arat Kilo,2025-11-07 20:00:00,21.5,0.0,63.0,26.2,1,0,0,0.0,0,0,0,0,0,0,0,0,0,0,0,48.0,48.0,20,4,0,11,23,310.8333333333333,43.0,49.0,46.0,46.0,0,Business / office (weekday commute),0
TEST-01334,Ayat,2025-11-07 20:00:00,21.5,0.0,63.0,26.2,1,0,0,0.0,0,0,0,0,0,0,0,0,0,0,0,48.0,48.0,20,4,0,11,23,310.8333333333333,36.0,19.0,30.0,28.33333333333333,1,"Residential (evening peak, weekend >= weekday)",4
TEST-01729,Bole,2025-11-07 20:00:00,21.5,0.0,63.0,26.2,1,0,0,0.0,0,0,0,0,0,0,0,0,0,0,0,48.0,45.0,20,4,0,11,23,310.8333333333333,76.0,60.0,96.0,77.33333333333333,2,"Leisure / nightlife (late, weekend-heavy)",1
TEST-02310,CMC,2025-11-07 20:00:00,21.5,0.0,63.0,26.2,1,0,0,0.0,0,0,0,0,0,0,0,0,0,0,0,48.0,48.0,20,4,0,11,23,310.8333333333333,59.0,52.0,53.0,54.66666666666666,3,"Residential (evening peak, weekend >= weekday)",4
TEST-02851,Gerji,2025-11-07 20:00:00,21.5,0.0,63.0,26.2,1,0,0,0.0,0,0,0,0,0,0,0,0,0,0,0,48.0,48.0,20,4,0,11,23,310.8333333333333,60.0,32.0,48.0,46.66666666666666,4,"Residential (evening peak, weekend >= weekday)",4
TEST-01759,Kazanchis,2025-11-07 20:00:00,21.5,0.0,63.0,26.2,1,0,0,0.0,0,0,0,0,0,0,0,0,0,0,0,34.0,48.0,20,4,0,11,23,310.8333333333333,68.0,77.0,72.0,72.33333333333333,5,Business / office (weekday commute),0
TEST-00441,Kolfe,2025-11-07 20:00:00,21.5,0.0,63.0,26.2,1,0,0,0.0,0,0,0,0,0,0,0,0,0,0,0,48.0,48.0,20,4,0,11,23,310.8333333333333,49.0,44.0,51.0,48.0,6,"Residential (evening peak, weekend >= weekday)",4
TEST-03172,Lideta,2025-11-07 20:00:00,21.5,0.0,63.0,26.2,1,0,0,0.0,0,0,0,0,0,0,0,0,0,0,0,48.0,48.0,20,4,0,11,23,310.8333333333333,40.0,39.0,44.0,41.0,7,Mixed hub (commute + busy midday),3
TEST-01775,Megenagna,2025-11-07 20:00:00,21.5,0.0,63.0,26.2,1,0,0,0.0,0,0,0,0,0,0,0,0,0,0,0,48.0,48.0,20,4,0,11,23,310.8333333333333,44.0,53.0,64.0,53.66666666666666,8,Mixed hub (commute + busy midday),3
TEST-01444,Merkato,2025-11-07 20:00:00,21.5,0.0,63.0,26.2,1,0,0,0.0,0,0,0,0,0,0,0,0,0,0,0,48.0,48.0,20,4,0,11,23,310.8333333333333,10.0,15.0,13.0,12.666666666666666,9,Market (midday peak),2
TEST-01339,Piassa,2025-11-07 20:00:00,21.5,0.0,63.0,26.2,1,0,0,0.0,0,0,0,0,0,0,0,0,0,0,0,48.0,48.0,20,4,0,11,23,310.8333333333333,59.0,50.0,54.0,54.333333333333336,10,Business / office (weekday commute),0
TEST-01642,Sarbet,2025-11-07 20:00:00,21.5,0.0,63.0,26.2,1,0,0,0.0,0,0,0,0,0,0,0,0,0,0,0,48.0,48.0,20,4,0,11,23,310.8333333333333,50.0,40.0,50.0,46.66666666666666,11,"Residential (evening peak, weekend >= weekday)",4
TEST-03278,Arat Kilo,2025-11-07 21:00:00,17.0,0.0,69.0,7.2,1,0,0,0.0,0,0,0,0,0,0,0,0,0,0,0,48.0,48.0,21,4,0,11,23,310.875,24.0,21.0,33.0,26.0,0,Business / office (weekday commute),0
TEST-00452,Ayat,2025-11-07 21:00:00,17.0,0.0,69.0,7.2,1,0,0,0.0,0,0,0,0,0,0,0,0,0,0,0,48.0,48.0,21,4,0,11,23,310.875,33.0,20.0,40.0,31.0,1,"Residential (evening peak, weekend >= weekday)",4
TEST-01858,Bole,2025-11-07 21:00:00,17.0,0.0,69.0,7.2,1,0,0,0.0,0,0,0,0,0,0,0,0,0,0,0,48.0,46.0,21,4,0,11,23,310.875,103.0,82.0,76.0,87.0,2,"Leisure / nightlife (late, weekend-heavy)",1
TEST-01912,CMC,2025-11-07 21:00:00,17.0,0.0,69.0,7.2,1,0,0,0.0,0,0,0,0,0,0,0,0,0,0,0,48.0,48.0,21,4,0,11,23,310.875,35.0,44.0,27.0,35.333333333333336,3,"Residential (evening peak, weekend >= weekday)",4
TEST-02399,Gerji,2025-11-07 21:00:00,17.0,0.0,69.0,7.2,1,0,0,0.0,0,0,0,0,0,0,0,0,0,0,0,48.0,48.0,21,4,0,11,23,310.875,34.0,31.0,40.0,35.0,4,"Residential (evening peak, weekend >= weekday)",4
TEST-02623,Kazanchis,2025-11-07 21:00:00,17.0,0.0,69.0,7.2,1,0,0,0.0,0,0,0,0,0,0,0,0,0,0,0,33.0,48.0,21,4,0,11,23,310.875,40.0,35.0,32.0,35.666666666666664,5,Business / office (weekday commute),0
TEST-01772,Kolfe,2025-11-07 21:00:00,17.0,0.0,69.0,7.2,1,0,0,0.0,0,0,0,0,0,0,0,0,0,0,0,48.0,48.0,21,4,0,11,23,310.875,31.0,36.0,41.0,36.0,6,"Residential (evening peak, weekend >= weekday)",4
TEST-00925,Lideta,2025-11-07 21:00:00,17.0,0.0,69.0,7.2,1,0,0,0.0,0,0,0,0,0,0,0,0,0,0,0,48.0,48.0,21,4,0,11,23,310.875,17.0,15.0,37.0,23.0,7,Mixed hub (commute + busy midday),3
TEST-02879,Megenagna,2025-11-07 21:00:00,17.0,0.0,69.0,7.2,1,0,0,0.0,0,0,0,0,0,0,0,0,0,0,0,48.0,48.0,21,4,0,11,23,310.875,27.0,19.0,19.0,21.666666666666668,8,Mixed hub (commute + busy midday),3
TEST-02338,Merkato,2025-11-07 21:00:00,17.0,0.0,69.0,7.2,1,0,0,0.0,0,0,0,0,0,0,0,0,0,0,0,48.0,48.0,21,4,0,11,23,310.875,5.0,10.0,5.0,6.666666666666667,9,Market (midday peak),2
TEST-02794,Piassa,2025-11-07 21:00:00,17.0,0.0,69.0,7.2,1,0,0,0.0,0,0,0,0,0,0,0,0,0,0,0,48.0,48.0,21,4,0,11,23,310.875,36.0,15.0,23.0,24.666666666666668,10,Business / office (weekday commute),0
TEST-02831,Sarbet,2025-11-07 21:00:00,17.0,0.0,69.0,7.2,1,0,0,0.0,0,0,0,0,0,0,0,0,0,0,0,48.0,48.0,21,4,0,11,23,310.875,26.0,19.0,36.0,27.0,11,"Residential (evening peak, weekend >= weekday)",4
TEST-00811,Arat Kilo,2025-11-07 22:00:00,16.0,0.0,81.0,19.3,1,0,0,0.0,0,0,0,0,0,0,0,0,0,0,0,48.0,48.0,22,4,0,11,23,310.9166666666667,17.0,,22.0,19.5,0,Business / office (weekday commute),0
TEST-02727,Ayat,2025-11-07 22:00:00,16.0,0.0,81.0,19.3,1,0,0,0.0,0,0,0,0,0,0,0,0,0,0,0,48.0,48.0,22,4,0,11,23,310.9166666666667,21.0,15.0,17.0,17.666666666666668,1,"Residential (evening peak, weekend >= weekday)",4
TEST-01947,Bole,2025-11-07 22:00:00,16.0,0.0,81.0,19.3,1,0,0,0.0,0,0,0,0,0,0,0,0,0,0,0,48.0,47.0,22,4,0,11,23,310.9166666666667,83.0,73.0,81.0,79.0,2,"Leisure / nightlife (late, weekend-heavy)",1
TEST-00738,CMC,2025-11-07 22:00:00,16.0,0.0,81.0,19.3,1,0,0,0.0,0,0,0,0,0,0,0,0,0,0,0,48.0,48.0,22,4,0,11,23,310.9166666666667,33.0,35.0,31.0,33.0,3,"Residential (evening peak, weekend >= weekday)",4
TEST-00291,Gerji,2025-11-07 22:00:00,16.0,0.0,81.0,19.3,1,0,0,0.0,0,0,0,0,0,0,0,0,0,0,0,48.0,48.0,22,4,0,11,23,310.9166666666667,23.0,19.0,27.0,23.0,4,"Residential (evening peak, weekend >= weekday)",4
TEST-02815,Kazanchis,2025-11-07 22:00:00,16.0,0.0,81.0,19.3,1,0,0,0.0,0,0,0,0,0,0,0,0,0,0,0,32.0,48.0,22,4,0,11,23,310.9166666666667,28.0,20.0,14.0,20.666666666666668,5,Business / office (weekday commute),0
TEST-02627,Kolfe,2025-11-07 22:00:00,16.0,0.0,81.0,19.3,1,0,0,0.0,0,0,0,0,0,0,0,0,0,0,0,48.0,48.0,22,4,0,11,23,310.9166666666667,27.0,22.0,13.0,20.666666666666668,6,"Residential (evening peak, weekend >= weekday)",4
TEST-01640,Lideta,2025-11-07 22:00:00,16.0,0.0,81.0,19.3,1,0,0,0.0,0,0,0,0,0,0,0,0,0,0,0,48.0,48.0,22,4,0,11,23,310.9166666666667,10.0,12.0,8.0,10.0,7,Mixed hub (commute + busy midday),3
TEST-03501,Megenagna,2025-11-07 22:00:00,16.0,0.0,81.0,19.3,1,0,0,0.0,0,0,0,0,0,0,0,0,0,0,0,48.0,48.0,22,4,0,11,23,310.9166666666667,17.0,21.0,14.0,17.333333333333332,8,Mixed hub (commute + busy midday),3
TEST-02244,Merkato,2025-11-07 22:00:00,16.0,0.0,81.0,19.3,1,0,0,0.0,0,0,0,0,0,0,0,0,0,0,0,48.0,48.0,22,4,0,11,23,310.9166666666667,5.0,9.0,4.0,6.0,9,Market (midday peak),2
TEST-03066,Piassa,2025-11-07 22:00:00,16.0,0.0,81.0,19.3,1,0,0,0.0,0,0,0,0,0,0,0,0,0,0,0,48.0,48.0,22,4,0,11,23,310.9166666666667,23.0,12.0,22.0,19.0,10,Business / office (weekday commute),0
TEST-02451,Sarbet,2025-11-07 22:00:00,16.0,0.0,81.0,19.3,1,0,0,0.0,0,0,0,0,0,0,0,0,0,0,0,48.0,48.0,22,4,0,11,23,310.9166666666667,17.0,28.0,25.0,23.33333333333333,11,"Residential (evening peak, weekend >= weekday)",4
TEST-01655,Arat Kilo,2025-11-07 23:00:00,12.8,0.0,77.0,10.2,1,0,0,0.0,0,0,0,0,0,0,0,0,0,0,0,48.0,48.0,23,4,0,11,23,310.9583333333333,5.0,4.0,5.0,4.666666666666667,0,Business / office (weekday commute),0
TEST-03656,Ayat,2025-11-07 23:00:00,12.8,0.0,77.0,10.2,1,0,0,0.0,0,0,0,0,0,0,0,0,0,0,0,48.0,48.0,23,4,0,11,23,310.9583333333333,8.0,6.0,9.0,7.666666666666667,1,"Residential (evening peak, weekend >= weekday)",4
TEST-02167,Bole,2025-11-07 23:00:00,12.8,0.0,77.0,10.2,1,0,0,0.0,0,0,0,0,0,0,0,0,0,0,0,48.0,48.0,23,4,0,11,23,310.9583333333333,80.0,84.0,78.0,80.66666666666667,2,"Leisure / nightlife (late, weekend-heavy)",1
TEST-02707,CMC,2025-11-07 23:00:00,12.8,0.0,77.0,10.2,1,0,0,0.0,0,0,0,0,0,0,0,0,0,0,0,48.0,48.0,23,4,0,11,23,310.9583333333333,10.0,10.0,12.0,10.666666666666666,3,"Residential (evening peak, weekend >= weekday)",4
TEST-01662,Gerji,2025-11-07 23:00:00,12.8,0.0,77.0,10.2,1,0,0,0.0,0,0,0,0,0,0,0,0,0,0,0,48.0,48.0,23,4,0,11,23,310.9583333333333,12.0,,13.0,12.5,4,"Residential (evening peak, weekend >= weekday)",4
TEST-03645,Kazanchis,2025-11-07 23:00:00,12.8,0.0,77.0,10.2,1,0,0,0.0,0,0,0,0,0,0,0,0,0,0,0,31.0,48.0,23,4,0,11,23,310.9583333333333,5.0,8.0,14.0,9.0,5,Business / office (weekday commute),0
TEST-02056,Kolfe,2025-11-07 23:00:00,12.8,0.0,77.0,10.2,1,0,0,0.0,0,0,0,0,0,0,0,0,0,0,0,48.0,48.0,23,4,0,11,23,310.9583333333333,14.0,11.0,10.0,11.666666666666666,6,"Residential (evening peak, weekend >= weekday)",4
TEST-02004,Lideta,2025-11-07 23:00:00,12.8,0.0,77.0,10.2,1,0,0,0.0,0,0,0,0,0,0,0,0,0,0,0,48.0,48.0,23,4,0,11,23,310.9583333333333,10.0,5.0,7.0,7.333333333333333,7,Mixed hub (commute + busy midday),3
TEST-03443,Megenagna,2025-11-07 23:00:00,12.8,0.0,77.0,10.2,1,0,0,0.0,0,0,0,0,0,0,0,0,0,0,0,48.0,48.0,23,4,0,11,23,310.9583333333333,7.0,9.0,8.0,8.0,8,Mixed hub (commute + busy midday),3
TEST-01760,Merkato,2025-11-07 23:00:00,12.8,0.0,77.0,10.2,1,0,0,0.0,0,0,0,0,0,0,0,0,0,0,0,48.0,48.0,23,4,0,11,23,310.9583333333333,8.0,5.0,3.0,5.333333333333333,9,Market (midday peak),2
TEST-02816,Piassa,2025-11-07 23:00:00,12.8,0.0,77.0,10.2,1,0,0,0.0,0,0,0,0,0,0,0,0,0,0,0,48.0,48.0,23,4,0,11,23,310.9583333333333,5.0,9.0,7.0,7.0,10,Business / office (weekday commute),0
TEST-03024,Sarbet,2025-11-07 23:00:00,12.8,0.0,77.0,10.2,1,0,0,0.0,0,0,0,0,0,0,0,0,0,0,0,48.0,48.0,23,4,0,11,23,310.9583333333333,10.0,16.0,9.0,11.666666666666666,11,"Residential (evening peak, weekend >= weekday)",4
TEST-00514,Arat Kilo,2025-11-08 00:00:00,12.9,0.0,79.0,10.5,1,0,0,0.0,0,0,0,0,0,0,0,0,0,0,0,48.0,48.0,0,5,1,11,22,311.0,5.0,3.0,2.0,3.333333333333333,0,Business / office (weekday commute),0
TEST-00756,Ayat,2025-11-08 00:00:00,12.9,0.0,79.0,10.5,1,0,0,0.0,0,0,0,0,0,0,0,0,0,0,0,48.0,48.0,0,5,1,11,22,311.0,,7.0,5.0,6.0,1,"Residential (evening peak, weekend >= weekday)",4
TEST-03283,Bole,2025-11-08 00:00:00,12.9,0.0,79.0,10.5,1,0,0,0.0,0,0,0,0,0,0,0,0,0,0,0,48.0,48.0,0,5,1,11,22,311.0,122.0,81.0,105.0,102.66666666666669,2,"Leisure / nightlife (late, weekend-heavy)",1
TEST-04030,CMC,2025-11-08 00:00:00,12.9,0.0,79.0,10.5,1,0,0,0.0,0,0,0,0,0,0,0,0,0,0,0,48.0,48.0,0,5,1,11,22,311.0,5.0,4.0,8.0,5.666666666666667,3,"Residential (evening peak, weekend >= weekday)",4
TEST-02044,Gerji,2025-11-08 00:00:00,12.9,0.0,79.0,10.5,1,0,0,0.0,0,0,0,0,0,0,0,0,0,0,0,48.0,48.0,0,5,1,11,22,311.0,9.0,5.0,3.0,5.666666666666667,4,"Residential (evening peak, weekend >= weekday)",4
TEST-02573,Kazanchis,2025-11-08 00:00:00,12.9,0.0,79.0,10.5,1,0,0,0.0,0,0,0,0,0,0,0,0,0,0,0,30.0,48.0,0,5,1,11,22,311.0,8.0,9.0,10.0,9.0,5,Business / office (weekday commute),0
TEST-02393,Kolfe,2025-11-08 00:00:00,12.9,0.0,79.0,10.5,1,0,0,0.0,0,0,0,0,0,0,0,0,0,0,0,48.0,48.0,0,5,1,11,22,311.0,7.0,10.0,2.0,6.333333333333333,6,"Residential (evening peak, weekend >= weekday)",4
TEST-00836,Lideta,2025-11-08 00:00:00,12.9,0.0,79.0,10.5,1,0,0,0.0,0,0,0,0,0,0,0,0,0,0,0,48.0,48.0,0,5,1,11,22,311.0,16.0,7.0,8.0,10.333333333333334,7,Mixed hub (commute + busy midday),3
TEST-02576,Megenagna,2025-11-08 00:00:00,12.9,0.0,79.0,10.5,1,0,0,0.0,0,0,0,0,0,0,0,0,0,0,0,48.0,48.0,0,5,1,11,22,311.0,13.0,11.0,18.0,14.0,8,Mixed hub (commute + busy midday),3
TEST-04019,Merkato,2025-11-08 00:00:00,12.9,0.0,79.0,10.5,1,0,0,0.0,0,0,0,0,0,0,0,0,0,0,0,48.0,48.0,0,5,1,11,22,311.0,11.0,4.0,8.0,7.666666666666667,9,Market (midday peak),2
TEST-00322,Piassa,2025-11-08 00:00:00,12.9,0.0,79.0,10.5,1,0,0,0.0,0,0,0,0,0,0,0,0,0,0,0,48.0,48.0,0,5,1,11,22,311.0,7.0,5.0,7.0,6.333333333333333,10,Business / office (weekday commute),0
TEST-01666,Sarbet,2025-11-08 00:00:00,12.9,0.0,79.0,10.5,1,0,0,0.0,0,0,0,0,0,0,0,0,0,0,0,48.0,48.0,0,5,1,11,22,311.0,7.0,14.0,8.0,9.666666666666666,11,"Residential (evening peak, weekend >= weekday)",4
TEST-03842,Arat Kilo,2025-11-08 01:00:00,12.3,0.0,84.0,15.4,1,0,0,0.0,0,0,0,0,0,0,0,0,0,0,0,48.0,48.0,1,5,1,11,22,311.0416666666667,,2.0,4.0,3.0,0,Business / office (weekday commute),0
TEST-00311,Ayat,2025-11-08 01:00:00,12.3,0.0,84.0,15.4,1,0,0,0.0,0,0,0,0,0,0,0,0,0,0,0,48.0,48.0,1,5,1,11,22,311.0416666666667,6.0,1.0,7.0,4.666666666666667,1,"Residential (evening peak, weekend >= weekday)",4
TEST-00443,Bole,2025-11-08 01:00:00,12.3,0.0,84.0,15.4,1,0,0,0.0,0,0,0,0,0,0,0,0,0,0,0,48.0,48.0,1,5,1,11,22,311.0416666666667,60.0,66.0,65.0,63.66666666666666,2,"Leisure / nightlife (late, weekend-heavy)",1
TEST-01677,CMC,2025-11-08 01:00:00,12.3,0.0,84.0,15.4,1,0,0,0.0,0,0,0,0,0,0,0,0,0,0,0,48.0,48.0,1,5,1,11,22,311.0416666666667,13.0,9.0,6.0,9.333333333333334,3,"Residential (evening peak, weekend >= weekday)",4
TEST-03076,Gerji,2025-11-08 01:00:00,12.3,0.0,84.0,15.4,1,0,0,0.0,0,0,0,0,0,0,0,0,0,0,0,48.0,48.0,1,5,1,11,22,311.0416666666667,7.0,4.0,5.0,5.333333333333333,4,"Residential (evening peak, weekend >= weekday)",4
TEST-01549,Kazanchis,2025-11-08 01:00:00,12.3,0.0,84.0,15.4,1,0,0,0.0,0,0,0,0,0,0,0,0,0,0,0,29.0,48.0,1,5,1,11,22,311.0416666666667,1.0,7.0,8.0,5.333333333333333,5,Business / office (weekday commute),0
TEST-00031,Kolfe,2025-11-08 01:00:00,12.3,0.0,84.0,15.4,1,0,0,0.0,0,0,0,0,0,0,0,0,0,0,0,48.0,48.0,1,5,1,11,22,311.0416666666667,5.0,4.0,4.0,4.333333333333333,6,"Residential (evening peak, weekend >= weekday)",4
TEST-03585,Lideta,2025-11-08 01:00:00,12.3,0.0,84.0,15.4,1,0,0,0.0,0,0,0,0,0,0,0,0,0,0,0,48.0,48.0,1,5,1,11,22,311.0416666666667,,12.0,7.0,9.5,7,Mixed hub (commute + busy midday),3
TEST-03751,Megenagna,2025-11-08 01:00:00,12.3,0.0,84.0,15.4,1,0,0,0.0,0,0,0,0,0,0,0,0,0,0,0,48.0,48.0,1,5,1,11,22,311.0416666666667,13.0,7.0,18.0,12.666666666666666,8,Mixed hub (commute + busy midday),3
TEST-02658,Merkato,2025-11-08 01:00:00,12.3,0.0,84.0,15.4,1,0,0,0.0,0,0,0,0,0,0,0,0,0,0,0,48.0,48.0,1,5,1,11,22,311.0416666666667,7.0,12.0,7.0,8.666666666666666,9,Market (midday peak),2
TEST-01043,Piassa,2025-11-08 01:00:00,12.3,0.0,84.0,15.4,1,0,0,0.0,0,0,0,0,0,0,0,0,0,0,0,48.0,48.0,1,5,1,11,22,311.0416666666667,8.0,4.0,6.0,6.0,10,Business / office (weekday commute),0
TEST-00767,Sarbet,2025-11-08 01:00:00,12.3,0.0,84.0,15.4,1,0,0,0.0,0,0,0,0,0,0,0,0,0,0,0,48.0,48.0,1,5,1,11,22,311.0416666666667,5.0,2.0,1.0,2.6666666666666665,11,"Residential (evening peak, weekend >= weekday)",4
TEST-01431,Arat Kilo,2025-11-08 02:00:00,11.6,0.0,83.0,5.4,1,0,0,0.0,0,0,0,0,0,0,0,0,0,0,0,48.0,48.0,2,5,1,11,22,311.0833333333333,8.0,3.0,0.0,3.6666666666666665,0,Business / office (weekday commute),0
TEST-02030,Ayat,2025-11-08 02:00:00,11.6,0.0,83.0,5.4,1,0,0,0.0,0,0,0,0,0,0,0,0,0,0,0,48.0,48.0,2,5,1,11,22,311.0833333333333,7.0,1.0,1.0,3.0,1,"Residential (evening peak, weekend >= weekday)",4
TEST-03203,Bole,2025-11-08 02:00:00,11.6,0.0,83.0,5.4,1,0,0,0.0,0,0,0,0,0,0,0,0,0,0,0,48.0,48.0,2,5,1,11,22,311.0833333333333,28.0,43.0,36.0,35.666666666666664,2,"Leisure / nightlife (late, weekend-heavy)",1
TEST-00227,CMC,2025-11-08 02:00:00,11.6,0.0,83.0,5.4,1,0,0,0.0,0,0,0,0,0,0,0,0,0,0,0,48.0,48.0,2,5,1,11,22,311.0833333333333,5.0,7.0,7.0,6.333333333333333,3,"Residential (evening peak, weekend >= weekday)",4
TEST-01417,Gerji,2025-11-08 02:00:00,11.6,0.0,83.0,5.4,1,0,0,0.0,0,0,0,0,0,0,0,0,0,0,0,48.0,48.0,2,5,1,11,22,311.0833333333333,6.0,3.0,12.0,7.0,4,"Residential (evening peak, weekend >= weekday)",4
TEST-03487,Kazanchis,2025-11-08 02:00:00,11.6,0.0,83.0,5.4,1,0,0,0.0,0,0,0,0,0,0,0,0,0,0,0,28.0,48.0,2,5,1,11,22,311.0833333333333,4.0,5.0,14.0,7.666666666666667,5,Business / office (weekday commute),0
TEST-02854,Kolfe,2025-11-08 02:00:00,11.6,0.0,83.0,5.4,1,0,0,0.0,0,0,0,0,0,0,0,0,0,0,0,48.0,48.0,2,5,1,11,22,311.0833333333333,13.0,1.0,6.0,6.666666666666667,6,"Residential (evening peak, weekend >= weekday)",4
TEST-00297,Lideta,2025-11-08 02:00:00,11.6,0.0,83.0,5.4,1,0,0,0.0,0,0,0,0,0,0,0,0,0,0,0,48.0,48.0,2,5,1,11,22,311.0833333333333,10.0,9.0,10.0,9.666666666666666,7,Mixed hub (commute + busy midday),3
TEST-02339,Megenagna,2025-11-08 02:00:00,11.6,0.0,83.0,5.4,1,0,0,0.0,0,0,0,0,0,0,0,0,0,0,0,48.0,48.0,2,5,1,11,22,311.0833333333333,11.0,9.0,9.0,9.666666666666666,8,Mixed hub (commute + busy midday),3
TEST-00630,Merkato,2025-11-08 02:00:00,11.6,0.0,83.0,5.4,1,0,0,0.0,0,0,0,0,0,0,0,0,0,0,0,48.0,48.0,2,5,1,11,22,311.0833333333333,8.0,5.0,8.0,7.0,9,Market (midday peak),2
TEST-03113,Piassa,2025-11-08 02:00:00,11.6,0.0,83.0,5.4,1,0,0,0.0,0,0,0,0,0,0,0,0,0,0,0,48.0,48.0,2,5,1,11,22,311.0833333333333,7.0,5.0,6.0,6.0,10,Business / office (weekday commute),0
TEST-03182,Sarbet,2025-11-08 02:00:00,11.6,0.0,83.0,5.4,1,0,0,0.0,0,0,0,0,0,0,0,0,0,0,0,48.0,48.0,2,5,1,11,22,311.0833333333333,11.0,3.0,4.0,6.0,11,"Residential (evening peak, weekend >= weekday)",4
TEST-03608,Arat Kilo,2025-11-08 03:00:00,10.5,0.0,95.0,13.8,1,0,0,0.0,0,0,0,0,0,0,0,0,0,0,0,48.0,48.0,3,5,1,11,22,311.125,5.0,6.0,3.0,4.666666666666667,0,Business / office (weekday commute),0
TEST-01598,Ayat,2025-11-08 03:00:00,10.5,0.0,95.0,13.8,1,0,0,0.0,0,0,0,0,0,0,0,0,0,0,0,48.0,48.0,3,5,1,11,22,311.125,3.0,6.0,5.0,4.666666666666667,1,"Residential (evening peak, weekend >= weekday)",4
TEST-00834,Bole,2025-11-08 03:00:00,10.5,0.0,95.0,13.8,1,0,0,0.0,0,0,0,0,0,0,0,0,0,0,0,48.0,48.0,3,5,1,11,22,311.125,30.0,27.0,33.0,30.0,2,"Leisure / nightlife (late, weekend-heavy)",1
TEST-01252,CMC,2025-11-08 03:00:00,10.5,0.0,95.0,13.8,1,0,0,0.0,0,0,0,0,0,0,0,0,0,0,0,48.0,48.0,3,5,1,11,22,311.125,8.0,2.0,3.0,4.333333333333333,3,"Residential (evening peak, weekend >= weekday)",4
TEST-02571,Gerji,2025-11-08 03:00:00,10.5,0.0,95.0,13.8,1,0,0,0.0,0,0,0,0,0,0,0,0,0,0,0,48.0,48.0,3,5,1,11,22,311.125,6.0,2.0,5.0,4.333333333333333,4,"Residential (evening peak, weekend >= weekday)",4
TEST-03377,Kazanchis,2025-11-08 03:00:00,10.5,0.0,95.0,13.8,1,0,0,0.0,0,0,0,0,0,0,0,0,0,0,0,27.0,48.0,3,5,1,11,22,311.125,6.0,6.0,3.0,5.0,5,Business / office (weekday commute),0
TEST-00532,Kolfe,2025-11-08 03:00:00,10.5,0.0,95.0,13.8,1,0,0,0.0,0,0,0,0,0,0,0,0,0,0,0,48.0,48.0,3,5,1,11,22,311.125,1.0,9.0,4.0,4.666666666666667,6,"Residential (evening peak, weekend >= weekday)",4
TEST-03982,Lideta,2025-11-08 03:00:00,10.5,0.0,95.0,13.8,1,0,0,0.0,0,0,0,0,0,0,0,0,0,0,0,48.0,48.0,3,5,1,11,22,311.125,7.0,8.0,3.0,6.0,7,Mixed hub (commute + busy midday),3
TEST-03861,Megenagna,2025-11-08 03:00:00,10.5,0.0,95.0,13.8,1,0,0,0.0,0,0,0,0,0,0,0,0,0,0,0,47.0,48.0,3,5,1,11,22,311.125,11.0,15.0,,13.0,8,Mixed hub (commute + busy midday),3
TEST-01726,Merkato,2025-11-08 03:00:00,10.5,0.0,95.0,13.8,1,0,0,0.0,0,0,0,0,0,0,0,0,0,0,0,48.0,48.0,3,5,1,11,22,311.125,6.0,2.0,9.0,5.666666666666667,9,Market (midday peak),2
TEST-01208,Piassa,2025-11-08 03:00:00,10.5,0.0,95.0,13.8,1,0,0,0.0,0,0,0,0,0,0,0,0,0,0,0,48.0,48.0,3,5,1,11,22,311.125,3.0,9.0,2.0,4.666666666666667,10,Business / office (weekday commute),0
TEST-02957,Sarbet,2025-11-08 03:00:00,10.5,0.0,95.0,13.8,1,0,0,0.0,0,0,0,0,0,0,0,0,0,0,0,48.0,48.0,3,5,1,11,22,311.125,4.0,,5.0,4.5,11,"Residential (evening peak, weekend >= weekday)",4
TEST-01348,Arat Kilo,2025-11-08 04:00:00,9.8,0.0,84.0,7.3,1,0,0,0.0,0,0,0,0,0,0,0,0,0,0,0,48.0,48.0,4,5,1,11,22,311.1666666666667,,2.0,3.0,2.5,0,Business / office (weekday commute),0
TEST-01545,Ayat,2025-11-08 04:00:00,9.8,0.0,84.0,7.3,1,0,0,0.0,0,0,0,0,0,0,0,0,0,0,0,48.0,48.0,4,5,1,11,22,311.1666666666667,6.0,6.0,3.0,5.0,1,"Residential (evening peak, weekend >= weekday)",4
TEST-01282,Bole,2025-11-08 04:00:00,9.8,0.0,84.0,7.3,1,0,0,0.0,0,0,0,0,0,0,0,0,0,0,0,48.0,48.0,4,5,1,11,22,311.1666666666667,35.0,22.0,39.0,32.0,2,"Leisure / nightlife (late, weekend-heavy)",1
TEST-03680,CMC,2025-11-08 04:00:00,9.8,0.0,84.0,7.3,1,0,0,0.0,0,0,0,0,0,0,0,0,0,0,0,48.0,48.0,4,5,1,11,22,311.1666666666667,7.0,8.0,9.0,8.0,3,"Residential (evening peak, weekend >= weekday)",4
TEST-02717,Gerji,2025-11-08 04:00:00,9.8,0.0,84.0,7.3,1,0,0,0.0,0,0,0,0,0,0,0,0,0,0,0,48.0,48.0,4,5,1,11,22,311.1666666666667,11.0,9.0,10.0,10.0,4,"Residential (evening peak, weekend >= weekday)",4
TEST-03167,Kazanchis,2025-11-08 04:00:00,9.8,0.0,84.0,7.3,1,0,0,0.0,0,0,0,0,0,0,0,0,0,0,0,26.0,48.0,4,5,1,11,22,311.1666666666667,12.0,4.0,5.0,7.0,5,Business / office (weekday commute),0
TEST-01429,Kolfe,2025-11-08 04:00:00,9.8,0.0,84.0,7.3,1,0,0,0.0,0,0,0,0,0,0,0,0,0,0,0,48.0,48.0,4,5,1,11,22,311.1666666666667,5.0,6.0,6.0,5.666666666666667,6,"Residential (evening peak, weekend >= weekday)",4
TEST-02969,Lideta,2025-11-08 04:00:00,9.8,0.0,84.0,7.3,1,0,0,0.0,0,0,0,0,0,0,0,0,0,0,0,48.0,48.0,4,5,1,11,22,311.1666666666667,10.0,,11.0,10.5,7,Mixed hub (commute + busy midday),3
TEST-02462,Megenagna,2025-11-08 04:00:00,9.8,0.0,84.0,7.3,1,0,0,0.0,0,0,0,0,0,0,0,0,0,0,0,46.0,48.0,4,5,1,11,22,311.1666666666667,10.0,7.0,14.0,10.333333333333334,8,Mixed hub (commute + busy midday),3
TEST-02068,Merkato,2025-11-08 04:00:00,9.8,0.0,84.0,7.3,1,0,0,0.0,0,0,0,0,0,0,0,0,0,0,0,48.0,48.0,4,5,1,11,22,311.1666666666667,8.0,13.0,14.0,11.666666666666666,9,Market (midday peak),2
TEST-01795,Piassa,2025-11-08 04:00:00,9.8,0.0,84.0,7.3,1,0,0,0.0,0,0,0,0,0,0,0,0,0,0,0,48.0,48.0,4,5,1,11,22,311.1666666666667,1.0,1.0,6.0,2.6666666666666665,10,Business / office (weekday commute),0
TEST-01506,Sarbet,2025-11-08 04:00:00,9.8,0.0,84.0,7.3,1,0,0,0.0,0,0,0,0,0,0,0,0,0,0,0,48.0,48.0,4,5,1,11,22,311.1666666666667,6.0,4.0,7.0,5.666666666666667,11,"Residential (evening peak, weekend >= weekday)",4
TEST-00300,Arat Kilo,2025-11-08 05:00:00,11.1,0.0,85.0,18.7,1,0,0,0.0,0,0,0,0,0,0,0,0,0,0,0,48.0,48.0,5,5,1,11,22,311.2083333333333,7.0,7.0,4.0,6.0,0,Business / office (weekday commute),0
TEST-03369,Ayat,2025-11-08 05:00:00,11.1,0.0,85.0,18.7,1,0,0,0.0,0,0,0,0,0,0,0,0,0,0,0,48.0,48.0,5,5,1,11,22,311.2083333333333,6.0,5.0,5.0,5.333333333333333,1,"Residential (evening peak, weekend >= weekday)",4
TEST-01637,Bole,2025-11-08 05:00:00,11.1,0.0,85.0,18.7,1,0,0,0.0,0,0,0,0,0,0,0,0,0,0,0,48.0,48.0,5,5,1,11,22,311.2083333333333,47.0,52.0,47.0,48.66666666666666,2,"Leisure / nightlife (late, weekend-heavy)",1
TEST-01712,CMC,2025-11-08 05:00:00,11.1,0.0,85.0,18.7,1,0,0,0.0,0,0,0,0,0,0,0,0,0,0,0,48.0,48.0,5,5,1,11,22,311.2083333333333,8.0,16.0,5.0,9.666666666666666,3,"Residential (evening peak, weekend >= weekday)",4
TEST-03123,Gerji,2025-11-08 05:00:00,11.1,0.0,85.0,18.7,1,0,0,0.0,0,0,0,0,0,0,0,0,0,0,0,48.0,48.0,5,5,1,11,22,311.2083333333333,7.0,2.0,10.0,6.333333333333333,4,"Residential (evening peak, weekend >= weekday)",4
TEST-00080,Kazanchis,2025-11-08 05:00:00,11.1,0.0,85.0,18.7,1,0,0,0.0,0,0,0,0,0,0,0,0,0,0,0,25.0,48.0,5,5,1,11,22,311.2083333333333,7.0,7.0,4.0,6.0,5,Business / office (weekday commute),0
TEST-01267,Kolfe,2025-11-08 05:00:00,11.1,0.0,85.0,18.7,1,0,0,0.0,0,0,0,0,0,0,0,0,0,0,0,48.0,48.0,5,5,1,11,22,311.2083333333333,9.0,4.0,6.0,6.333333333333333,6,"Residential (evening peak, weekend >= weekday)",4
TEST-01893,Lideta,2025-11-08 05:00:00,11.1,0.0,85.0,18.7,1,0,0,0.0,0,0,0,0,0,0,0,0,0,0,0,48.0,48.0,5,5,1,11,22,311.2083333333333,6.0,11.0,7.0,8.0,7,Mixed hub (commute + busy midday),3
TEST-01607,Megenagna,2025-11-08 05:00:00,11.1,0.0,85.0,18.7,1,0,0,0.0,0,0,0,0,0,0,0,0,0,0,0,45.0,48.0,5,5,1,11,22,311.2083333333333,13.0,20.0,17.0,16.666666666666668,8,Mixed hub (commute + busy midday),3
TEST-02621,Merkato,2025-11-08 05:00:00,11.1,0.0,85.0,18.7,1,0,0,0.0,0,0,0,0,0,0,0,0,0,0,0,48.0,48.0,5,5,1,11,22,311.2083333333333,36.0,28.0,,32.0,9,Market (midday peak),2
TEST-02846,Piassa,2025-11-08 05:00:00,11.1,0.0,85.0,18.7,1,0,0,0.0,0,0,0,0,0,0,0,0,0,0,0,48.0,48.0,5,5,1,11,22,311.2083333333333,3.0,7.0,8.0,6.0,10,Business / office (weekday commute),0
TEST-02221,Sarbet,2025-11-08 05:00:00,11.1,0.0,85.0,18.7,1,0,0,0.0,0,0,0,0,0,0,0,0,0,0,0,48.0,48.0,5,5,1,11,22,311.2083333333333,5.0,5.0,4.0,4.666666666666667,11,"Residential (evening peak, weekend >= weekday)",4
TEST-03959,Arat Kilo,2025-11-08 06:00:00,12.5,0.0,77.0,19.2,1,0,0,0.0,0,0,0,0,0,0,0,0,0,0,0,48.0,48.0,6,5,1,11,22,311.25,,8.0,0.0,4.0,0,Business / office (weekday commute),0
TEST-00067,Ayat,2025-11-08 06:00:00,12.5,0.0,77.0,19.2,1,0,0,0.0,0,0,0,0,0,0,0,0,0,0,0,48.0,48.0,6,5,1,11,22,311.25,6.0,10.0,11.0,9.0,1,"Residential (evening peak, weekend >= weekday)",4
TEST-01285,Bole,2025-11-08 06:00:00,12.5,0.0,77.0,19.2,1,0,0,0.0,0,0,0,0,0,0,0,0,0,0,0,48.0,48.0,6,5,1,11,22,311.25,,48.0,54.0,51.0,2,"Leisure / nightlife (late, weekend-heavy)",1
TEST-00043,CMC,2025-11-08 06:00:00,12.5,0.0,77.0,19.2,1,0,0,0.0,0,0,0,0,0,0,0,0,0,0,0,48.0,48.0,6,5,1,11,22,311.25,14.0,12.0,9.0,11.666666666666666,3,"Residential (evening peak, weekend >= weekday)",4
TEST-02129,Gerji,2025-11-08 06:00:00,12.5,0.0,77.0,19.2,1,0,0,0.0,0,0,0,0,0,0,0,0,0,0,0,48.0,48.0,6,5,1,11,22,311.25,9.0,11.0,12.0,10.666666666666666,4,"Residential (evening peak, weekend >= weekday)",4
TEST-00308,Kazanchis,2025-11-08 06:00:00,12.5,0.0,77.0,19.2,1,0,0,0.0,0,0,0,0,0,0,0,0,0,0,0,24.0,48.0,6,5,1,11,22,311.25,6.0,5.0,8.0,6.333333333333333,5,Business / office (weekday commute),0
TEST-02212,Kolfe,2025-11-08 06:00:00,12.5,0.0,77.0,19.2,1,0,0,0.0,0,0,0,0,0,0,0,0,0,0,0,48.0,48.0,6,5,1,11,22,311.25,13.0,12.0,5.0,10.0,6,"Residential (evening peak, weekend >= weekday)",4
TEST-01788,Lideta,2025-11-08 06:00:00,12.5,0.0,77.0,19.2,1,0,0,0.0,0,0,0,0,0,0,0,0,0,0,0,48.0,48.0,6,5,1,11,22,311.25,22.0,12.0,19.0,17.666666666666668,7,Mixed hub (commute + busy midday),3
TEST-01000,Megenagna,2025-11-08 06:00:00,12.5,0.0,77.0,19.2,1,0,0,0.0,0,0,0,0,0,0,0,0,0,0,0,44.0,48.0,6,5,1,11,22,311.25,18.0,23.0,16.0,19.0,8,Mixed hub (commute + busy midday),3
TEST-02271,Merkato,2025-11-08 06:00:00,12.5,0.0,77.0,19.2,1,0,0,0.0,0,0,0,0,0,0,0,0,0,0,0,48.0,48.0,6,5,1,11,22,311.25,55.0,66.0,76.0,65.66666666666667,9,Market (midday peak),2
TEST-03945,Piassa,2025-11-08 06:00:00,12.5,0.0,77.0,19.2,1,0,0,0.0,0,0,0,0,0,0,0,0,0,0,0,48.0,48.0,6,5,1,11,22,311.25,2.0,5.0,6.0,4.333333333333333,10,Business / office (weekday commute),0
TEST-01452,Sarbet,2025-11-08 06:00:00,12.5,0.0,77.0,19.2,1,0,0,0.0,0,0,0,0,0,0,0,0,0,0,0,48.0,48.0,6,5,1,11,22,311.25,6.0,10.0,6.0,7.333333333333333,11,"Residential (evening peak, weekend >= weekday)",4
TEST-00078,Arat Kilo,2025-11-08 07:00:00,13.3,0.0,71.0,9.1,1,0,0,0.0,0,0,0,0,0,0,0,0,0,0,0,48.0,48.0,7,5,1,11,22,311.2916666666667,8.0,6.0,3.0,5.666666666666667,0,Business / office (weekday commute),0
TEST-01333,Ayat,2025-11-08 07:00:00,13.3,0.0,71.0,9.1,1,0,0,0.0,0,0,0,0,0,0,0,0,0,0,0,48.0,48.0,7,5,1,11,22,311.2916666666667,18.0,16.0,5.0,13.0,1,"Residential (evening peak, weekend >= weekday)",4
TEST-03246,Bole,2025-11-08 07:00:00,13.3,0.0,71.0,9.1,1,0,0,0.0,0,0,0,0,0,0,0,0,0,0,0,48.0,48.0,7,5,1,11,22,311.2916666666667,,38.0,35.0,36.5,2,"Leisure / nightlife (late, weekend-heavy)",1
TEST-02995,CMC,2025-11-08 07:00:00,13.3,0.0,71.0,9.1,1,0,0,0.0,0,0,0,0,0,0,0,0,0,0,0,48.0,48.0,7,5,1,11,22,311.2916666666667,11.0,20.0,9.0,13.333333333333334,3,"Residential (evening peak, weekend >= weekday)",4
TEST-00774,Gerji,2025-11-08 07:00:00,13.3,0.0,71.0,9.1,1,0,0,0.0,0,0,0,0,0,0,0,0,0,0,0,48.0,48.0,7,5,1,11,22,311.2916666666667,22.0,23.0,12.0,19.0,4,"Residential (evening peak, weekend >= weekday)",4
TEST-02972,Kazanchis,2025-11-08 07:00:00,13.3,0.0,71.0,9.1,1,0,0,0.0,0,0,0,0,0,0,0,0,0,0,0,23.0,48.0,7,5,1,11,22,311.2916666666667,7.0,6.0,8.0,7.0,5,Business / office (weekday commute),0
TEST-01587,Kolfe,2025-11-08 07:00:00,13.3,0.0,71.0,9.1,1,0,0,0.0,0,0,0,0,0,0,0,0,0,0,0,48.0,48.0,7,5,1,11,22,311.2916666666667,18.0,24.0,19.0,20.33333333333333,6,"Residential (evening peak, weekend >= weekday)",4
TEST-03326,Lideta,2025-11-08 07:00:00,13.3,0.0,71.0,9.1,1,0,0,0.0,0,0,0,0,0,0,0,0,0,0,0,48.0,48.0,7,5,1,11,22,311.2916666666667,,21.0,18.0,19.5,7,Mixed hub (commute + busy midday),3
TEST-03187,Megenagna,2025-11-08 07:00:00,13.3,0.0,71.0,9.1,1,0,0,0.0,0,0,0,0,0,0,0,0,0,0,0,43.0,48.0,7,5,1,11,22,311.2916666666667,21.0,,27.0,24.0,8,Mixed hub (commute + busy midday),3
TEST-01360,Merkato,2025-11-08 07:00:00,13.3,0.0,71.0,9.1,1,0,0,0.0,0,0,0,0,0,0,0,0,0,0,0,48.0,48.0,7,5,1,11,22,311.2916666666667,87.0,137.0,101.0,108.33333333333331,9,Market (midday peak),2
TEST-00955,Piassa,2025-11-08 07:00:00,13.3,0.0,71.0,9.1,1,0,0,0.0,0,0,0,0,0,0,0,0,0,0,0,48.0,48.0,7,5,1,11,22,311.2916666666667,10.0,12.0,5.0,9.0,10,Business / office (weekday commute),0
TEST-03247,Sarbet,2025-11-08 07:00:00,13.3,0.0,71.0,9.1,1,0,0,0.0,0,0,0,0,0,0,0,0,0,0,0,48.0,48.0,7,5,1,11,22,311.2916666666667,13.0,20.0,13.0,15.333333333333334,11,"Residential (evening peak, weekend >= weekday)",4
TEST-02916,Arat Kilo,2025-11-08 08:00:00,14.5,0.0,73.0,7.0,1,0,0,0.0,0,0,0,0,0,0,0,0,0,0,0,48.0,48.0,8,5,1,11,22,311.3333333333333,15.0,17.0,10.0,14.0,0,Business / office (weekday commute),0
TEST-02384,Ayat,2025-11-08 08:00:00,14.5,0.0,73.0,7.0,1,0,0,0.0,0,0,0,0,0,0,0,0,0,0,0,48.0,48.0,8,5,1,11,22,311.3333333333333,20.0,20.0,11.0,17.0,1,"Residential (evening peak, weekend >= weekday)",4
TEST-02861,Bole,2025-11-08 08:00:00,14.5,0.0,73.0,7.0,1,0,0,0.0,0,0,0,0,0,0,0,0,0,0,0,48.0,48.0,8,5,1,11,22,311.3333333333333,23.0,13.0,23.0,19.666666666666668,2,"Leisure / nightlife (late, weekend-heavy)",1
TEST-00884,CMC,2025-11-08 08:00:00,14.5,0.0,73.0,7.0,1,0,0,0.0,0,0,0,0,0,0,0,0,0,0,0,48.0,48.0,8,5,1,11,22,311.3333333333333,15.0,27.0,24.0,22.0,3,"Residential (evening peak, weekend >= weekday)",4
TEST-02304,Gerji,2025-11-08 08:00:00,14.5,0.0,73.0,7.0,1,0,0,0.0,0,0,0,0,0,0,0,0,0,0,0,48.0,48.0,8,5,1,11,22,311.3333333333333,43.0,23.0,21.0,29.0,4,"Residential (evening peak, weekend >= weekday)",4
TEST-02475,Kazanchis,2025-11-08 08:00:00,14.5,0.0,73.0,7.0,1,0,0,0.0,0,0,0,0,0,0,0,0,0,0,0,22.0,48.0,8,5,1,11,22,311.3333333333333,19.0,15.0,15.0,16.333333333333332,5,Business / office (weekday commute),0
TEST-00892,Kolfe,2025-11-08 08:00:00,14.5,0.0,73.0,7.0,1,0,0,0.0,0,0,0,0,0,0,0,0,0,0,0,48.0,48.0,8,5,1,11,22,311.3333333333333,24.0,23.0,25.0,24.0,6,"Residential (evening peak, weekend >= weekday)",4
TEST-01248,Lideta,2025-11-08 08:00:00,14.5,0.0,73.0,7.0,1,0,0,0.0,0,0,0,0,0,0,0,0,0,0,0,48.0,48.0,8,5,1,11,22,311.3333333333333,30.0,18.0,24.0,24.0,7,Mixed hub (commute + busy midday),3
TEST-00282,Megenagna,2025-11-08 08:00:00,14.5,0.0,73.0,7.0,1,0,0,0.0,0,0,0,0,0,0,0,0,0,0,0,42.0,48.0,8,5,1,11,22,311.3333333333333,52.0,39.0,40.0,43.66666666666666,8,Mixed hub (commute + busy midday),3
TEST-01852,Merkato,2025-11-08 08:00:00,14.5,0.0,73.0,7.0,1,0,0,0.0,0,0,0,0,0,0,0,0,0,0,0,48.0,48.0,8,5,1,11,22,311.3333333333333,85.0,95.0,103.0,94.33333333333331,9,Market (midday peak),2
TEST-00248,Piassa,2025-11-08 08:00:00,14.5,0.0,73.0,7.0,1,0,0,0.0,0,0,0,0,0,0,0,0,0,0,0,48.0,48.0,8,5,1,11,22,311.3333333333333,17.0,14.0,13.0,14.666666666666666,10,Business / office (weekday commute),0
TEST-00983,Sarbet,2025-11-08 08:00:00,14.5,0.0,73.0,7.0,1,0,0,0.0,0,0,0,0,0,0,0,0,0,0,0,48.0,48.0,8,5,1,11,22,311.3333333333333,20.0,27.0,31.0,26.0,11,"Residential (evening peak, weekend >= weekday)",4
TEST-01796,Arat Kilo,2025-11-08 09:00:00,19.1,0.0,63.0,13.4,1,0,0,0.0,0,0,0,0,0,0,0,0,0,0,0,48.0,48.0,9,5,1,11,22,311.375,11.0,10.0,11.0,10.666666666666666,0,Business / office (weekday commute),0
TEST-01483,Ayat,2025-11-08 09:00:00,19.1,0.0,63.0,13.4,1,0,0,0.0,0,0,0,0,0,0,0,0,0,0,0,48.0,48.0,9,5,1,11,22,311.375,20.0,26.0,27.0,24.33333333333333,1,"Residential (evening peak, weekend >= weekday)",4
TEST-03561,Bole,2025-11-08 09:00:00,19.1,0.0,63.0,13.4,1,0,0,0.0,0,0,0,0,0,0,0,0,0,0,0,48.0,48.0,9,5,1,11,22,311.375,24.0,20.0,17.0,20.33333333333333,2,"Leisure / nightlife (late, weekend-heavy)",1
TEST-01897,CMC,2025-11-08 09:00:00,19.1,0.0,63.0,13.4,1,0,0,0.0,0,0,0,0,0,0,0,0,0,0,0,48.0,48.0,9,5,1,11,22,311.375,39.0,37.0,30.0,35.333333333333336,3,"Residential (evening peak, weekend >= weekday)",4
TEST-03698,Gerji,2025-11-08 09:00:00,19.1,0.0,63.0,13.4,1,0,0,0.0,0,0,0,0,0,0,0,0,0,0,0,48.0,48.0,9,5,1,11,22,311.375,35.0,24.0,33.0,30.666666666666668,4,"Residential (evening peak, weekend >= weekday)",4
TEST-03906,Kazanchis,2025-11-08 09:00:00,19.1,0.0,63.0,13.4,1,0,0,0.0,0,0,0,0,0,0,0,0,0,0,0,21.0,48.0,9,5,1,11,22,311.375,12.0,15.0,16.0,14.333333333333334,5,Business / office (weekday commute),0
TEST-03662,Kolfe,2025-11-08 09:00:00,19.1,0.0,63.0,13.4,1,0,0,0.0,0,0,0,0,0,0,0,0,0,0,0,48.0,48.0,9,5,1,11,22,311.375,33.0,31.0,36.0,33.333333333333336,6,"Residential (evening peak, weekend >= weekday)",4
TEST-02289,Lideta,2025-11-08 09:00:00,19.1,0.0,63.0,13.4,1,0,0,0.0,0,0,0,0,0,0,0,0,0,0,0,48.0,48.0,9,5,1,11,22,311.375,24.0,34.0,30.0,29.33333333333333,7,Mixed hub (commute + busy midday),3
TEST-02920,Megenagna,2025-11-08 09:00:00,19.1,0.0,63.0,13.4,1,0,0,0.0,0,0,0,0,0,0,0,0,0,0,0,41.0,48.0,9,5,1,11,22,311.375,39.0,40.0,43.0,40.66666666666666,8,Mixed hub (commute + busy midday),3
TEST-02327,Merkato,2025-11-08 09:00:00,19.1,0.0,63.0,13.4,1,0,0,0.0,0,0,0,0,0,0,0,0,0,0,0,48.0,48.0,9,5,1,11,22,311.375,84.0,66.0,89.0,79.66666666666667,9,Market (midday peak),2
TEST-00643,Piassa,2025-11-08 09:00:00,19.1,0.0,63.0,13.4,1,0,0,0.0,0,0,0,0,0,0,0,0,0,0,0,48.0,48.0,9,5,1,11,22,311.375,11.0,23.0,13.0,15.666666666666666,10,Business / office (weekday commute),0
TEST-02157,Sarbet,2025-11-08 09:00:00,19.1,0.0,63.0,13.4,1,0,0,0.0,0,0,0,0,0,0,0,0,0,0,0,48.0,48.0,9,5,1,11,22,311.375,28.0,32.0,28.0,29.33333333333333,11,"Residential (evening peak, weekend >= weekday)",4
TEST-03124,Arat Kilo,2025-11-08 10:00:00,18.8,0.0,66.0,6.4,1,0,0,0.0,0,0,0,0,0,0,0,0,0,0,0,48.0,48.0,10,5,1,11,22,311.4166666666667,13.0,14.0,23.0,16.666666666666668,0,Business / office (weekday commute),0
TEST-00378,Ayat,2025-11-08 10:00:00,18.8,0.0,66.0,6.4,1,0,0,0.0,0,0,0,0,0,0,0,0,0,0,0,48.0,48.0,10,5,1,11,22,311.4166666666667,35.0,40.0,28.0,34.333333333333336,1,"Residential (evening peak, weekend >= weekday)",4
TEST-03134,Bole,2025-11-08 10:00:00,18.8,0.0,66.0,6.4,1,0,0,0.0,0,0,0,0,0,0,0,0,0,0,0,48.0,48.0,10,5,1,11,22,311.4166666666667,31.0,37.0,23.0,30.33333333333333,2,"Leisure / nightlife (late, weekend-heavy)",1
TEST-02963,CMC,2025-11-08 10:00:00,18.8,0.0,66.0,6.4,1,0,0,0.0,0,0,0,0,0,0,0,0,0,0,0,48.0,48.0,10,5,1,11,22,311.4166666666667,,30.0,41.0,35.5,3,"Residential (evening peak, weekend >= weekday)",4
TEST-00015,Gerji,2025-11-08 10:00:00,18.8,0.0,66.0,6.4,1,0,0,0.0,0,0,0,0,0,0,0,0,0,0,0,48.0,48.0,10,5,1,11,22,311.4166666666667,52.0,40.0,45.0,45.66666666666666,4,"Residential (evening peak, weekend >= weekday)",4
TEST-01575,Kazanchis,2025-11-08 10:00:00,18.8,0.0,66.0,6.4,1,0,0,0.0,0,0,0,0,0,0,0,0,0,0,0,20.0,48.0,10,5,1,11,22,311.4166666666667,32.0,25.0,24.0,27.0,5,Business / office (weekday commute),0
TEST-03539,Kolfe,2025-11-08 10:00:00,18.8,0.0,66.0,6.4,1,0,0,0.0,0,0,0,0,0,0,0,0,0,0,0,48.0,48.0,10,5,1,11,22,311.4166666666667,41.0,44.0,41.0,42.0,6,"Residential (evening peak, weekend >= weekday)",4
TEST-03990,Lideta,2025-11-08 10:00:00,18.8,0.0,66.0,6.4,1,0,0,0.0,0,0,0,0,0,0,0,0,0,0,0,48.0,48.0,10,5,1,11,22,311.4166666666667,51.0,34.0,43.0,42.66666666666666,7,Mixed hub (commute + busy midday),3
TEST-03605,Megenagna,2025-11-08 10:00:00,18.8,0.0,66.0,6.4,1,0,0,0.0,0,0,0,0,0,0,0,0,0,0,0,40.0,48.0,10,5,1,11,22,311.4166666666667,56.0,51.0,38.0,48.333333333333336,8,Mixed hub (commute + busy midday),3
TEST-03426,Merkato,2025-11-08 10:00:00,18.8,0.0,66.0,6.4,1,0,0,0.0,0,0,0,0,0,0,0,0,0,0,0,48.0,48.0,10,5,1,11,22,311.4166666666667,114.0,104.0,141.0,119.66666666666669,9,Market (midday peak),2
TEST-03769,Piassa,2025-11-08 10:00:00,18.8,0.0,66.0,6.4,1,0,0,0.0,0,0,0,0,0,0,0,0,0,0,0,48.0,48.0,10,5,1,11,22,311.4166666666667,21.0,26.0,12.0,19.666666666666668,10,Business / office (weekday commute),0
TEST-01049,Sarbet,2025-11-08 10:00:00,18.8,0.0,66.0,6.4,1,0,0,0.0,0,0,0,0,0,0,0,0,0,0,0,48.0,48.0,10,5,1,11,22,311.4166666666667,41.0,37.0,35.0,37.66666666666666,11,"Residential (evening peak, weekend >= weekday)",4
TEST-01038,Arat Kilo,2025-11-08 11:00:00,20.9,0.0,60.0,3.8,1,0,0,0.0,0,0,0,0,0,0,0,0,0,0,0,48.0,48.0,11,5,1,11,22,311.4583333333333,26.0,28.0,16.0,23.33333333333333,0,Business / office (weekday commute),0
TEST-03505,Ayat,2025-11-08 11:00:00,20.9,0.0,60.0,3.8,1,0,0,0.0,0,0,0,0,0,0,0,0,0,0,0,48.0,48.0,11,5,1,11,22,311.4583333333333,41.0,34.0,32.0,35.666666666666664,1,"Residential (evening peak, weekend >= weekday)",4
TEST-03495,Bole,2025-11-08 11:00:00,20.9,0.0,60.0,3.8,1,0,0,0.0,0,0,0,0,0,0,0,0,0,0,0,48.0,48.0,11,5,1,11,22,311.4583333333333,39.0,28.0,35.0,34.0,2,"Leisure / nightlife (late, weekend-heavy)",1
TEST-00210,CMC,2025-11-08 11:00:00,20.9,0.0,60.0,3.8,1,0,0,0.0,0,0,0,0,0,0,0,0,0,0,0,48.0,48.0,11,5,1,11,22,311.4583333333333,44.0,39.0,37.0,40.0,3,"Residential (evening peak, weekend >= weekday)",4
TEST-02655,Gerji,2025-11-08 11:00:00,20.9,0.0,60.0,3.8,1,0,0,0.0,0,0,0,0,0,0,0,0,0,0,0,48.0,48.0,11,5,1,11,22,311.4583333333333,41.0,55.0,47.0,47.66666666666666,4,"Residential (evening peak, weekend >= weekday)",4
TEST-00598,Kazanchis,2025-11-08 11:00:00,20.9,0.0,60.0,3.8,1,0,0,0.0,0,0,0,0,0,0,0,0,0,0,0,19.0,48.0,11,5,1,11,22,311.4583333333333,40.0,26.0,18.0,28.0,5,Business / office (weekday commute),0
TEST-03029,Kolfe,2025-11-08 11:00:00,20.9,0.0,60.0,3.8,1,0,0,0.0,0,0,0,0,0,0,0,0,0,0,0,48.0,48.0,11,5,1,11,22,311.4583333333333,57.0,48.0,41.0,48.66666666666666,6,"Residential (evening peak, weekend >= weekday)",4
TEST-00724,Lideta,2025-11-08 11:00:00,20.9,0.0,60.0,3.8,1,0,0,0.0,0,0,0,0,0,0,0,0,0,0,0,48.0,48.0,11,5,1,11,22,311.4583333333333,41.0,,39.0,40.0,7,Mixed hub (commute + busy midday),3
TEST-01027,Megenagna,2025-11-08 11:00:00,20.9,0.0,60.0,3.8,1,0,0,0.0,0,0,0,0,0,0,0,0,0,0,0,39.0,48.0,11,5,1,11,22,311.4583333333333,51.0,55.0,44.0,50.0,8,Mixed hub (commute + busy midday),3
TEST-00869,Merkato,2025-11-08 11:00:00,20.9,0.0,60.0,3.8,1,0,0,0.0,0,0,0,0,0,0,0,0,0,0,0,48.0,48.0,11,5,1,11,22,311.4583333333333,108.0,134.0,104.0,115.33333333333331,9,Market (midday peak),2
TEST-02689,Piassa,2025-11-08 11:00:00,20.9,0.0,60.0,3.8,1,0,0,0.0,0,0,0,0,0,0,0,0,0,0,0,48.0,48.0,11,5,1,11,22,311.4583333333333,27.0,21.0,35.0,27.666666666666668,10,Business / office (weekday commute),0
TEST-00331,Sarbet,2025-11-08 11:00:00,20.9,0.0,60.0,3.8,1,0,0,0.0,0,0,0,0,0,0,0,0,0,0,0,48.0,48.0,11,5,1,11,22,311.4583333333333,44.0,34.0,24.0,34.0,11,"Residential (evening peak, weekend >= weekday)",4
TEST-03722,Arat Kilo,2025-11-08 12:00:00,22.7,0.0,65.0,20.3,1,0,0,0.0,0,0,0,0,0,0,0,0,0,0,0,48.0,48.0,12,5,1,11,22,311.5,17.0,14.0,17.0,16.0,0,Business / office (weekday commute),0
TEST-03975,Ayat,2025-11-08 12:00:00,22.7,0.0,65.0,20.3,1,0,0,0.0,0,0,0,0,0,0,0,0,0,0,0,48.0,48.0,12,5,1,11,22,311.5,38.0,44.0,40.0,40.66666666666666,1,"Residential (evening peak, weekend >= weekday)",4
TEST-02797,Bole,2025-11-08 12:00:00,22.7,0.0,65.0,20.3,1,0,0,0.0,0,0,0,0,0,0,0,0,0,0,0,48.0,48.0,12,5,1,11,22,311.5,33.0,48.0,29.0,36.66666666666666,2,"Leisure / nightlife (late, weekend-heavy)",1
TEST-00618,CMC,2025-11-08 12:00:00,22.7,0.0,65.0,20.3,1,0,0,0.0,0,0,0,0,0,0,0,0,0,0,0,48.0,48.0,12,5,1,11,22,311.5,62.0,49.0,51.0,54.0,3,"Residential (evening peak, weekend >= weekday)",4
TEST-00632,Gerji,2025-11-08 12:00:00,22.7,0.0,65.0,20.3,1,0,0,0.0,0,0,0,0,0,0,0,0,0,0,0,48.0,48.0,12,5,1,11,22,311.5,40.0,39.0,44.0,41.0,4,"Residential (evening peak, weekend >= weekday)",4
TEST-02321,Kazanchis,2025-11-08 12:00:00,22.7,0.0,65.0,20.3,1,0,0,0.0,0,0,0,0,0,0,0,0,0,0,0,18.0,48.0,12,5,1,11,22,311.5,,24.0,33.0,28.5,5,Business / office (weekday commute),0
TEST-01160,Kolfe,2025-11-08 12:00:00,22.7,0.0,65.0,20.3,1,0,0,0.0,0,0,0,0,0,0,0,0,0,0,0,48.0,48.0,12,5,1,11,22,311.5,42.0,36.0,52.0,43.333333333333336,6,"Residential (evening peak, weekend >= weekday)",4
TEST-01548,Lideta,2025-11-08 12:00:00,22.7,0.0,65.0,20.3,1,0,0,0.0,0,0,0,0,0,0,0,0,0,0,0,48.0,48.0,12,5,1,11,22,311.5,40.0,33.0,37.0,36.66666666666666,7,Mixed hub (commute + busy midday),3
TEST-01835,Megenagna,2025-11-08 12:00:00,22.7,0.0,65.0,20.3,1,0,0,0.0,0,0,0,0,0,0,0,0,0,0,0,38.0,48.0,12,5,1,11,22,311.5,63.0,53.0,49.0,55.0,8,Mixed hub (commute + busy midday),3
TEST-03159,Merkato,2025-11-08 12:00:00,22.7,0.0,65.0,20.3,1,0,0,0.0,0,0,0,0,0,0,0,0,0,0,0,48.0,48.0,12,5,1,11,22,311.5,147.0,131.0,145.0,141.0,9,Market (midday peak),2
TEST-02163,Piassa,2025-11-08 12:00:00,22.7,0.0,65.0,20.3,1,0,0,0.0,0,0,0,0,0,0,0,0,0,0,0,48.0,48.0,12,5,1,11,22,311.5,16.0,24.0,36.0,25.33333333333333,10,Business / office (weekday commute),0
TEST-02231,Sarbet,2025-11-08 12:00:00,22.7,0.0,65.0,20.3,1,0,0,0.0,0,0,0,0,0,0,0,0,0,0,0,48.0,48.0,12,5,1,11,22,311.5,36.0,50.0,35.0,40.333333333333336,11,"Residential (evening peak, weekend >= weekday)",4
TEST-02317,Arat Kilo,2025-11-08 13:00:00,24.0,0.0,58.0,6.3,1,0,0,0.0,0,0,0,0,0,0,0,0,0,0,0,48.0,48.0,13,5,1,11,22,311.5416666666667,16.0,23.0,16.0,18.33333333333333,0,Business / office (weekday commute),0
TEST-00991,Ayat,2025-11-08 13:00:00,24.0,0.0,58.0,6.3,1,0,0,0.0,0,0,0,0,0,0,0,0,0,0,0,48.0,48.0,13,5,1,11,22,311.5416666666667,35.0,37.0,39.0,37.0,1,"Residential (evening peak, weekend >= weekday)",4
TEST-03946,Bole,2025-11-08 13:00:00,24.0,0.0,58.0,6.3,1,0,0,0.0,0,0,0,0,0,0,0,0,0,0,0,48.0,48.0,13,5,1,11,22,311.5416666666667,48.0,38.0,39.0,41.66666666666666,2,"Leisure / nightlife (late, weekend-heavy)",1
TEST-02629,CMC,2025-11-08 13:00:00,24.0,0.0,58.0,6.3,1,0,0,0.0,0,0,0,0,0,0,0,0,0,0,0,48.0,48.0,13,5,1,11,22,311.5416666666667,58.0,,50.0,54.0,3,"Residential (evening peak, weekend >= weekday)",4
TEST-03297,Gerji,2025-11-08 13:00:00,24.0,0.0,58.0,6.3,1,0,0,0.0,0,0,0,0,0,0,0,0,0,0,0,48.0,48.0,13,5,1,11,22,311.5416666666667,46.0,41.0,47.0,44.66666666666666,4,"Residential (evening peak, weekend >= weekday)",4
TEST-00263,Kazanchis,2025-11-08 13:00:00,24.0,0.0,58.0,6.3,1,0,0,0.0,0,0,0,0,0,0,0,0,0,0,0,17.0,48.0,13,5,1,11,22,311.5416666666667,55.0,28.0,52.0,45.0,5,Business / office (weekday commute),0
TEST-01087,Kolfe,2025-11-08 13:00:00,24.0,0.0,58.0,6.3,1,0,0,0.0,0,0,0,0,0,0,0,0,0,0,0,48.0,48.0,13,5,1,11,22,311.5416666666667,32.0,46.0,36.0,38.0,6,"Residential (evening peak, weekend >= weekday)",4
TEST-00437,Lideta,2025-11-08 13:00:00,24.0,0.0,58.0,6.3,1,0,0,0.0,0,0,0,0,0,0,0,0,0,0,0,48.0,48.0,13,5,1,11,22,311.5416666666667,43.0,,39.0,41.0,7,Mixed hub (commute + busy midday),3
TEST-03833,Megenagna,2025-11-08 13:00:00,24.0,0.0,58.0,6.3,1,0,0,0.0,0,0,0,0,0,0,0,0,0,0,0,37.0,48.0,13,5,1,11,22,311.5416666666667,66.0,66.0,62.0,64.66666666666667,8,Mixed hub (commute + busy midday),3
TEST-00538,Merkato,2025-11-08 13:00:00,24.0,0.0,58.0,6.3,1,0,0,0.0,0,0,0,0,0,0,0,0,0,0,0,48.0,48.0,13,5,1,11,22,311.5416666666667,101.0,146.0,153.0,133.33333333333334,9,Market (midday peak),2
TEST-03532,Piassa,2025-11-08 13:00:00,24.0,0.0,58.0,6.3,1,0,0,0.0,0,0,0,0,0,0,0,0,0,0,0,48.0,48.0,13,5,1,11,22,311.5416666666667,32.0,26.0,29.0,29.0,10,Business / office (weekday commute),0
TEST-02596,Sarbet,2025-11-08 13:00:00,24.0,0.0,58.0,6.3,1,0,0,0.0,0,0,0,0,0,0,0,0,0,0,0,48.0,48.0,13,5,1,11,22,311.5416666666667,33.0,34.0,34.0,33.666666666666664,11,"Residential (evening peak, weekend >= weekday)",4
TEST-02868,Arat Kilo,2025-11-08 14:00:00,23.1,0.0,61.0,12.4,1,0,0,0.0,0,0,0,0,0,0,0,0,0,0,0,48.0,48.0,14,5,1,11,22,311.5833333333333,19.0,22.0,15.0,18.666666666666668,0,Business / office (weekday commute),0
TEST-00088,Ayat,2025-11-08 14:00:00,23.1,0.0,61.0,12.4,1,0,0,0.0,0,0,0,0,0,0,0,0,0,0,0,48.0,48.0,14,5,1,11,22,311.5833333333333,40.0,29.0,26.0,31.666666666666668,1,"Residential (evening peak, weekend >= weekday)",4
TEST-01630,Bole,2025-11-08 14:00:00,23.1,0.0,61.0,12.4,1,0,0,0.0,0,0,0,0,0,0,0,0,0,0,0,48.0,48.0,14,5,1,11,22,311.5833333333333,45.0,39.0,60.0,48.0,2,"Leisure / nightlife (late, weekend-heavy)",1
TEST-03078,CMC,2025-11-08 14:00:00,23.1,0.0,61.0,12.4,1,0,0,0.0,0,0,0,0,0,0,0,0,0,0,0,48.0,48.0,14,5,1,11,22,311.5833333333333,50.0,56.0,38.0,48.0,3,"Residential (evening peak, weekend >= weekday)",4
TEST-01609,Gerji,2025-11-08 14:00:00,23.1,0.0,61.0,12.4,1,0,0,0.0,0,0,0,0,0,0,0,0,0,0,0,48.0,48.0,14,5,1,11,22,311.5833333333333,60.0,50.0,47.0,52.333333333333336,4,"Residential (evening peak, weekend >= weekday)",4
TEST-02702,Kazanchis,2025-11-08 14:00:00,23.1,0.0,61.0,12.4,1,0,0,0.0,0,0,0,0,0,0,0,0,0,0,0,16.0,48.0,14,5,1,11,22,311.5833333333333,58.0,39.0,54.0,50.333333333333336,5,Business / office (weekday commute),0
TEST-03798,Kolfe,2025-11-08 14:00:00,23.1,0.0,61.0,12.4,1,0,0,0.0,0,0,0,0,0,0,0,0,0,0,0,48.0,48.0,14,5,1,11,22,311.5833333333333,38.0,,41.0,39.5,6,"Residential (evening peak, weekend >= weekday)",4
TEST-00076,Lideta,2025-11-08 14:00:00,23.1,0.0,61.0,12.4,1,0,0,0.0,0,0,0,0,0,0,0,0,0,0,0,48.0,48.0,14,5,1,11,22,311.5833333333333,45.0,49.0,37.0,43.66666666666666,7,Mixed hub (commute + busy midday),3
TEST-01018,Megenagna,2025-11-08 14:00:00,23.1,0.0,61.0,12.4,1,0,0,0.0,0,0,0,0,0,0,0,0,0,0,0,36.0,48.0,14,5,1,11,22,311.5833333333333,,65.0,48.0,56.5,8,Mixed hub (commute + busy midday),3
TEST-00478,Merkato,2025-11-08 14:00:00,23.1,0.0,61.0,12.4,1,0,0,0.0,0,0,0,0,0,0,0,0,0,0,0,48.0,48.0,14,5,1,11,22,311.5833333333333,145.0,158.0,148.0,150.33333333333334,9,Market (midday peak),2
TEST-01906,Piassa,2025-11-08 14:00:00,23.1,0.0,61.0,12.4,1,0,0,0.0,0,0,0,0,0,0,0,0,0,0,0,48.0,48.0,14,5,1,11,22,311.5833333333333,19.0,26.0,24.0,23.0,10,Business / office (weekday commute),0
TEST-03746,Sarbet,2025-11-08 14:00:00,23.1,0.0,61.0,12.4,1,0,0,0.0,0,0,0,0,0,0,0,0,0,0,0,48.0,48.0,14,5,1,11,22,311.5833333333333,39.0,51.0,39.0,43.0,11,"Residential (evening peak, weekend >= weekday)",4
TEST-01560,Arat Kilo,2025-11-08 15:00:00,23.0,0.0,60.0,5.8,1,0,0,0.0,0,0,0,0,0,0,0,0,0,0,0,48.0,48.0,15,5,1,11,22,311.625,23.0,17.0,11.0,17.0,0,Business / office (weekday commute),0
TEST-03659,Ayat,2025-11-08 15:00:00,23.0,0.0,60.0,5.8,1,0,0,0.0,0,0,0,0,0,0,0,0,0,0,0,48.0,48.0,15,5,1,11,22,311.625,38.0,27.0,32.0,32.333333333333336,1,"Residential (evening peak, weekend >= weekday)",4
TEST-02801,Bole,2025-11-08 15:00:00,23.0,0.0,60.0,5.8,1,0,0,0.0,0,0,0,0,0,0,0,0,0,0,0,48.0,48.0,15,5,1,11,22,311.625,55.0,42.0,48.0,48.333333333333336,2,"Leisure / nightlife (late, weekend-heavy)",1
TEST-01998,CMC,2025-11-08 15:00:00,23.0,0.0,60.0,5.8,1,0,0,0.0,0,0,0,0,0,0,0,0,0,0,0,48.0,48.0,15,5,1,11,22,311.625,53.0,51.0,31.0,45.0,3,"Residential (evening peak, weekend >= weekday)",4
TEST-03114,Gerji,2025-11-08 15:00:00,23.0,0.0,60.0,5.8,1,0,0,0.0,0,0,0,0,0,0,0,0,0,0,0,48.0,48.0,15,5,1,11,22,311.625,50.0,57.0,35.0,47.333333333333336,4,"Residential (evening peak, weekend >= weekday)",4
TEST-02582,Kazanchis,2025-11-08 15:00:00,23.0,0.0,60.0,5.8,1,0,0,0.0,0,0,0,0,0,0,0,0,0,0,0,15.0,48.0,15,5,1,11,22,311.625,33.0,31.0,19.0,27.666666666666668,5,Business / office (weekday commute),0
TEST-03277,Kolfe,2025-11-08 15:00:00,23.0,0.0,60.0,5.8,1,0,0,0.0,0,0,0,0,0,0,0,0,0,0,0,48.0,48.0,15,5,1,11,22,311.625,44.0,31.0,26.0,33.666666666666664,6,"Residential (evening peak, weekend >= weekday)",4
TEST-01905,Lideta,2025-11-08 15:00:00,23.0,0.0,60.0,5.8,1,0,0,0.0,0,0,0,0,0,0,0,0,0,0,0,48.0,48.0,15,5,1,11,22,311.625,46.0,40.0,47.0,44.333333333333336,7,Mixed hub (commute + busy midday),3
TEST-01663,Megenagna,2025-11-08 15:00:00,23.0,0.0,60.0,5.8,1,0,0,0.0,0,0,0,0,0,0,0,0,0,0,0,35.0,48.0,15,5,1,11,22,311.625,60.0,46.0,64.0,56.66666666666666,8,Mixed hub (commute + busy midday),3
TEST-02554,Merkato,2025-11-08 15:00:00,23.0,0.0,60.0,5.8,1,0,0,0.0,0,0,0,0,0,0,0,0,0,0,0,48.0,48.0,15,5,1,11,22,311.625,152.0,120.0,118.0,130.0,9,Market (midday peak),2
TEST-03315,Piassa,2025-11-08 15:00:00,23.0,0.0,60.0,5.8,1,0,0,0.0,0,0,0,0,0,0,0,0,0,0,0,48.0,48.0,15,5,1,11,22,311.625,20.0,31.0,25.0,25.33333333333333,10,Business / office (weekday commute),0
TEST-03193,Sarbet,2025-11-08 15:00:00,23.0,0.0,60.0,5.8,1,0,0,0.0,0,0,0,0,0,0,0,0,0,0,0,48.0,48.0,15,5,1,11,22,311.625,26.0,34.0,36.0,32.0,11,"Residential (evening peak, weekend >= weekday)",4
TEST-01528,Arat Kilo,2025-11-08 16:00:00,23.4,0.0,59.0,8.4,1,0,0,0.0,0,0,0,0,0,0,0,0,0,0,0,48.0,48.0,16,5,1,11,22,311.6666666666667,14.0,14.0,21.0,16.333333333333332,0,Business / office (weekday commute),0
TEST-00249,Ayat,2025-11-08 16:00:00,23.4,0.0,59.0,8.4,1,0,0,0.0,0,0,0,0,0,0,0,0,0,0,0,48.0,48.0,16,5,1,11,22,311.6666666666667,20.0,27.0,31.0,26.0,1,"Residential (evening peak, weekend >= weekday)",4
TEST-01228,Bole,2025-11-08 16:00:00,23.4,0.0,59.0,8.4,1,0,0,0.0,0,0,0,0,0,0,0,0,0,0,0,48.0,48.0,16,5,1,11,22,311.6666666666667,54.0,,48.0,51.0,2,"Leisure / nightlife (late, weekend-heavy)",1
TEST-01977,CMC,2025-11-08 16:00:00,23.4,0.0,59.0,8.4,1,0,0,0.0,0,0,0,0,0,0,0,0,0,0,0,48.0,48.0,16,5,1,11,22,311.6666666666667,37.0,41.0,45.0,41.0,3,"Residential (evening peak, weekend >= weekday)",4
TEST-02495,Gerji,2025-11-08 16:00:00,23.4,0.0,59.0,8.4,1,0,0,0.0,0,0,0,0,0,0,0,0,0,0,0,48.0,48.0,16,5,1,11,22,311.6666666666667,44.0,46.0,43.0,44.333333333333336,4,"Residential (evening peak, weekend >= weekday)",4
TEST-01768,Kazanchis,2025-11-08 16:00:00,23.4,0.0,59.0,8.4,1,0,0,0.0,0,0,0,0,0,0,0,0,0,0,0,14.0,48.0,16,5,1,11,22,311.6666666666667,35.0,36.0,28.0,33.0,5,Business / office (weekday commute),0
TEST-00547,Kolfe,2025-11-08 16:00:00,23.4,0.0,59.0,8.4,1,0,0,0.0,0,0,0,0,0,0,0,0,0,0,0,48.0,48.0,16,5,1,11,22,311.6666666666667,25.0,50.0,41.0,38.66666666666666,6,"Residential (evening peak, weekend >= weekday)",4
TEST-01997,Lideta,2025-11-08 16:00:00,23.4,0.0,59.0,8.4,1,0,0,0.0,0,0,0,0,0,0,0,0,0,0,0,48.0,48.0,16,5,1,11,22,311.6666666666667,43.0,53.0,55.0,50.333333333333336,7,Mixed hub (commute + busy midday),3
TEST-01194,Megenagna,2025-11-08 16:00:00,23.4,0.0,59.0,8.4,1,0,0,0.0,0,0,0,0,0,0,0,0,0,0,0,34.0,48.0,16,5,1,11,22,311.6666666666667,36.0,59.0,55.0,50.0,8,Mixed hub (commute + busy midday),3
TEST-01001,Merkato,2025-11-08 16:00:00,23.4,0.0,59.0,8.4,1,0,0,0.0,0,0,0,0,0,0,0,0,0,0,0,48.0,48.0,16,5,1,11,22,311.6666666666667,106.0,89.0,98.0,97.66666666666669,9,Market (midday peak),2
TEST-02203,Piassa,2025-11-08 16:00:00,23.4,0.0,59.0,8.4,1,0,0,0.0,0,0,0,0,0,0,0,0,0,0,0,48.0,48.0,16,5,1,11,22,311.6666666666667,22.0,,21.0,21.5,10,Business / office (weekday commute),0
TEST-01840,Sarbet,2025-11-08 16:00:00,23.4,0.0,59.0,8.4,1,0,0,0.0,0,0,0,0,0,0,0,0,0,0,0,48.0,48.0,16,5,1,11,22,311.6666666666667,45.0,30.0,45.0,40.0,11,"Residential (evening peak, weekend >= weekday)",4
TEST-03621,Arat Kilo,2025-11-08 17:00:00,23.2,0.0,56.0,7.7,1,0,0,0.0,0,0,0,0,0,0,0,0,0,0,0,48.0,48.0,17,5,1,11,22,311.7083333333333,19.0,15.0,26.0,20.0,0,Business / office (weekday commute),0
TEST-03035,Ayat,2025-11-08 17:00:00,23.2,0.0,56.0,7.7,1,0,0,0.0,0,0,0,0,0,0,0,0,0,0,0,48.0,48.0,17,5,1,11,22,311.7083333333333,35.0,35.0,46.0,38.66666666666666,1,"Residential (evening peak, weekend >= weekday)",4
TEST-03197,Bole,2025-11-08 17:00:00,23.2,0.0,56.0,7.7,1,0,0,0.0,0,0,0,0,0,0,0,0,0,0,0,48.0,48.0,17,5,1,11,22,311.7083333333333,46.0,46.0,40.0,44.0,2,"Leisure / nightlife (late, weekend-heavy)",1
TEST-01305,CMC,2025-11-08 17:00:00,23.2,0.0,56.0,7.7,1,0,0,0.0,0,0,0,0,0,0,0,0,0,0,0,48.0,48.0,17,5,1,11,22,311.7083333333333,66.0,,45.0,55.5,3,"Residential (evening peak, weekend >= weekday)",4
TEST-03972,Gerji,2025-11-08 17:00:00,23.2,0.0,56.0,7.7,1,0,0,0.0,0,0,0,0,0,0,0,0,0,0,0,48.0,48.0,17,5,1,11,22,311.7083333333333,49.0,48.0,49.0,48.66666666666666,4,"Residential (evening peak, weekend >= weekday)",4
TEST-02033,Kazanchis,2025-11-08 17:00:00,23.2,0.0,56.0,7.7,1,0,0,0.0,0,0,0,0,0,0,0,0,0,0,0,13.0,48.0,17,5,1,11,22,311.7083333333333,67.0,36.0,68.0,57.0,5,Business / office (weekday commute),0
TEST-00931,Kolfe,2025-11-08 17:00:00,23.2,0.0,56.0,7.7,1,0,0,0.0,0,0,0,0,0,0,0,0,0,0,0,48.0,48.0,17,5,1,11,22,311.7083333333333,32.0,28.0,36.0,32.0,6,"Residential (evening peak, weekend >= weekday)",4
TEST-03401,Lideta,2025-11-08 17:00:00,23.2,0.0,56.0,7.7,1,0,0,0.0,0,0,0,0,0,0,0,0,0,0,0,48.0,48.0,17,5,1,11,22,311.7083333333333,,45.0,44.0,44.5,7,Mixed hub (commute + busy midday),3
TEST-01767,Megenagna,2025-11-08 17:00:00,23.2,0.0,56.0,7.7,1,0,0,0.0,0,0,0,0,0,0,0,0,0,0,0,33.0,48.0,17,5,1,11,22,311.7083333333333,49.0,47.0,47.0,47.66666666666666,8,Mixed hub (commute + busy midday),3
TEST-01794,Merkato,2025-11-08 17:00:00,23.2,0.0,56.0,7.7,1,0,0,0.0,0,0,0,0,0,0,0,0,0,0,0,48.0,48.0,17,5,1,11,22,311.7083333333333,66.0,106.0,71.0,81.0,9,Market (midday peak),2
TEST-00438,Piassa,2025-11-08 17:00:00,23.2,0.0,56.0,7.7,1,0,0,0.0,0,0,0,0,0,0,0,0,0,0,0,48.0,48.0,17,5,1,11,22,311.7083333333333,35.0,28.0,39.0,34.0,10,Business / office (weekday commute),0
TEST-00287,Sarbet,2025-11-08 17:00:00,23.2,0.0,56.0,7.7,1,0,0,0.0,0,0,0,0,0,0,0,0,0,0,0,48.0,48.0,17,5,1,11,22,311.7083333333333,37.0,33.0,51.0,40.333333333333336,11,"Residential (evening peak, weekend >= weekday)",4
TEST-01094,Arat Kilo,2025-11-08 18:00:00,22.9,0.0,56.0,15.4,1,0,0,0.0,0,0,0,0,0,0,0,0,0,0,0,48.0,48.0,18,5,1,11,22,311.75,34.0,25.0,33.0,30.666666666666668,0,Business / office (weekday commute),0
TEST-03494,Ayat,2025-11-08 18:00:00,22.9,0.0,56.0,15.4,1,0,0,0.0,0,0,0,0,0,0,0,0,0,0,0,48.0,48.0,18,5,1,11,22,311.75,34.0,45.0,35.0,38.0,1,"Residential (evening peak, weekend >= weekday)",4
TEST-02994,Bole,2025-11-08 18:00:00,22.9,0.0,56.0,15.4,1,0,0,0.0,0,0,0,0,0,0,0,0,0,0,0,48.0,48.0,18,5,1,11,22,311.75,61.0,54.0,55.0,56.66666666666666,2,"Leisure / nightlife (late, weekend-heavy)",1
TEST-00909,CMC,2025-11-08 18:00:00,22.9,0.0,56.0,15.4,1,0,0,0.0,0,0,0,0,0,0,0,0,0,0,0,48.0,48.0,18,5,1,11,22,311.75,50.0,63.0,36.0,49.66666666666666,3,"Residential (evening peak, weekend >= weekday)",4
TEST-03041,Gerji,2025-11-08 18:00:00,22.9,0.0,56.0,15.4,1,0,0,0.0,0,0,0,0,0,0,0,0,0,0,0,48.0,48.0,18,5,1,11,22,311.75,53.0,40.0,57.0,50.0,4,"Residential (evening peak, weekend >= weekday)",4
TEST-01435,Kazanchis,2025-11-08 18:00:00,22.9,0.0,56.0,15.4,1,0,0,0.0,0,0,0,0,0,0,0,0,0,0,0,12.0,48.0,18,5,1,11,22,311.75,58.0,61.0,53.0,57.333333333333336,5,Business / office (weekday commute),0
TEST-01051,Kolfe,2025-11-08 18:00:00,22.9,0.0,56.0,15.4,1,0,0,0.0,0,0,0,0,0,0,0,0,0,0,0,48.0,48.0,18,5,1,11,22,311.75,47.0,57.0,39.0,47.66666666666666,6,"Residential (evening peak, weekend >= weekday)",4
TEST-02316,Lideta,2025-11-08 18:00:00,22.9,0.0,56.0,15.4,1,0,0,0.0,0,0,0,0,0,0,0,0,0,0,0,48.0,48.0,18,5,1,11,22,311.75,41.0,39.0,47.0,42.333333333333336,7,Mixed hub (commute + busy midday),3
TEST-02225,Megenagna,2025-11-08 18:00:00,22.9,0.0,56.0,15.4,1,0,0,0.0,0,0,0,0,0,0,0,0,0,0,0,32.0,48.0,18,5,1,11,22,311.75,51.0,49.0,41.0,47.0,8,Mixed hub (commute + busy midday),3
TEST-03974,Merkato,2025-11-08 18:00:00,22.9,0.0,56.0,15.4,1,0,0,0.0,0,0,0,0,0,0,0,0,0,0,0,48.0,48.0,18,5,1,11,22,311.75,36.0,67.0,80.0,61.0,9,Market (midday peak),2
TEST-00225,Piassa,2025-11-08 18:00:00,22.9,0.0,56.0,15.4,1,0,0,0.0,0,0,0,0,0,0,0,0,0,0,0,48.0,48.0,18,5,1,11,22,311.75,40.0,46.0,39.0,41.66666666666666,10,Business / office (weekday commute),0
TEST-03803,Sarbet,2025-11-08 18:00:00,22.9,0.0,56.0,15.4,1,0,0,0.0,0,0,0,0,0,0,0,0,0,0,0,48.0,48.0,18,5,1,11,22,311.75,34.0,31.0,34.0,33.0,11,"Residential (evening peak, weekend >= weekday)",4
TEST-03524,Arat Kilo,2025-11-08 19:00:00,21.35,0.0,63.0,14.0,0,1,1,0.0,0,0,0,0,0,0,0,0,0,0,0,48.0,48.0,19,5,1,11,22,311.7916666666667,26.0,29.0,40.0,31.666666666666668,0,Business / office (weekday commute),0
TEST-02955,Ayat,2025-11-08 19:00:00,21.35,0.0,63.0,14.0,0,1,1,0.0,0,0,0,0,0,0,0,0,0,0,0,48.0,48.0,19,5,1,11,22,311.7916666666667,36.0,38.0,33.0,35.666666666666664,1,"Residential (evening peak, weekend >= weekday)",4
TEST-01102,Bole,2025-11-08 19:00:00,21.35,0.0,63.0,14.0,0,1,1,0.0,0,0,0,0,0,0,0,0,0,0,0,48.0,48.0,19,5,1,11,22,311.7916666666667,54.0,58.0,53.0,55.0,2,"Leisure / nightlife (late, weekend-heavy)",1
TEST-03708,CMC,2025-11-08 19:00:00,21.35,0.0,63.0,14.0,0,1,1,0.0,0,0,0,0,0,0,0,0,0,0,0,48.0,48.0,19,5,1,11,22,311.7916666666667,62.0,55.0,62.0,59.66666666666666,3,"Residential (evening peak, weekend >= weekday)",4
TEST-01553,Gerji,2025-11-08 19:00:00,21.35,0.0,63.0,14.0,0,1,1,0.0,0,0,0,0,0,0,0,0,0,0,0,48.0,48.0,19,5,1,11,22,311.7916666666667,46.0,53.0,64.0,54.333333333333336,4,"Residential (evening peak, weekend >= weekday)",4
TEST-02039,Kazanchis,2025-11-08 19:00:00,21.35,0.0,63.0,14.0,0,1,1,0.0,0,0,0,0,0,0,0,0,0,0,0,11.0,48.0,19,5,1,11,22,311.7916666666667,39.0,45.0,30.0,38.0,5,Business / office (weekday commute),0
TEST-03056,Kolfe,2025-11-08 19:00:00,21.35,0.0,63.0,14.0,0,1,1,0.0,0,0,0,0,0,0,0,0,0,0,0,48.0,48.0,19,5,1,11,22,311.7916666666667,41.0,47.0,48.0,45.333333333333336,6,"Residential (evening peak, weekend >= weekday)",4
TEST-03729,Lideta,2025-11-08 19:00:00,21.35,0.0,63.0,14.0,0,1,1,0.0,0,0,0,0,0,0,0,0,0,0,0,48.0,48.0,19,5,1,11,22,311.7916666666667,28.0,37.0,24.0,29.666666666666668,7,Mixed hub (commute + busy midday),3
TEST-03914,Megenagna,2025-11-08 19:00:00,21.35,0.0,63.0,14.0,0,1,1,0.0,0,0,0,0,0,0,0,0,0,0,0,31.0,48.0,19,5,1,11,22,311.7916666666667,36.0,47.0,57.0,46.66666666666666,8,Mixed hub (commute + busy midday),3
TEST-00707,Merkato,2025-11-08 19:00:00,21.35,0.0,63.0,14.0,0,1,1,0.0,0,0,0,0,0,0,0,0,0,0,0,48.0,48.0,19,5,1,11,22,311.7916666666667,30.0,41.0,31.0,34.0,9,Market (midday peak),2
TEST-01440,Piassa,2025-11-08 19:00:00,21.35,0.0,63.0,14.0,0,1,1,0.0,0,0,0,0,0,0,0,0,0,0,0,48.0,48.0,19,5,1,11,22,311.7916666666667,53.0,40.0,29.0,40.66666666666666,10,Business / office (weekday commute),0
TEST-00017,Sarbet,2025-11-08 19:00:00,21.35,0.0,63.0,14.0,0,1,1,0.0,0,0,0,0,0,0,0,0,0,0,0,48.0,48.0,19,5,1,11,22,311.7916666666667,43.0,46.0,31.0,40.0,11,"Residential (evening peak, weekend >= weekday)",4
TEST-02101,Arat Kilo,2025-11-08 20:00:00,19.8,0.0,70.0,12.6,1,0,0,0.0,0,0,0,0,0,0,0,0,0,0,0,48.0,48.0,20,5,1,11,22,311.8333333333333,20.0,19.0,26.0,21.666666666666668,0,Business / office (weekday commute),0
TEST-02825,Ayat,2025-11-08 20:00:00,19.8,0.0,70.0,12.6,1,0,0,0.0,0,0,0,0,0,0,0,0,0,0,0,48.0,48.0,20,5,1,11,22,311.8333333333333,31.0,28.0,31.0,30.0,1,"Residential (evening peak, weekend >= weekday)",4
TEST-02034,Bole,2025-11-08 20:00:00,19.8,0.0,70.0,12.6,1,0,0,0.0,0,0,0,0,0,0,0,0,0,0,0,48.0,48.0,20,5,1,11,22,311.8333333333333,90.0,72.0,85.0,82.33333333333333,2,"Leisure / nightlife (late, weekend-heavy)",1
TEST-03065,CMC,2025-11-08 20:00:00,19.8,0.0,70.0,12.6,1,0,0,0.0,0,0,0,0,0,0,0,0,0,0,0,48.0,48.0,20,5,1,11,22,311.8333333333333,64.0,35.0,34.0,44.333333333333336,3,"Residential (evening peak, weekend >= weekday)",4
TEST-02487,Gerji,2025-11-08 20:00:00,19.8,0.0,70.0,12.6,1,0,0,0.0,0,0,0,0,0,0,0,0,0,0,0,48.0,48.0,20,5,1,11,22,311.8333333333333,39.0,36.0,39.0,38.0,4,"Residential (evening peak, weekend >= weekday)",4
TEST-00352,Kazanchis,2025-11-08 20:00:00,19.8,0.0,70.0,12.6,1,0,0,0.0,0,0,0,0,0,0,0,0,0,0,0,10.0,48.0,20,5,1,11,22,311.8333333333333,41.0,29.0,34.0,34.666666666666664,5,Business / office (weekday commute),0
TEST-00107,Kolfe,2025-11-08 20:00:00,19.8,0.0,70.0,12.6,1,0,0,0.0,0,0,0,0,0,0,0,0,0,0,0,48.0,48.0,20,5,1,11,22,311.8333333333333,34.0,41.0,35.0,36.66666666666666,6,"Residential (evening peak, weekend >= weekday)",4
TEST-03191,Lideta,2025-11-08 20:00:00,19.8,0.0,70.0,12.6,1,0,0,0.0,0,0,0,0,0,0,0,0,0,0,0,48.0,48.0,20,5,1,11,22,311.8333333333333,28.0,32.0,34.0,31.33333333333333,7,Mixed hub (commute + busy midday),3
TEST-01209,Megenagna,2025-11-08 20:00:00,19.8,0.0,70.0,12.6,1,0,0,0.0,0,0,0,0,0,0,0,0,0,0,0,30.0,48.0,20,5,1,11,22,311.8333333333333,46.0,46.0,32.0,41.333333333333336,8,Mixed hub (commute + busy midday),3
TEST-01032,Merkato,2025-11-08 20:00:00,19.8,0.0,70.0,12.6,1,0,0,0.0,0,0,0,0,0,0,0,0,0,0,0,48.0,48.0,20,5,1,11,22,311.8333333333333,24.0,14.0,19.0,19.0,9,Market (midday peak),2
TEST-03241,Piassa,2025-11-08 20:00:00,19.8,0.0,70.0,12.6,1,0,0,0.0,0,0,0,0,0,0,0,0,0,0,0,48.0,48.0,20,5,1,11,22,311.8333333333333,29.0,,32.0,30.5,10,Business / office (weekday commute),0
TEST-00187,Sarbet,2025-11-08 20:00:00,19.8,0.0,70.0,12.6,1,0,0,0.0,0,0,0,0,0,0,0,0,0,0,0,48.0,48.0,20,5,1,11,22,311.8333333333333,46.0,26.0,35.0,35.666666666666664,11,"Residential (evening peak, weekend >= weekday)",4
TEST-01119,Arat Kilo,2025-11-08 21:00:00,17.7,0.0,73.0,8.6,1,0,0,0.0,0,0,0,0,0,0,0,0,0,0,0,48.0,48.0,21,5,1,11,22,311.875,18.0,16.0,17.0,17.0,0,Business / office (weekday commute),0
TEST-01546,Ayat,2025-11-08 21:00:00,17.7,0.0,73.0,8.6,1,0,0,0.0,0,0,0,0,0,0,0,0,0,0,0,48.0,48.0,21,5,1,11,22,311.875,31.0,25.0,27.0,27.666666666666668,1,"Residential (evening peak, weekend >= weekday)",4
TEST-03051,Bole,2025-11-08 21:00:00,17.7,0.0,73.0,8.6,1,0,0,0.0,0,0,0,0,0,0,0,0,0,0,0,48.0,48.0,21,5,1,11,22,311.875,109.0,115.0,85.0,103.0,2,"Leisure / nightlife (late, weekend-heavy)",1
TEST-01503,CMC,2025-11-08 21:00:00,17.7,0.0,73.0,8.6,1,0,0,0.0,0,0,0,0,0,0,0,0,0,0,0,48.0,48.0,21,5,1,11,22,311.875,34.0,29.0,52.0,38.333333333333336,3,"Residential (evening peak, weekend >= weekday)",4
TEST-01331,Gerji,2025-11-08 21:00:00,17.7,0.0,73.0,8.6,1,0,0,0.0,0,0,0,0,0,0,0,0,0,0,0,48.0,48.0,21,5,1,11,22,311.875,27.0,31.0,33.0,30.33333333333333,4,"Residential (evening peak, weekend >= weekday)",4
TEST-03218,Kazanchis,2025-11-08 21:00:00,17.7,0.0,73.0,8.6,1,0,0,0.0,0,0,0,0,0,0,0,0,0,0,0,9.0,48.0,21,5,1,11,22,311.875,23.0,28.0,24.0,25.0,5,Business / office (weekday commute),0
TEST-02174,Kolfe,2025-11-08 21:00:00,17.7,0.0,73.0,8.6,1,0,0,0.0,0,0,0,0,0,0,0,0,0,0,0,48.0,48.0,21,5,1,11,22,311.875,30.0,34.0,33.0,32.333333333333336,6,"Residential (evening peak, weekend >= weekday)",4
TEST-03774,Lideta,2025-11-08 21:00:00,17.7,0.0,73.0,8.6,1,0,0,0.0,0,0,0,0,0,0,0,0,0,0,0,48.0,48.0,21,5,1,11,22,311.875,17.0,18.0,20.0,18.33333333333333,7,Mixed hub (commute + busy midday),3
TEST-02520,Megenagna,2025-11-08 21:00:00,17.7,0.0,73.0,8.6,1,0,0,0.0,0,0,0,0,0,0,0,0,0,0,0,29.0,48.0,21,5,1,11,22,311.875,37.0,26.0,,31.5,8,Mixed hub (commute + busy midday),3
TEST-00492,Merkato,2025-11-08 21:00:00,17.7,0.0,73.0,8.6,1,0,0,0.0,0,0,0,0,0,0,0,0,0,0,0,48.0,48.0,21,5,1,11,22,311.875,14.0,4.0,7.0,8.333333333333334,9,Market (midday peak),2
TEST-00268,Piassa,2025-11-08 21:00:00,17.7,0.0,73.0,8.6,1,0,0,0.0,0,0,0,0,0,0,0,0,0,0,0,48.0,48.0,21,5,1,11,22,311.875,24.0,24.0,16.0,21.33333333333333,10,Business / office (weekday commute),0
TEST-03145,Sarbet,2025-11-08 21:00:00,17.7,0.0,73.0,8.6,1,0,0,0.0,0,0,0,0,0,0,0,0,0,0,0,48.0,48.0,21,5,1,11,22,311.875,32.0,44.0,20.0,32.0,11,"Residential (evening peak, weekend >= weekday)",4
TEST-02110,Arat Kilo,2025-11-08 22:00:00,15.2,0.0,75.0,9.0,1,0,0,0.0,0,0,0,0,0,0,0,0,0,0,0,48.0,48.0,22,5,1,11,22,311.9166666666667,12.0,19.0,14.0,15.0,0,Business / office (weekday commute),0
TEST-00851,Ayat,2025-11-08 22:00:00,15.2,0.0,75.0,9.0,1,0,0,0.0,0,0,0,0,0,0,0,0,0,0,0,48.0,48.0,22,5,1,11,22,311.9166666666667,20.0,16.0,18.0,18.0,1,"Residential (evening peak, weekend >= weekday)",4
TEST-00627,Bole,2025-11-08 22:00:00,15.2,0.0,75.0,9.0,1,0,0,0.0,0,0,0,0,0,0,0,0,0,0,0,48.0,48.0,22,5,1,11,22,311.9166666666667,117.0,137.0,96.0,116.66666666666669,2,"Leisure / nightlife (late, weekend-heavy)",1
TEST-01103,CMC,2025-11-08 22:00:00,15.2,0.0,75.0,9.0,1,0,0,0.0,0,0,0,0,0,0,0,0,0,0,0,48.0,48.0,22,5,1,11,22,311.9166666666667,22.0,20.0,24.0,22.0,3,"Residential (evening peak, weekend >= weekday)",4
TEST-02422,Gerji,2025-11-08 22:00:00,15.2,0.0,75.0,9.0,1,0,0,0.0,0,0,0,0,0,0,0,0,0,0,0,48.0,48.0,22,5,1,11,22,311.9166666666667,16.0,,21.0,18.5,4,"Residential (evening peak, weekend >= weekday)",4
TEST-00526,Kazanchis,2025-11-08 22:00:00,15.2,0.0,75.0,9.0,1,0,0,0.0,0,0,0,0,0,0,0,0,0,0,0,8.0,48.0,22,5,1,11,22,311.9166666666667,20.0,16.0,13.0,16.333333333333332,5,Business / office (weekday commute),0
TEST-02600,Kolfe,2025-11-08 22:00:00,15.2,0.0,75.0,9.0,1,0,0,0.0,0,0,0,0,0,0,0,0,0,0,0,48.0,48.0,22,5,1,11,22,311.9166666666667,14.0,12.0,21.0,15.666666666666666,6,"Residential (evening peak, weekend >= weekday)",4
TEST-02674,Lideta,2025-11-08 22:00:00,15.2,0.0,75.0,9.0,1,0,0,0.0,0,0,0,0,0,0,0,0,0,0,0,48.0,48.0,22,5,1,11,22,311.9166666666667,14.0,23.0,19.0,18.666666666666668,7,Mixed hub (commute + busy midday),3
TEST-01791,Megenagna,2025-11-08 22:00:00,15.2,0.0,75.0,9.0,1,0,0,0.0,0,0,0,0,0,0,0,0,0,0,0,28.0,48.0,22,5,1,11,22,311.9166666666667,38.0,21.0,21.0,26.666666666666668,8,Mixed hub (commute + busy midday),3
TEST-00994,Merkato,2025-11-08 22:00:00,15.2,0.0,75.0,9.0,1,0,0,0.0,0,0,0,0,0,0,0,0,0,0,0,48.0,48.0,22,5,1,11,22,311.9166666666667,2.0,5.0,9.0,5.333333333333333,9,Market (midday peak),2
TEST-03358,Piassa,2025-11-08 22:00:00,15.2,0.0,75.0,9.0,1,0,0,0.0,0,0,0,0,0,0,0,0,0,0,0,48.0,48.0,22,5,1,11,22,311.9166666666667,8.0,12.0,9.0,9.666666666666666,10,Business / office (weekday commute),0
TEST-01378,Sarbet,2025-11-08 22:00:00,15.2,0.0,75.0,9.0,1,0,0,0.0,0,0,0,0,0,0,0,0,0,0,0,48.0,48.0,22,5,1,11,22,311.9166666666667,29.0,,14.0,21.5,11,"Residential (evening peak, weekend >= weekday)",4
TEST-01271,Arat Kilo,2025-11-08 23:00:00,14.2,0.0,81.0,3.8,1,0,0,0.0,0,0,0,0,0,0,0,0,0,0,0,48.0,48.0,23,5,1,11,22,311.9583333333333,7.0,4.0,13.0,8.0,0,Business / office (weekday commute),0
TEST-00374,Ayat,2025-11-08 23:00:00,14.2,0.0,81.0,3.8,1,0,0,0.0,0,0,0,0,0,0,0,0,0,0,0,48.0,48.0,23,5,1,11,22,311.9583333333333,19.0,20.0,9.0,16.0,1,"Residential (evening peak, weekend >= weekday)",4
TEST-03286,Bole,2025-11-08 23:00:00,14.2,0.0,81.0,3.8,1,0,0,0.0,0,0,0,0,0,0,0,0,0,0,0,48.0,48.0,23,5,1,11,22,311.9583333333333,112.0,109.0,112.0,111.0,2,"Leisure / nightlife (late, weekend-heavy)",1
TEST-02981,CMC,2025-11-08 23:00:00,14.2,0.0,81.0,3.8,1,0,0,0.0,0,0,0,0,0,0,0,0,0,0,0,48.0,48.0,23,5,1,11,22,311.9583333333333,12.0,14.0,20.0,15.333333333333334,3,"Residential (evening peak, weekend >= weekday)",4
TEST-00430,Gerji,2025-11-08 23:00:00,14.2,0.0,81.0,3.8,1,0,0,0.0,0,0,0,0,0,0,0,0,0,0,0,48.0,48.0,23,5,1,11,22,311.9583333333333,7.0,17.0,15.0,13.0,4,"Residential (evening peak, weekend >= weekday)",4
TEST-02885,Kazanchis,2025-11-08 23:00:00,14.2,0.0,81.0,3.8,1,0,0,0.0,0,0,0,0,0,0,0,0,0,0,0,7.0,48.0,23,5,1,11,22,311.9583333333333,9.0,14.0,9.0,10.666666666666666,5,Business / office (weekday commute),0
TEST-03161,Kolfe,2025-11-08 23:00:00,14.2,0.0,81.0,3.8,1,0,0,0.0,0,0,0,0,0,0,0,0,0,0,0,48.0,48.0,23,5,1,11,22,311.9583333333333,7.0,11.0,11.0,9.666666666666666,6,"Residential (evening peak, weekend >= weekday)",4
TEST-03360,Lideta,2025-11-08 23:00:00,14.2,0.0,81.0,3.8,1,0,0,0.0,0,0,0,0,0,0,0,0,0,0,0,48.0,48.0,23,5,1,11,22,311.9583333333333,15.0,6.0,13.0,11.333333333333334,7,Mixed hub (commute + busy midday),3
TEST-02646,Megenagna,2025-11-08 23:00:00,14.2,0.0,81.0,3.8,1,0,0,0.0,0,0,0,0,0,0,0,0,0,0,0,27.0,48.0,23,5,1,11,22,311.9583333333333,11.0,19.0,11.0,13.666666666666666,8,Mixed hub (commute + busy midday),3
TEST-02528,Merkato,2025-11-08 23:00:00,14.2,0.0,81.0,3.8,1,0,0,0.0,0,0,0,0,0,0,0,0,0,0,0,48.0,48.0,23,5,1,11,22,311.9583333333333,11.0,8.0,7.0,8.666666666666666,9,Market (midday peak),2
TEST-00765,Piassa,2025-11-08 23:00:00,14.2,0.0,81.0,3.8,1,0,0,0.0,0,0,0,0,0,0,0,0,0,0,0,48.0,48.0,23,5,1,11,22,311.9583333333333,9.0,,9.0,9.0,10,Business / office (weekday commute),0
TEST-02791,Sarbet,2025-11-08 23:00:00,14.2,0.0,81.0,3.8,1,0,0,0.0,0,0,0,0,0,0,0,0,0,0,0,48.0,48.0,23,5,1,11,22,311.9583333333333,7.0,4.0,10.0,7.0,11,"Residential (evening peak, weekend >= weekday)",4
TEST-03368,Arat Kilo,2025-11-09 00:00:00,11.3,0.0,83.0,11.4,1,0,0,0.0,0,0,0,0,0,0,0,0,0,0,0,48.0,48.0,0,6,1,11,21,312.0,7.0,3.0,4.0,4.666666666666667,0,Business / office (weekday commute),0
TEST-00657,Ayat,2025-11-09 00:00:00,11.3,0.0,83.0,11.4,1,0,0,0.0,0,0,0,0,0,0,0,0,0,0,0,48.0,48.0,0,6,1,11,21,312.0,5.0,6.0,9.0,6.666666666666667,1,"Residential (evening peak, weekend >= weekday)",4
TEST-03517,Bole,2025-11-09 00:00:00,11.3,0.0,83.0,11.4,1,0,0,0.0,0,0,0,0,0,0,0,0,0,0,0,48.0,48.0,0,6,1,11,21,312.0,107.0,130.0,91.0,109.33333333333331,2,"Leisure / nightlife (late, weekend-heavy)",1
TEST-01751,CMC,2025-11-09 00:00:00,11.3,0.0,83.0,11.4,1,0,0,0.0,0,0,0,0,0,0,0,0,0,0,0,48.0,48.0,0,6,1,11,21,312.0,5.0,4.0,11.0,6.666666666666667,3,"Residential (evening peak, weekend >= weekday)",4
TEST-01554,Gerji,2025-11-09 00:00:00,11.3,0.0,83.0,11.4,1,0,0,0.0,0,0,0,0,0,0,0,0,0,0,0,48.0,48.0,0,6,1,11,21,312.0,8.0,6.0,11.0,8.333333333333334,4,"Residential (evening peak, weekend >= weekday)",4
TEST-01566,Kazanchis,2025-11-09 00:00:00,11.3,0.0,83.0,11.4,1,0,0,0.0,0,0,0,0,0,0,0,0,0,0,0,6.0,48.0,0,6,1,11,21,312.0,7.0,10.0,6.0,7.666666666666667,5,Business / office (weekday commute),0
TEST-02594,Kolfe,2025-11-09 00:00:00,11.3,0.0,83.0,11.4,1,0,0,0.0,0,0,0,0,0,0,0,0,0,0,0,48.0,48.0,0,6,1,11,21,312.0,11.0,7.0,12.0,10.0,6,"Residential (evening peak, weekend >= weekday)",4
TEST-00980,Lideta,2025-11-09 00:00:00,11.3,0.0,83.0,11.4,1,0,0,0.0,0,0,0,0,0,0,0,0,0,0,0,48.0,48.0,0,6,1,11,21,312.0,9.0,7.0,9.0,8.333333333333334,7,Mixed hub (commute + busy midday),3
TEST-00761,Megenagna,2025-11-09 00:00:00,11.3,0.0,83.0,11.4,1,0,0,0.0,0,0,0,0,0,0,0,0,0,0,0,26.0,48.0,0,6,1,11,21,312.0,10.0,14.0,11.0,11.666666666666666,8,Mixed hub (commute + busy midday),3
TEST-00722,Merkato,2025-11-09 00:00:00,11.3,0.0,83.0,11.4,1,0,0,0.0,0,0,0,0,0,0,0,0,0,0,0,48.0,48.0,0,6,1,11,21,312.0,4.0,0.0,1.0,1.6666666666666667,9,Market (midday peak),2
TEST-00937,Piassa,2025-11-09 00:00:00,11.3,0.0,83.0,11.4,1,0,0,0.0,0,0,0,0,0,0,0,0,0,0,0,48.0,48.0,0,6,1,11,21,312.0,8.0,10.0,10.0,9.333333333333334,10,Business / office (weekday commute),0
TEST-03951,Sarbet,2025-11-09 00:00:00,11.3,0.0,83.0,11.4,1,0,0,0.0,0,0,0,0,0,0,0,0,0,0,0,48.0,48.0,0,6,1,11,21,312.0,4.0,4.0,2.0,3.333333333333333,11,"Residential (evening peak, weekend >= weekday)",4
TEST-01649,Arat Kilo,2025-11-09 01:00:00,9.3,0.0,89.0,8.3,1,0,0,0.0,0,0,0,0,0,0,0,0,0,0,0,48.0,48.0,1,6,1,11,21,312.0416666666667,5.0,8.0,5.0,6.0,0,Business / office (weekday commute),0
TEST-01981,Ayat,2025-11-09 01:00:00,9.3,0.0,89.0,8.3,1,0,0,0.0,0,0,0,0,0,0,0,0,0,0,0,48.0,48.0,1,6,1,11,21,312.0416666666667,5.0,9.0,3.0,5.666666666666667,1,"Residential (evening peak, weekend >= weekday)",4
TEST-00666,Bole,2025-11-09 01:00:00,9.3,0.0,89.0,8.3,1,0,0,0.0,0,0,0,0,0,0,0,0,0,0,0,48.0,48.0,1,6,1,11,21,312.0416666666667,57.0,72.0,59.0,62.66666666666666,2,"Leisure / nightlife (late, weekend-heavy)",1
TEST-01870,CMC,2025-11-09 01:00:00,9.3,0.0,89.0,8.3,1,0,0,0.0,0,0,0,0,0,0,0,0,0,0,0,48.0,48.0,1,6,1,11,21,312.0416666666667,6.0,0.0,8.0,4.666666666666667,3,"Residential (evening peak, weekend >= weekday)",4
TEST-03674,Gerji,2025-11-09 01:00:00,9.3,0.0,89.0,8.3,1,0,0,0.0,0,0,0,0,0,0,0,0,0,0,0,48.0,48.0,1,6,1,11,21,312.0416666666667,14.0,5.0,5.0,8.0,4,"Residential (evening peak, weekend >= weekday)",4
TEST-00146,Kazanchis,2025-11-09 01:00:00,9.3,0.0,89.0,8.3,1,0,0,0.0,0,0,0,0,0,0,0,0,0,0,0,5.0,48.0,1,6,1,11,21,312.0416666666667,3.0,5.0,8.0,5.333333333333333,5,Business / office (weekday commute),0
TEST-00777,Kolfe,2025-11-09 01:00:00,9.3,0.0,89.0,8.3,1,0,0,0.0,0,0,0,0,0,0,0,0,0,0,0,48.0,48.0,1,6,1,11,21,312.0416666666667,6.0,12.0,6.0,8.0,6,"Residential (evening peak, weekend >= weekday)",4
TEST-03874,Lideta,2025-11-09 01:00:00,9.3,0.0,89.0,8.3,1,0,0,0.0,0,0,0,0,0,0,0,0,0,0,0,48.0,48.0,1,6,1,11,21,312.0416666666667,13.0,11.0,6.0,10.0,7,Mixed hub (commute + busy midday),3
TEST-03910,Megenagna,2025-11-09 01:00:00,9.3,0.0,89.0,8.3,1,0,0,0.0,0,0,0,0,0,0,0,0,0,0,0,25.0,48.0,1,6,1,11,21,312.0416666666667,14.0,5.0,10.0,9.666666666666666,8,Mixed hub (commute + busy midday),3
TEST-02776,Merkato,2025-11-09 01:00:00,9.3,0.0,89.0,8.3,1,0,0,0.0,0,0,0,0,0,0,0,0,0,0,0,48.0,48.0,1,6,1,11,21,312.0416666666667,5.0,3.0,,4.0,9,Market (midday peak),2
TEST-02140,Piassa,2025-11-09 01:00:00,9.3,0.0,89.0,8.3,1,0,0,0.0,0,0,0,0,0,0,0,0,0,0,0,48.0,48.0,1,6,1,11,21,312.0416666666667,9.0,2.0,4.0,5.0,10,Business / office (weekday commute),0
TEST-03636,Sarbet,2025-11-09 01:00:00,9.3,0.0,89.0,8.3,1,0,0,0.0,0,0,0,0,0,0,0,0,0,0,0,48.0,48.0,1,6,1,11,21,312.0416666666667,,6.0,5.0,5.5,11,"Residential (evening peak, weekend >= weekday)",4
TEST-02908,Arat Kilo,2025-11-09 02:00:00,9.1,0.0,91.0,13.7,1,0,0,0.0,0,0,0,0,0,0,0,0,0,0,0,48.0,48.0,2,6,1,11,21,312.0833333333333,4.0,4.0,3.0,3.6666666666666665,0,Business / office (weekday commute),0
TEST-02471,Ayat,2025-11-09 02:00:00,9.1,0.0,91.0,13.7,1,0,0,0.0,0,0,0,0,0,0,0,0,0,0,0,48.0,48.0,2,6,1,11,21,312.0833333333333,2.0,5.0,5.0,4.0,1,"Residential (evening peak, weekend >= weekday)",4
TEST-02850,Bole,2025-11-09 02:00:00,9.1,0.0,91.0,13.7,1,0,0,0.0,0,0,0,0,0,0,0,0,0,0,0,48.0,48.0,2,6,1,11,21,312.0833333333333,32.0,34.0,39.0,35.0,2,"Leisure / nightlife (late, weekend-heavy)",1
TEST-03978,CMC,2025-11-09 02:00:00,9.1,0.0,91.0,13.7,1,0,0,0.0,0,0,0,0,0,0,0,0,0,0,0,48.0,48.0,2,6,1,11,21,312.0833333333333,5.0,7.0,3.0,5.0,3,"Residential (evening peak, weekend >= weekday)",4
TEST-00788,Gerji,2025-11-09 02:00:00,9.1,0.0,91.0,13.7,1,0,0,0.0,0,0,0,0,0,0,0,0,0,0,0,48.0,48.0,2,6,1,11,21,312.0833333333333,8.0,4.0,8.0,6.666666666666667,4,"Residential (evening peak, weekend >= weekday)",4
TEST-00773,Kazanchis,2025-11-09 02:00:00,9.1,0.0,91.0,13.7,1,0,0,0.0,0,0,0,0,0,0,0,0,0,0,0,4.0,48.0,2,6,1,11,21,312.0833333333333,,6.0,1.0,3.5,5,Business / office (weekday commute),0
TEST-00503,Kolfe,2025-11-09 02:00:00,9.1,0.0,91.0,13.7,1,0,0,0.0,0,0,0,0,0,0,0,0,0,0,0,48.0,48.0,2,6,1,11,21,312.0833333333333,7.0,3.0,2.0,4.0,6,"Residential (evening peak, weekend >= weekday)",4
TEST-02560,Lideta,2025-11-09 02:00:00,9.1,0.0,91.0,13.7,1,0,0,0.0,0,0,0,0,0,0,0,0,0,0,0,48.0,48.0,2,6,1,11,21,312.0833333333333,13.0,6.0,17.0,12.0,7,Mixed hub (commute + busy midday),3
TEST-03512,Megenagna,2025-11-09 02:00:00,9.1,0.0,91.0,13.7,1,0,0,0.0,0,0,0,0,0,0,0,0,0,0,0,24.0,48.0,2,6,1,11,21,312.0833333333333,15.0,15.0,19.0,16.333333333333332,8,Mixed hub (commute + busy midday),3
TEST-01606,Merkato,2025-11-09 02:00:00,9.1,0.0,91.0,13.7,1,0,0,0.0,0,0,0,0,0,0,0,0,0,0,0,48.0,48.0,2,6,1,11,21,312.0833333333333,6.0,3.0,3.0,4.0,9,Market (midday peak),2
TEST-02166,Piassa,2025-11-09 02:00:00,9.1,0.0,91.0,13.7,1,0,0,0.0,0,0,0,0,0,0,0,0,0,0,0,48.0,48.0,2,6,1,11,21,312.0833333333333,4.0,4.0,8.0,5.333333333333333,10,Business / office (weekday commute),0
TEST-01214,Sarbet,2025-11-09 02:00:00,9.1,0.0,91.0,13.7,1,0,0,0.0,0,0,0,0,0,0,0,0,0,0,0,48.0,48.0,2,6,1,11,21,312.0833333333333,6.0,6.0,5.0,5.666666666666667,11,"Residential (evening peak, weekend >= weekday)",4
TEST-03020,Arat Kilo,2025-11-09 03:00:00,9.3,0.0,92.0,12.9,1,0,0,0.0,0,0,0,0,0,0,0,0,0,0,0,48.0,48.0,3,6,1,11,21,312.125,0.0,1.0,2.0,1.0,0,Business / office (weekday commute),0
TEST-03963,Ayat,2025-11-09 03:00:00,9.3,0.0,92.0,12.9,1,0,0,0.0,0,0,0,0,0,0,0,0,0,0,0,48.0,48.0,3,6,1,11,21,312.125,3.0,1.0,7.0,3.6666666666666665,1,"Residential (evening peak, weekend >= weekday)",4
TEST-01550,Bole,2025-11-09 03:00:00,9.3,0.0,92.0,12.9,1,0,0,0.0,0,0,0,0,0,0,0,0,0,0,0,48.0,48.0,3,6,1,11,21,312.125,31.0,18.0,26.0,25.0,2,"Leisure / nightlife (late, weekend-heavy)",1
TEST-02230,CMC,2025-11-09 03:00:00,9.3,0.0,92.0,12.9,1,0,0,0.0,0,0,0,0,0,0,0,0,0,0,0,48.0,48.0,3,6,1,11,21,312.125,11.0,11.0,6.0,9.333333333333334,3,"Residential (evening peak, weekend >= weekday)",4
TEST-00426,Gerji,2025-11-09 03:00:00,9.3,0.0,92.0,12.9,1,0,0,0.0,0,0,0,0,0,0,0,0,0,0,0,48.0,48.0,3,6,1,11,21,312.125,,5.0,5.0,5.0,4,"Residential (evening peak, weekend >= weekday)",4
TEST-02445,Kazanchis,2025-11-09 03:00:00,9.3,0.0,92.0,12.9,1,0,0,0.0,0,0,0,0,0,0,0,0,0,0,0,3.0,48.0,3,6,1,11,21,312.125,3.0,10.0,3.0,5.333333333333333,5,Business / office (weekday commute),0
TEST-01850,Kolfe,2025-11-09 03:00:00,9.3,0.0,92.0,12.9,1,0,0,0.0,0,0,0,0,0,0,0,0,0,0,0,48.0,48.0,3,6,1,11,21,312.125,8.0,7.0,5.0,6.666666666666667,6,"Residential (evening peak, weekend >= weekday)",4
TEST-02788,Lideta,2025-11-09 03:00:00,9.3,0.0,92.0,12.9,1,0,0,0.0,0,0,0,0,0,0,0,0,0,0,0,48.0,48.0,3,6,1,11,21,312.125,17.0,10.0,11.0,12.666666666666666,7,Mixed hub (commute + busy midday),3
TEST-03872,Megenagna,2025-11-09 03:00:00,9.3,0.0,92.0,12.9,1,0,0,0.0,0,0,0,0,0,0,0,0,0,0,0,23.0,48.0,3,6,1,11,21,312.125,16.0,14.0,12.0,14.0,8,Mixed hub (commute + busy midday),3
TEST-02266,Merkato,2025-11-09 03:00:00,9.3,0.0,92.0,12.9,1,0,0,0.0,0,0,0,0,0,0,0,0,0,0,0,48.0,48.0,3,6,1,11,21,312.125,2.0,2.0,2.0,2.0,9,Market (midday peak),2
TEST-03642,Piassa,2025-11-09 03:00:00,9.3,0.0,92.0,12.9,1,0,0,0.0,0,0,0,0,0,0,0,0,0,0,0,48.0,48.0,3,6,1,11,21,312.125,3.0,1.0,6.0,3.333333333333333,10,Business / office (weekday commute),0
TEST-03002,Sarbet,2025-11-09 03:00:00,9.3,0.0,92.0,12.9,1,0,0,0.0,0,0,0,0,0,0,0,0,0,0,0,48.0,48.0,3,6,1,11,21,312.125,1.0,7.0,4.0,4.0,11,"Residential (evening peak, weekend >= weekday)",4
TEST-00576,Arat Kilo,2025-11-09 04:00:00,9.3,0.0,88.0,9.5,1,0,0,0.0,0,0,0,0,0,0,0,0,0,0,0,48.0,48.0,4,6,1,11,21,312.1666666666667,5.0,3.0,5.0,4.333333333333333,0,Business / office (weekday commute),0
TEST-01190,Ayat,2025-11-09 04:00:00,9.3,0.0,88.0,9.5,1,0,0,0.0,0,0,0,0,0,0,0,0,0,0,0,48.0,48.0,4,6,1,11,21,312.1666666666667,11.0,,4.0,7.5,1,"Residential (evening peak, weekend >= weekday)",4
TEST-02770,Bole,2025-11-09 04:00:00,9.3,0.0,88.0,9.5,1,0,0,0.0,0,0,0,0,0,0,0,0,0,0,0,48.0,48.0,4,6,1,11,21,312.1666666666667,21.0,33.0,33.0,29.0,2,"Leisure / nightlife (late, weekend-heavy)",1
TEST-02962,CMC,2025-11-09 04:00:00,9.3,0.0,88.0,9.5,1,0,0,0.0,0,0,0,0,0,0,0,0,0,0,0,48.0,48.0,4,6,1,11,21,312.1666666666667,,8.0,6.0,7.0,3,"Residential (evening peak, weekend >= weekday)",4
TEST-01330,Gerji,2025-11-09 04:00:00,9.3,0.0,88.0,9.5,1,0,0,0.0,0,0,0,0,0,0,0,0,0,0,0,48.0,48.0,4,6,1,11,21,312.1666666666667,8.0,4.0,,6.0,4,"Residential (evening peak, weekend >= weekday)",4
TEST-01099,Kazanchis,2025-11-09 04:00:00,9.3,0.0,88.0,9.5,1,0,0,0.0,0,1,17716,0,0,0,0,0,1,0,0,2.0,48.0,4,6,1,11,21,312.1666666666667,12.0,5.0,1.0,6.0,5,Business / office (weekday commute),0
TEST-03500,Kolfe,2025-11-09 04:00:00,9.3,0.0,88.0,9.5,1,0,0,0.0,0,0,0,0,0,0,0,0,0,0,0,48.0,48.0,4,6,1,11,21,312.1666666666667,4.0,4.0,7.0,5.0,6,"Residential (evening peak, weekend >= weekday)",4
TEST-00823,Lideta,2025-11-09 04:00:00,9.3,0.0,88.0,9.5,1,0,0,0.0,0,0,0,0,0,0,0,0,0,0,0,48.0,48.0,4,6,1,11,21,312.1666666666667,11.0,5.0,7.0,7.666666666666667,7,Mixed hub (commute + busy midday),3
TEST-02592,Megenagna,2025-11-09 04:00:00,9.3,0.0,88.0,9.5,1,0,0,0.0,0,0,0,0,0,0,0,0,0,0,0,22.0,48.0,4,6,1,11,21,312.1666666666667,22.0,12.0,17.0,17.0,8,Mixed hub (commute + busy midday),3
TEST-00471,Merkato,2025-11-09 04:00:00,9.3,0.0,88.0,9.5,1,0,0,0.0,0,0,0,0,0,0,0,0,0,0,0,48.0,48.0,4,6,1,11,21,312.1666666666667,8.0,7.0,3.0,6.0,9,Market (midday peak),2
TEST-02579,Piassa,2025-11-09 04:00:00,9.3,0.0,88.0,9.5,1,0,0,0.0,0,0,0,0,0,0,0,0,0,0,0,48.0,48.0,4,6,1,11,21,312.1666666666667,9.0,2.0,5.0,5.333333333333333,10,Business / office (weekday commute),0
TEST-02613,Sarbet,2025-11-09 04:00:00,9.3,0.0,88.0,9.5,1,0,0,0.0,0,0,0,0,0,0,0,0,0,0,0,48.0,48.0,4,6,1,11,21,312.1666666666667,3.0,5.0,3.0,3.6666666666666665,11,"Residential (evening peak, weekend >= weekday)",4
TEST-02169,Arat Kilo,2025-11-09 05:00:00,9.5,0.0,97.0,17.2,1,0,0,0.0,0,0,0,0,0,0,0,0,0,0,0,48.0,48.0,5,6,1,11,21,312.2083333333333,8.0,3.0,6.0,5.666666666666667,0,Business / office (weekday commute),0
TEST-00087,Ayat,2025-11-09 05:00:00,9.5,0.0,97.0,17.2,1,0,0,0.0,0,0,0,0,0,0,0,0,0,0,0,48.0,48.0,5,6,1,11,21,312.2083333333333,4.0,2.0,6.0,4.0,1,"Residential (evening peak, weekend >= weekday)",4
TEST-03742,Bole,2025-11-09 05:00:00,9.5,0.0,97.0,17.2,1,0,0,0.0,0,0,0,0,0,0,0,0,0,0,0,48.0,48.0,5,6,1,11,21,312.2083333333333,69.0,35.0,24.0,42.66666666666666,2,"Leisure / nightlife (late, weekend-heavy)",1
TEST-03365,CMC,2025-11-09 05:00:00,9.5,0.0,97.0,17.2,1,0,0,0.0,0,0,0,0,0,0,0,0,0,0,0,48.0,48.0,5,6,1,11,21,312.2083333333333,9.0,5.0,5.0,6.333333333333333,3,"Residential (evening peak, weekend >= weekday)",4
TEST-00186,Gerji,2025-11-09 05:00:00,9.5,0.0,97.0,17.2,1,0,0,0.0,0,0,0,0,0,0,0,0,0,0,0,48.0,48.0,5,6,1,11,21,312.2083333333333,8.0,9.0,6.0,7.666666666666667,4,"Residential (evening peak, weekend >= weekday)",4
TEST-01800,Kazanchis,2025-11-09 05:00:00,9.5,0.0,97.0,17.2,1,0,0,0.0,0,1,17716,0,0,0,0,0,1,0,0,1.0,48.0,5,6,1,11,21,312.2083333333333,16.0,11.0,6.0,11.0,5,Business / office (weekday commute),0
TEST-00573,Kolfe,2025-11-09 05:00:00,9.5,0.0,97.0,17.2,1,0,0,0.0,0,0,0,0,0,0,0,0,0,0,0,48.0,48.0,5,6,1,11,21,312.2083333333333,10.0,6.0,8.0,8.0,6,"Residential (evening peak, weekend >= weekday)",4
TEST-03757,Lideta,2025-11-09 05:00:00,9.5,0.0,97.0,17.2,1,0,0,0.0,0,0,0,0,0,0,0,0,0,0,0,48.0,48.0,5,6,1,11,21,312.2083333333333,13.0,13.0,7.0,11.0,7,Mixed hub (commute + busy midday),3
TEST-01185,Megenagna,2025-11-09 05:00:00,9.5,0.0,97.0,17.2,1,0,0,0.0,0,0,0,0,0,0,0,0,0,0,0,21.0,48.0,5,6,1,11,21,312.2083333333333,16.0,18.0,14.0,16.0,8,Mixed hub (commute + busy midday),3
TEST-03819,Merkato,2025-11-09 05:00:00,9.5,0.0,97.0,17.2,1,0,0,0.0,0,0,0,0,0,0,0,0,0,0,0,48.0,48.0,5,6,1,11,21,312.2083333333333,10.0,3.0,11.0,8.0,9,Market (midday peak),2
TEST-00436,Piassa,2025-11-09 05:00:00,9.5,0.0,97.0,17.2,1,0,0,0.0,0,0,0,0,0,0,0,0,0,0,0,48.0,48.0,5,6,1,11,21,312.2083333333333,10.0,4.0,3.0,5.666666666666667,10,Business / office (weekday commute),0
TEST-01270,Sarbet,2025-11-09 05:00:00,9.5,0.0,97.0,17.2,1,0,0,0.0,0,0,0,0,0,0,0,0,0,0,0,48.0,48.0,5,6,1,11,21,312.2083333333333,12.0,4.0,9.0,8.333333333333334,11,"Residential (evening peak, weekend >= weekday)",4
TEST-01705,Arat Kilo,2025-11-09 06:00:00,10.85,0.0,86.5,10.45,0,1,1,0.0,0,0,0,0,0,0,0,0,0,0,0,48.0,48.0,6,6,1,11,21,312.25,8.0,5.0,3.0,5.333333333333333,0,Business / office (weekday commute),0
TEST-00889,Ayat,2025-11-09 06:00:00,10.85,0.0,86.5,10.45,0,1,1,0.0,0,0,0,0,0,0,0,0,0,0,0,48.0,48.0,6,6,1,11,21,312.25,10.0,8.0,7.0,8.333333333333334,1,"Residential (evening peak, weekend >= weekday)",4
TEST-02498,Bole,2025-11-09 06:00:00,10.85,0.0,86.5,10.45,0,1,1,0.0,0,0,0,0,0,0,0,0,0,0,0,48.0,48.0,6,6,1,11,21,312.25,45.0,55.0,51.0,50.333333333333336,2,"Leisure / nightlife (late, weekend-heavy)",1
TEST-03205,CMC,2025-11-09 06:00:00,10.85,0.0,86.5,10.45,0,1,1,0.0,0,0,0,0,0,0,0,0,0,0,0,48.0,48.0,6,6,1,11,21,312.25,13.0,9.0,13.0,11.666666666666666,3,"Residential (evening peak, weekend >= weekday)",4
TEST-01130,Gerji,2025-11-09 06:00:00,10.85,0.0,86.5,10.45,0,1,1,0.0,0,0,0,0,0,0,0,0,0,0,0,48.0,48.0,6,6,1,11,21,312.25,15.0,14.0,18.0,15.666666666666666,4,"Residential (evening peak, weekend >= weekday)",4
TEST-01612,Kazanchis,2025-11-09 06:00:00,10.85,0.0,86.5,10.45,0,1,1,0.0,0,1,17716,0,0,0,0,0,1,0,0,0.0,48.0,6,6,1,11,21,312.25,12.0,14.0,,13.0,5,Business / office (weekday commute),0
TEST-02855,Kolfe,2025-11-09 06:00:00,10.85,0.0,86.5,10.45,0,1,1,0.0,0,0,0,0,0,0,0,0,0,0,0,48.0,48.0,6,6,1,11,21,312.25,11.0,7.0,11.0,9.666666666666666,6,"Residential (evening peak, weekend >= weekday)",4
TEST-03103,Lideta,2025-11-09 06:00:00,10.85,0.0,86.5,10.45,0,1,1,0.0,0,0,0,0,0,0,0,0,0,0,0,48.0,48.0,6,6,1,11,21,312.25,16.0,19.0,18.0,17.666666666666668,7,Mixed hub (commute + busy midday),3
TEST-00233,Megenagna,2025-11-09 06:00:00,10.85,0.0,86.5,10.45,0,1,1,0.0,0,0,0,0,0,0,0,0,0,0,0,20.0,48.0,6,6,1,11,21,312.25,23.0,25.0,15.0,21.0,8,Mixed hub (commute + busy midday),3
TEST-02375,Merkato,2025-11-09 06:00:00,10.85,0.0,86.5,10.45,0,1,1,0.0,0,0,0,0,0,0,0,0,0,0,0,48.0,48.0,6,6,1,11,21,312.25,28.0,16.0,,22.0,9,Market (midday peak),2
TEST-01929,Piassa,2025-11-09 06:00:00,10.85,0.0,86.5,10.45,0,1,1,0.0,0,0,0,0,0,0,0,0,0,0,0,48.0,48.0,6,6,1,11,21,312.25,10.0,11.0,5.0,8.666666666666666,10,Business / office (weekday commute),0
TEST-02911,Sarbet,2025-11-09 06:00:00,10.85,0.0,86.5,10.45,0,1,1,0.0,0,0,0,0,0,0,0,0,0,0,0,48.0,48.0,6,6,1,11,21,312.25,9.0,17.0,4.0,10.0,11,"Residential (evening peak, weekend >= weekday)",4
TEST-03093,Arat Kilo,2025-11-09 07:00:00,12.2,0.0,76.0,3.7,1,0,0,0.0,0,0,0,0,0,0,0,0,0,0,0,48.0,48.0,7,6,1,11,21,312.2916666666667,8.0,9.0,6.0,7.666666666666667,0,Business / office (weekday commute),0
TEST-02443,Ayat,2025-11-09 07:00:00,12.2,0.0,76.0,3.7,1,0,0,0.0,0,0,0,0,0,0,0,0,0,0,0,48.0,48.0,7,6,1,11,21,312.2916666666667,13.0,9.0,16.0,12.666666666666666,1,"Residential (evening peak, weekend >= weekday)",4
TEST-02412,Bole,2025-11-09 07:00:00,12.2,0.0,76.0,3.7,1,0,0,0.0,0,0,0,0,0,0,0,0,0,0,0,48.0,48.0,7,6,1,11,21,312.2916666666667,41.0,49.0,28.0,39.333333333333336,2,"Leisure / nightlife (late, weekend-heavy)",1
TEST-03079,CMC,2025-11-09 07:00:00,12.2,0.0,76.0,3.7,1,0,0,0.0,0,0,0,0,0,0,0,0,0,0,0,48.0,48.0,7,6,1,11,21,312.2916666666667,16.0,22.0,14.0,17.333333333333332,3,"Residential (evening peak, weekend >= weekday)",4
TEST-03823,Gerji,2025-11-09 07:00:00,12.2,0.0,76.0,3.7,1,0,0,0.0,0,0,0,0,0,0,0,0,0,0,0,48.0,48.0,7,6,1,11,21,312.2916666666667,22.0,15.0,17.0,18.0,4,"Residential (evening peak, weekend >= weekday)",4
TEST-03883,Kazanchis,2025-11-09 07:00:00,12.2,0.0,76.0,3.7,1,0,0,0.0,0,1,17716,0,0,0,0,0,1,0,0,8.0,48.0,7,6,1,11,21,312.2916666666667,7.0,13.0,12.0,10.666666666666666,5,Business / office (weekday commute),0
TEST-02287,Kolfe,2025-11-09 07:00:00,12.2,0.0,76.0,3.7,1,0,0,0.0,0,0,0,0,0,0,0,0,0,0,0,48.0,48.0,7,6,1,11,21,312.2916666666667,22.0,16.0,10.0,16.0,6,"Residential (evening peak, weekend >= weekday)",4
TEST-00379,Lideta,2025-11-09 07:00:00,12.2,0.0,76.0,3.7,1,0,0,0.0,0,0,0,0,0,0,0,0,0,0,0,48.0,48.0,7,6,1,11,21,312.2916666666667,28.0,17.0,30.0,25.0,7,Mixed hub (commute + busy midday),3
TEST-01288,Megenagna,2025-11-09 07:00:00,12.2,0.0,76.0,3.7,1,0,0,0.0,0,0,0,0,0,0,0,0,0,0,0,19.0,48.0,7,6,1,11,21,312.2916666666667,42.0,42.0,32.0,38.66666666666666,8,Mixed hub (commute + busy midday),3
TEST-01294,Merkato,2025-11-09 07:00:00,12.2,0.0,76.0,3.7,1,0,0,0.0,0,0,0,0,0,0,0,0,0,0,0,48.0,48.0,7,6,1,11,21,312.2916666666667,58.0,49.0,52.0,53.0,9,Market (midday peak),2
TEST-01210,Piassa,2025-11-09 07:00:00,12.2,0.0,76.0,3.7,1,0,0,0.0,0,0,0,0,0,0,0,0,0,0,0,48.0,48.0,7,6,1,11,21,312.2916666666667,7.0,9.0,10.0,8.666666666666666,10,Business / office (weekday commute),0
TEST-03785,Sarbet,2025-11-09 07:00:00,12.2,0.0,76.0,3.7,1,0,0,0.0,0,0,0,0,0,0,0,0,0,0,0,48.0,48.0,7,6,1,11,21,312.2916666666667,23.0,14.0,12.0,16.333333333333332,11,"Residential (evening peak, weekend >= weekday)",4
TEST-01725,Arat Kilo,2025-11-09 08:00:00,15.2,0.0,77.0,6.7,1,0,0,0.0,0,0,0,0,0,0,0,0,0,0,0,48.0,48.0,8,6,1,11,21,312.3333333333333,8.0,10.0,16.0,11.333333333333334,0,Business / office (weekday commute),0
TEST-03419,Ayat,2025-11-09 08:00:00,15.2,0.0,77.0,6.7,1,0,0,0.0,0,0,0,0,0,0,0,0,0,0,0,48.0,48.0,8,6,1,11,21,312.3333333333333,15.0,16.0,16.0,15.666666666666666,1,"Residential (evening peak, weekend >= weekday)",4
TEST-00620,Bole,2025-11-09 08:00:00,15.2,0.0,77.0,6.7,1,0,0,0.0,0,0,0,0,0,0,0,0,0,0,0,48.0,48.0,8,6,1,11,21,312.3333333333333,22.0,22.0,22.0,22.0,2,"Leisure / nightlife (late, weekend-heavy)",1
TEST-00739,CMC,2025-11-09 08:00:00,15.2,0.0,77.0,6.7,1,0,0,0.0,0,0,0,0,0,0,0,0,0,0,0,48.0,48.0,8,6,1,11,21,312.3333333333333,38.0,29.0,27.0,31.33333333333333,3,"Residential (evening peak, weekend >= weekday)",4
TEST-01472,Gerji,2025-11-09 08:00:00,15.2,0.0,77.0,6.7,1,0,0,0.0,0,0,0,0,0,0,0,0,0,0,0,48.0,48.0,8,6,1,11,21,312.3333333333333,39.0,29.0,21.0,29.666666666666668,4,"Residential (evening peak, weekend >= weekday)",4
TEST-04000,Kazanchis,2025-11-09 08:00:00,15.2,0.0,77.0,6.7,1,0,0,0.0,0,1,17716,0,0,0,0,0,1,0,0,7.0,48.0,8,6,1,11,21,312.3333333333333,13.0,16.0,13.0,14.0,5,Business / office (weekday commute),0
TEST-01265,Kolfe,2025-11-09 08:00:00,15.2,0.0,77.0,6.7,1,0,0,0.0,0,0,0,0,0,0,0,0,0,0,0,48.0,48.0,8,6,1,11,21,312.3333333333333,26.0,17.0,28.0,23.666666666666668,6,"Residential (evening peak, weekend >= weekday)",4
TEST-02017,Lideta,2025-11-09 08:00:00,15.2,0.0,77.0,6.7,1,0,0,0.0,0,0,0,0,0,0,0,0,0,0,0,48.0,48.0,8,6,1,11,21,312.3333333333333,20.0,34.0,29.0,27.666666666666668,7,Mixed hub (commute + busy midday),3
TEST-01197,Megenagna,2025-11-09 08:00:00,15.2,0.0,77.0,6.7,1,0,0,0.0,0,0,0,0,0,0,0,0,0,0,0,18.0,48.0,8,6,1,11,21,312.3333333333333,32.0,32.0,33.0,32.333333333333336,8,Mixed hub (commute + busy midday),3
TEST-02950,Merkato,2025-11-09 08:00:00,15.2,0.0,77.0,6.7,1,0,0,0.0,0,0,0,0,0,0,0,0,0,0,0,48.0,48.0,8,6,1,11,21,312.3333333333333,28.0,44.0,44.0,38.66666666666666,9,Market (midday peak),2
TEST-02954,Piassa,2025-11-09 08:00:00,15.2,0.0,77.0,6.7,1,0,0,0.0,0,0,0,0,0,0,0,0,0,0,0,48.0,48.0,8,6,1,11,21,312.3333333333333,13.0,14.0,11.0,12.666666666666666,10,Business / office (weekday commute),0
TEST-01196,Sarbet,2025-11-09 08:00:00,15.2,0.0,77.0,6.7,1,0,0,0.0,0,0,0,0,0,0,0,0,0,0,0,48.0,48.0,8,6,1,11,21,312.3333333333333,30.0,31.0,27.0,29.33333333333333,11,"Residential (evening peak, weekend >= weekday)",4
TEST-01996,Arat Kilo,2025-11-09 09:00:00,16.1,0.0,78.0,12.7,1,0,0,0.0,0,0,0,0,0,0,0,0,0,0,0,48.0,48.0,9,6,1,11,21,312.375,7.0,15.0,13.0,11.666666666666666,0,Business / office (weekday commute),0
TEST-02531,Ayat,2025-11-09 09:00:00,16.1,0.0,78.0,12.7,1,0,0,0.0,0,0,0,0,0,0,0,0,0,0,0,48.0,48.0,9,6,1,11,21,312.375,25.0,33.0,43.0,33.666666666666664,1,"Residential (evening peak, weekend >= weekday)",4
TEST-00957,Bole,2025-11-09 09:00:00,16.1,0.0,78.0,12.7,1,0,0,0.0,0,0,0,0,0,0,0,0,0,0,0,48.0,48.0,9,6,1,11,21,312.375,25.0,22.0,32.0,26.33333333333333,2,"Leisure / nightlife (late, weekend-heavy)",1
TEST-02746,CMC,2025-11-09 09:00:00,16.1,0.0,78.0,12.7,1,0,0,0.0,0,0,0,0,0,0,0,0,0,0,0,48.0,48.0,9,6,1,11,21,312.375,30.0,25.0,40.0,31.666666666666668,3,"Residential (evening peak, weekend >= weekday)",4
TEST-03930,Gerji,2025-11-09 09:00:00,16.1,0.0,78.0,12.7,1,0,0,0.0,0,0,0,0,0,0,0,0,0,0,0,48.0,48.0,9,6,1,11,21,312.375,,42.0,33.0,37.5,4,"Residential (evening peak, weekend >= weekday)",4
TEST-00840,Kazanchis,2025-11-09 09:00:00,16.1,0.0,78.0,12.7,1,0,0,0.0,0,1,17716,0,0,0,0,0,1,0,0,6.0,48.0,9,6,1,11,21,312.375,25.0,17.0,13.0,18.33333333333333,5,Business / office (weekday commute),0
TEST-02505,Kolfe,2025-11-09 09:00:00,16.1,0.0,78.0,12.7,1,0,0,0.0,0,0,0,0,0,0,0,0,0,0,0,48.0,48.0,9,6,1,11,21,312.375,33.0,35.0,33.0,33.666666666666664,6,"Residential (evening peak, weekend >= weekday)",4
TEST-01879,Lideta,2025-11-09 09:00:00,16.1,0.0,78.0,12.7,1,0,0,0.0,0,0,0,0,0,0,0,0,0,0,0,48.0,48.0,9,6,1,11,21,312.375,25.0,39.0,34.0,32.666666666666664,7,Mixed hub (commute + busy midday),3
TEST-00329,Megenagna,2025-11-09 09:00:00,16.1,0.0,78.0,12.7,1,0,0,0.0,0,0,0,0,0,0,0,0,0,0,0,17.0,48.0,9,6,1,11,21,312.375,55.0,47.0,46.0,49.333333333333336,8,Mixed hub (commute + busy midday),3
TEST-02663,Merkato,2025-11-09 09:00:00,16.1,0.0,78.0,12.7,1,0,0,0.0,0,0,0,0,0,0,0,0,0,0,0,48.0,48.0,9,6,1,11,21,312.375,50.0,46.0,40.0,45.333333333333336,9,Market (midday peak),2
TEST-00581,Piassa,2025-11-09 09:00:00,16.1,0.0,78.0,12.7,1,0,0,0.0,0,0,0,0,0,0,0,0,0,0,0,48.0,48.0,9,6,1,11,21,312.375,11.0,21.0,19.0,17.0,10,Business / office (weekday commute),0
TEST-01395,Sarbet,2025-11-09 09:00:00,16.1,0.0,78.0,12.7,1,0,0,0.0,0,0,0,0,0,0,0,0,0,0,0,48.0,48.0,9,6,1,11,21,312.375,22.0,18.0,26.0,22.0,11,"Residential (evening peak, weekend >= weekday)",4
TEST-02333,Arat Kilo,2025-11-09 10:00:00,18.3,0.0,63.0,11.6,1,0,0,0.0,0,0,0,0,0,0,0,0,0,0,0,48.0,48.0,10,6,1,11,21,312.4166666666667,16.0,7.0,15.0,12.666666666666666,0,Business / office (weekday commute),0
TEST-01941,Ayat,2025-11-09 10:00:00,18.3,0.0,63.0,11.6,1,0,0,0.0,0,0,0,0,0,0,0,0,0,0,0,48.0,48.0,10,6,1,11,21,312.4166666666667,30.0,32.0,26.0,29.33333333333333,1,"Residential (evening peak, weekend >= weekday)",4
TEST-04020,Bole,2025-11-09 10:00:00,18.3,0.0,63.0,11.6,1,0,0,0.0,0,0,0,0,0,0,0,0,0,0,0,48.0,48.0,10,6,1,11,21,312.4166666666667,26.0,29.0,30.0,28.33333333333333,2,"Leisure / nightlife (late, weekend-heavy)",1
TEST-00370,CMC,2025-11-09 10:00:00,18.3,0.0,63.0,11.6,1,0,0,0.0,0,0,0,0,0,0,0,0,0,0,0,48.0,48.0,10,6,1,11,21,312.4166666666667,61.0,51.0,37.0,49.66666666666666,3,"Residential (evening peak, weekend >= weekday)",4
TEST-02905,Gerji,2025-11-09 10:00:00,18.3,0.0,63.0,11.6,1,0,0,0.0,0,0,0,0,0,0,0,0,0,0,0,48.0,48.0,10,6,1,11,21,312.4166666666667,49.0,42.0,51.0,47.333333333333336,4,"Residential (evening peak, weekend >= weekday)",4
TEST-01577,Kazanchis,2025-11-09 10:00:00,18.3,0.0,63.0,11.6,1,0,0,0.0,0,1,17716,0,0,0,0,0,1,0,0,5.0,48.0,10,6,1,11,21,312.4166666666667,22.0,25.0,26.0,24.33333333333333,5,Business / office (weekday commute),0
TEST-01837,Kolfe,2025-11-09 10:00:00,18.3,0.0,63.0,11.6,1,0,0,0.0,0,0,0,0,0,0,0,0,0,0,0,48.0,48.0,10,6,1,11,21,312.4166666666667,47.0,29.0,50.0,42.0,6,"Residential (evening peak, weekend >= weekday)",4
TEST-02873,Lideta,2025-11-09 10:00:00,18.3,0.0,63.0,11.6,1,0,0,0.0,0,0,0,0,0,0,0,0,0,0,0,48.0,48.0,10,6,1,11,21,312.4166666666667,28.0,36.0,33.0,32.333333333333336,7,Mixed hub (commute + busy midday),3
TEST-03825,Megenagna,2025-11-09 10:00:00,18.3,0.0,63.0,11.6,1,0,0,0.0,0,0,0,0,0,0,0,0,0,0,0,16.0,48.0,10,6,1,11,21,312.4166666666667,68.0,56.0,52.0,58.66666666666666,8,Mixed hub (commute + busy midday),3
TEST-00131,Merkato,2025-11-09 10:00:00,18.3,0.0,63.0,11.6,1,0,0,0.0,0,0,0,0,0,0,0,0,0,0,0,48.0,48.0,10,6,1,11,21,312.4166666666667,58.0,50.0,40.0,49.333333333333336,9,Market (midday peak),2
TEST-01718,Piassa,2025-11-09 10:00:00,18.3,0.0,63.0,11.6,1,0,0,0.0,0,0,0,0,0,0,0,0,0,0,0,48.0,48.0,10,6,1,11,21,312.4166666666667,28.0,17.0,20.0,21.666666666666668,10,Business / office (weekday commute),0
TEST-03223,Sarbet,2025-11-09 10:00:00,18.3,0.0,63.0,11.6,1,0,0,0.0,0,0,0,0,0,0,0,0,0,0,0,48.0,48.0,10,6,1,11,21,312.4166666666667,36.0,28.0,43.0,35.666666666666664,11,"Residential (evening peak, weekend >= weekday)",4
TEST-02559,Arat Kilo,2025-11-09 11:00:00,19.9,0.0,64.0,12.1,1,0,0,0.0,0,0,0,0,0,0,0,0,0,0,0,48.0,48.0,11,6,1,11,21,312.4583333333333,20.0,10.0,19.0,16.333333333333332,0,Business / office (weekday commute),0
TEST-00735,Ayat,2025-11-09 11:00:00,19.9,0.0,64.0,12.1,1,0,0,0.0,0,0,0,0,0,0,0,0,0,0,0,48.0,48.0,11,6,1,11,21,312.4583333333333,33.0,42.0,28.0,34.333333333333336,1,"Residential (evening peak, weekend >= weekday)",4
TEST-03711,Bole,2025-11-09 11:00:00,19.9,0.0,64.0,12.1,1,0,0,0.0,0,0,0,0,0,0,0,0,0,0,0,48.0,48.0,11,6,1,11,21,312.4583333333333,38.0,31.0,39.0,36.0,2,"Leisure / nightlife (late, weekend-heavy)",1
TEST-02083,CMC,2025-11-09 11:00:00,19.9,0.0,64.0,12.1,1,0,0,0.0,0,0,0,0,0,0,0,0,0,0,0,48.0,48.0,11,6,1,11,21,312.4583333333333,,33.0,58.0,45.5,3,"Residential (evening peak, weekend >= weekday)",4
TEST-01415,Gerji,2025-11-09 11:00:00,19.9,0.0,64.0,12.1,1,0,0,0.0,0,0,0,0,0,0,0,0,0,0,0,48.0,48.0,11,6,1,11,21,312.4583333333333,43.0,30.0,53.0,42.0,4,"Residential (evening peak, weekend >= weekday)",4
TEST-00176,Kazanchis,2025-11-09 11:00:00,19.9,0.0,64.0,12.1,1,0,0,0.0,0,1,17716,0,0,0,0,0,1,0,0,4.0,0.0,11,6,1,11,21,312.4583333333333,,21.0,22.0,21.5,5,Business / office (weekday commute),0
TEST-00424,Kolfe,2025-11-09 11:00:00,19.9,0.0,64.0,12.1,1,0,0,0.0,0,0,0,0,0,0,0,0,0,0,0,48.0,48.0,11,6,1,11,21,312.4583333333333,43.0,38.0,32.0,37.66666666666666,6,"Residential (evening peak, weekend >= weekday)",4
TEST-00984,Lideta,2025-11-09 11:00:00,19.9,0.0,64.0,12.1,1,0,0,0.0,0,0,0,0,0,0,0,0,0,0,0,48.0,48.0,11,6,1,11,21,312.4583333333333,38.0,50.0,33.0,40.333333333333336,7,Mixed hub (commute + busy midday),3
TEST-01192,Megenagna,2025-11-09 11:00:00,19.9,0.0,64.0,12.1,1,0,0,0.0,0,0,0,0,0,0,0,0,0,0,0,15.0,48.0,11,6,1,11,21,312.4583333333333,,,37.0,37.0,8,Mixed hub (commute + busy midday),3
TEST-01238,Merkato,2025-11-09 11:00:00,19.9,0.0,64.0,12.1,1,0,0,0.0,0,0,0,0,0,0,0,0,0,0,0,48.0,48.0,11,6,1,11,21,312.4583333333333,49.0,61.0,60.0,56.66666666666666,9,Market (midday peak),2
TEST-02580,Piassa,2025-11-09 11:00:00,19.9,0.0,64.0,12.1,1,0,0,0.0,0,0,0,0,0,0,0,0,0,0,0,48.0,48.0,11,6,1,11,21,312.4583333333333,17.0,21.0,33.0,23.666666666666668,10,Business / office (weekday commute),0
TEST-03105,Sarbet,2025-11-09 11:00:00,19.9,0.0,64.0,12.1,1,0,0,0.0,0,0,0,0,0,0,0,0,0,0,0,48.0,48.0,11,6,1,11,21,312.4583333333333,49.0,41.0,37.0,42.333333333333336,11,"Residential (evening peak, weekend >= weekday)",4
TEST-00650,Arat Kilo,2025-11-09 12:00:00,19.0,0.0,63.0,12.1,1,0,0,0.0,0,0,0,0,0,0,0,0,0,0,0,48.0,48.0,12,6,1,11,21,312.5,20.0,16.0,30.0,22.0,0,Business / office (weekday commute),0
TEST-00164,Ayat,2025-11-09 12:00:00,19.0,0.0,63.0,12.1,1,0,0,0.0,0,0,0,0,0,0,0,0,0,0,0,48.0,48.0,12,6,1,11,21,312.5,52.0,43.0,32.0,42.333333333333336,1,"Residential (evening peak, weekend >= weekday)",4
TEST-00342,Bole,2025-11-09 12:00:00,19.0,0.0,63.0,12.1,1,0,0,0.0,0,0,0,0,0,0,0,0,0,0,0,48.0,48.0,12,6,1,11,21,312.5,48.0,,29.0,38.5,2,"Leisure / nightlife (late, weekend-heavy)",1
TEST-01114,CMC,2025-11-09 12:00:00,19.0,0.0,63.0,12.1,1,0,0,0.0,0,0,0,0,0,0,0,0,0,0,0,48.0,48.0,12,6,1,11,21,312.5,64.0,34.0,44.0,47.333333333333336,3,"Residential (evening peak, weekend >= weekday)",4
TEST-03128,Gerji,2025-11-09 12:00:00,19.0,0.0,63.0,12.1,1,0,0,0.0,0,0,0,0,0,0,0,0,0,0,0,48.0,48.0,12,6,1,11,21,312.5,57.0,52.0,45.0,51.333333333333336,4,"Residential (evening peak, weekend >= weekday)",4
TEST-01710,Kazanchis,2025-11-09 12:00:00,19.0,0.0,63.0,12.1,1,0,0,0.0,0,1,17716,0,0,0,0,0,1,0,0,3.0,1.0,12,6,1,11,21,312.5,24.0,20.0,23.0,22.33333333333333,5,Business / office (weekday commute),0
TEST-03351,Kolfe,2025-11-09 12:00:00,19.0,0.0,63.0,12.1,1,0,0,0.0,0,0,0,0,0,0,0,0,0,0,0,48.0,48.0,12,6,1,11,21,312.5,54.0,45.0,48.0,49.0,6,"Residential (evening peak, weekend >= weekday)",4
TEST-01604,Lideta,2025-11-09 12:00:00,19.0,0.0,63.0,12.1,1,0,0,0.0,0,0,0,0,0,0,0,0,0,0,0,48.0,48.0,12,6,1,11,21,312.5,56.0,,50.0,53.0,7,Mixed hub (commute + busy midday),3
TEST-00992,Megenagna,2025-11-09 12:00:00,19.0,0.0,63.0,12.1,1,0,0,0.0,0,0,0,0,0,0,0,0,0,0,0,14.0,48.0,12,6,1,11,21,312.5,65.0,51.0,66.0,60.66666666666666,8,Mixed hub (commute + busy midday),3
TEST-00750,Merkato,2025-11-09 12:00:00,19.0,0.0,63.0,12.1,1,0,0,0.0,0,0,0,0,0,0,0,0,0,0,0,48.0,48.0,12,6,1,11,21,312.5,39.0,44.0,48.0,43.66666666666666,9,Market (midday peak),2
TEST-01105,Piassa,2025-11-09 12:00:00,19.0,0.0,63.0,12.1,1,0,0,0.0,0,0,0,0,0,0,0,0,0,0,0,48.0,48.0,12,6,1,11,21,312.5,31.0,29.0,,30.0,10,Business / office (weekday commute),0
TEST-01164,Sarbet,2025-11-09 12:00:00,19.0,0.0,63.0,12.1,1,0,0,0.0,0,0,0,0,0,0,0,0,0,0,0,48.0,48.0,12,6,1,11,21,312.5,50.0,35.0,44.0,43.0,11,"Residential (evening peak, weekend >= weekday)",4
TEST-02368,Arat Kilo,2025-11-09 13:00:00,21.4,0.0,53.0,10.2,1,0,0,0.0,0,0,0,0,0,0,0,0,0,0,0,48.0,48.0,13,6,1,11,21,312.5416666666667,20.0,21.0,14.0,18.33333333333333,0,Business / office (weekday commute),0
TEST-03343,Ayat,2025-11-09 13:00:00,21.4,0.0,53.0,10.2,1,0,0,0.0,0,0,0,0,0,0,0,0,0,0,0,48.0,48.0,13,6,1,11,21,312.5416666666667,27.0,21.0,46.0,31.33333333333333,1,"Residential (evening peak, weekend >= weekday)",4
TEST-03025,Bole,2025-11-09 13:00:00,21.4,0.0,53.0,10.2,1,0,0,0.0,0,0,0,0,0,0,0,0,0,0,0,48.0,48.0,13,6,1,11,21,312.5416666666667,39.0,39.0,51.0,43.0,2,"Leisure / nightlife (late, weekend-heavy)",1
TEST-02325,CMC,2025-11-09 13:00:00,21.4,0.0,53.0,10.2,1,0,0,0.0,0,0,0,0,0,0,0,0,0,0,0,48.0,48.0,13,6,1,11,21,312.5416666666667,68.0,49.0,54.0,57.0,3,"Residential (evening peak, weekend >= weekday)",4
TEST-02226,Gerji,2025-11-09 13:00:00,21.4,0.0,53.0,10.2,1,0,0,0.0,0,0,0,0,0,0,0,0,0,0,0,48.0,48.0,13,6,1,11,21,312.5416666666667,46.0,44.0,52.0,47.333333333333336,4,"Residential (evening peak, weekend >= weekday)",4
TEST-00009,Kazanchis,2025-11-09 13:00:00,21.4,0.0,53.0,10.2,1,0,0,0.0,0,1,17799,0,0,0,1,0,0,0,0,2.0,2.0,13,6,1,11,21,312.5416666666667,30.0,35.0,40.0,35.0,5,Business / office (weekday commute),0
TEST-02896,Kolfe,2025-11-09 13:00:00,21.4,0.0,53.0,10.2,1,0,0,0.0,0,0,0,0,0,0,0,0,0,0,0,48.0,48.0,13,6,1,11,21,312.5416666666667,44.0,45.0,45.0,44.66666666666666,6,"Residential (evening peak, weekend >= weekday)",4
TEST-00563,Lideta,2025-11-09 13:00:00,21.4,0.0,53.0,10.2,1,0,0,0.0,0,0,0,0,0,0,0,0,0,0,0,48.0,48.0,13,6,1,11,21,312.5416666666667,48.0,50.0,48.0,48.66666666666666,7,Mixed hub (commute + busy midday),3
TEST-01443,Megenagna,2025-11-09 13:00:00,21.4,0.0,53.0,10.2,1,0,0,0.0,0,0,0,0,0,0,0,0,0,0,0,13.0,48.0,13,6,1,11,21,312.5416666666667,,75.0,61.0,68.0,8,Mixed hub (commute + busy midday),3
TEST-02065,Merkato,2025-11-09 13:00:00,21.4,0.0,53.0,10.2,1,0,0,0.0,0,0,0,0,0,0,0,0,0,0,0,48.0,48.0,13,6,1,11,21,312.5416666666667,52.0,64.0,61.0,59.0,9,Market (midday peak),2
TEST-02145,Piassa,2025-11-09 13:00:00,21.4,0.0,53.0,10.2,1,0,0,0.0,0,0,0,0,0,0,0,0,0,0,0,48.0,48.0,13,6,1,11,21,312.5416666666667,27.0,23.0,39.0,29.666666666666668,10,Business / office (weekday commute),0
TEST-01827,Sarbet,2025-11-09 13:00:00,21.4,0.0,53.0,10.2,1,0,0,0.0,0,0,0,0,0,0,0,0,0,0,0,48.0,48.0,13,6,1,11,21,312.5416666666667,37.0,45.0,52.0,44.66666666666666,11,"Residential (evening peak, weekend >= weekday)",4
TEST-01975,Arat Kilo,2025-11-09 14:00:00,23.0,0.0,56.0,8.6,1,0,0,0.0,0,0,0,0,0,0,0,0,0,0,0,48.0,48.0,14,6,1,11,21,312.5833333333333,9.0,16.0,22.0,15.666666666666666,0,Business / office (weekday commute),0
TEST-00825,Ayat,2025-11-09 14:00:00,23.0,0.0,56.0,8.6,1,0,0,0.0,0,0,0,0,0,0,0,0,0,0,0,48.0,48.0,14,6,1,11,21,312.5833333333333,35.0,29.0,30.0,31.33333333333333,1,"Residential (evening peak, weekend >= weekday)",4
TEST-03004,Bole,2025-11-09 14:00:00,23.0,0.0,56.0,8.6,1,0,0,0.0,0,0,0,0,0,0,0,0,0,0,0,48.0,48.0,14,6,1,11,21,312.5833333333333,52.0,49.0,39.0,46.66666666666666,2,"Leisure / nightlife (late, weekend-heavy)",1
TEST-00071,CMC,2025-11-09 14:00:00,23.0,0.0,56.0,8.6,1,0,0,0.0,0,0,0,0,0,0,0,0,0,0,0,48.0,48.0,14,6,1,11,21,312.5833333333333,65.0,32.0,38.0,45.0,3,"Residential (evening peak, weekend >= weekday)",4
TEST-03184,Gerji,2025-11-09 14:00:00,23.0,0.0,56.0,8.6,1,0,0,0.0,0,0,0,0,0,0,0,0,0,0,0,48.0,48.0,14,6,1,11,21,312.5833333333333,52.0,44.0,43.0,46.333333333333336,4,"Residential (evening peak, weekend >= weekday)",4
TEST-01302,Kazanchis,2025-11-09 14:00:00,23.0,0.0,56.0,8.6,1,0,0,0.0,0,1,17799,0,0,0,1,0,0,0,0,1.0,3.0,14,6,1,11,21,312.5833333333333,19.0,33.0,35.0,29.0,5,Business / office (weekday commute),0
TEST-00877,Kolfe,2025-11-09 14:00:00,23.0,0.0,56.0,8.6,1,0,0,0.0,0,0,0,0,0,0,0,0,0,0,0,48.0,48.0,14,6,1,11,21,312.5833333333333,51.0,33.0,40.0,41.333333333333336,6,"Residential (evening peak, weekend >= weekday)",4
TEST-03896,Lideta,2025-11-09 14:00:00,23.0,0.0,56.0,8.6,1,0,0,0.0,0,0,0,0,0,0,0,0,0,0,0,48.0,48.0,14,6,1,11,21,312.5833333333333,32.0,49.0,44.0,41.66666666666666,7,Mixed hub (commute + busy midday),3
TEST-01660,Megenagna,2025-11-09 14:00:00,23.0,0.0,56.0,8.6,1,0,0,0.0,0,0,0,0,0,0,0,0,0,0,0,12.0,48.0,14,6,1,11,21,312.5833333333333,66.0,54.0,74.0,64.66666666666667,8,Mixed hub (commute + busy midday),3
TEST-03549,Merkato,2025-11-09 14:00:00,23.0,0.0,56.0,8.6,1,0,0,0.0,0,0,0,0,0,0,0,0,0,0,0,48.0,48.0,14,6,1,11,21,312.5833333333333,58.0,53.0,47.0,52.66666666666666,9,Market (midday peak),2
TEST-00285,Piassa,2025-11-09 14:00:00,23.0,0.0,56.0,8.6,1,0,0,0.0,0,0,0,0,0,0,0,0,0,0,0,48.0,48.0,14,6,1,11,21,312.5833333333333,21.0,23.0,24.0,22.666666666666668,10,Business / office (weekday commute),0
TEST-00172,Sarbet,2025-11-09 14:00:00,23.0,0.0,56.0,8.6,1,0,0,0.0,0,0,0,0,0,0,0,0,0,0,0,48.0,48.0,14,6,1,11,21,312.5833333333333,51.0,40.0,42.0,44.333333333333336,11,"Residential (evening peak, weekend >= weekday)",4
TEST-00279,Arat Kilo,2025-11-09 15:00:00,23.9,0.0,61.0,12.4,1,0,0,0.0,0,0,0,0,0,0,0,0,0,0,0,48.0,48.0,15,6,1,11,21,312.625,14.0,11.0,15.0,13.333333333333334,0,Business / office (weekday commute),0
TEST-00832,Ayat,2025-11-09 15:00:00,23.9,0.0,61.0,12.4,1,0,0,0.0,0,0,0,0,0,0,0,0,0,0,0,48.0,48.0,15,6,1,11,21,312.625,22.0,32.0,25.0,26.33333333333333,1,"Residential (evening peak, weekend >= weekday)",4
TEST-02843,Bole,2025-11-09 15:00:00,23.9,0.0,61.0,12.4,1,0,0,0.0,0,0,0,0,0,0,0,0,0,0,0,48.0,48.0,15,6,1,11,21,312.625,,44.0,61.0,52.5,2,"Leisure / nightlife (late, weekend-heavy)",1
TEST-01498,CMC,2025-11-09 15:00:00,23.9,0.0,61.0,12.4,1,0,0,0.0,0,0,0,0,0,0,0,0,0,0,0,48.0,48.0,15,6,1,11,21,312.625,45.0,43.0,48.0,45.333333333333336,3,"Residential (evening peak, weekend >= weekday)",4
TEST-03350,Gerji,2025-11-09 15:00:00,23.9,0.0,61.0,12.4,1,0,0,0.0,0,0,0,0,0,0,0,0,0,0,0,48.0,48.0,15,6,1,11,21,312.625,44.0,50.0,33.0,42.333333333333336,4,"Residential (evening peak, weekend >= weekday)",4
TEST-01006,Kazanchis,2025-11-09 15:00:00,23.9,0.0,61.0,12.4,1,0,0,0.0,0,1,17799,0,0,0,1,0,0,0,0,0.0,4.0,15,6,1,11,21,312.625,31.0,17.0,,24.0,5,Business / office (weekday commute),0
TEST-01239,Kolfe,2025-11-09 15:00:00,23.9,0.0,61.0,12.4,1,0,0,0.0,0,0,0,0,0,0,0,0,0,0,0,48.0,48.0,15,6,1,11,21,312.625,39.0,35.0,45.0,39.66666666666666,6,"Residential (evening peak, weekend >= weekday)",4
TEST-04022,Lideta,2025-11-09 15:00:00,23.9,0.0,61.0,12.4,1,0,0,0.0,0,0,0,0,0,0,0,0,0,0,0,48.0,48.0,15,6,1,11,21,312.625,44.0,42.0,43.0,43.0,7,Mixed hub (commute + busy midday),3
TEST-03735,Megenagna,2025-11-09 15:00:00,23.9,0.0,61.0,12.4,1,0,0,0.0,0,0,0,0,0,0,0,0,0,0,0,11.0,48.0,15,6,1,11,21,312.625,83.0,47.0,41.0,57.0,8,Mixed hub (commute + busy midday),3
TEST-00203,Merkato,2025-11-09 15:00:00,23.9,0.0,61.0,12.4,1,0,0,0.0,0,0,0,0,0,0,0,0,0,0,0,48.0,48.0,15,6,1,11,21,312.625,62.0,40.0,47.0,49.66666666666666,9,Market (midday peak),2
TEST-03748,Piassa,2025-11-09 15:00:00,23.9,0.0,61.0,12.4,1,0,0,0.0,0,0,0,0,0,0,0,0,0,0,0,48.0,48.0,15,6,1,11,21,312.625,20.0,9.0,16.0,15.0,10,Business / office (weekday commute),0
TEST-00585,Sarbet,2025-11-09 15:00:00,23.9,0.0,61.0,12.4,1,0,0,0.0,0,0,0,0,0,0,0,0,0,0,0,48.0,48.0,15,6,1,11,21,312.625,43.0,44.0,,43.5,11,"Residential (evening peak, weekend >= weekday)",4
TEST-01766,Arat Kilo,2025-11-09 16:00:00,20.6,0.0,62.0,8.2,1,0,0,0.0,0,0,0,0,0,0,0,0,0,0,0,48.0,48.0,16,6,1,11,21,312.6666666666667,19.0,17.0,15.0,17.0,0,Business / office (weekday commute),0
TEST-02248,Ayat,2025-11-09 16:00:00,20.6,0.0,62.0,8.2,1,0,0,0.0,0,0,0,0,0,0,0,0,0,0,0,48.0,48.0,16,6,1,11,21,312.6666666666667,41.0,37.0,52.0,43.333333333333336,1,"Residential (evening peak, weekend >= weekday)",4
TEST-03275,Bole,2025-11-09 16:00:00,20.6,0.0,62.0,8.2,1,0,0,0.0,0,0,0,0,0,0,0,0,0,0,0,48.0,48.0,16,6,1,11,21,312.6666666666667,63.0,51.0,58.0,57.333333333333336,2,"Leisure / nightlife (late, weekend-heavy)",1
TEST-02392,CMC,2025-11-09 16:00:00,20.6,0.0,62.0,8.2,1,0,0,0.0,0,0,0,0,0,0,0,0,0,0,0,48.0,48.0,16,6,1,11,21,312.6666666666667,46.0,36.0,36.0,39.333333333333336,3,"Residential (evening peak, weekend >= weekday)",4
TEST-00534,Gerji,2025-11-09 16:00:00,20.6,0.0,62.0,8.2,1,0,0,0.0,0,0,0,0,0,0,0,0,0,0,0,48.0,48.0,16,6,1,11,21,312.6666666666667,45.0,,52.0,48.5,4,"Residential (evening peak, weekend >= weekday)",4
TEST-00108,Kazanchis,2025-11-09 16:00:00,20.6,0.0,62.0,8.2,1,0,0,0.0,0,1,17799,0,0,0,1,0,0,0,0,27.0,5.0,16,6,1,11,21,312.6666666666667,26.0,28.0,29.0,27.666666666666668,5,Business / office (weekday commute),0
TEST-01520,Kolfe,2025-11-09 16:00:00,20.6,0.0,62.0,8.2,1,0,0,0.0,0,0,0,0,0,0,0,0,0,0,0,48.0,48.0,16,6,1,11,21,312.6666666666667,43.0,,35.0,39.0,6,"Residential (evening peak, weekend >= weekday)",4
TEST-00558,Lideta,2025-11-09 16:00:00,20.6,0.0,62.0,8.2,1,0,0,0.0,0,0,0,0,0,0,0,0,0,0,0,48.0,48.0,16,6,1,11,21,312.6666666666667,63.0,64.0,32.0,53.0,7,Mixed hub (commute + busy midday),3
TEST-02391,Megenagna,2025-11-09 16:00:00,20.6,0.0,62.0,8.2,1,0,0,0.0,0,0,0,0,0,0,0,0,0,0,0,10.0,48.0,16,6,1,11,21,312.6666666666667,55.0,45.0,44.0,48.0,8,Mixed hub (commute + busy midday),3
TEST-02562,Merkato,2025-11-09 16:00:00,20.6,0.0,62.0,8.2,1,0,0,0.0,0,0,0,0,0,0,0,0,0,0,0,48.0,48.0,16,6,1,11,21,312.6666666666667,41.0,23.0,,32.0,9,Market (midday peak),2
TEST-03518,Piassa,2025-11-09 16:00:00,20.6,0.0,62.0,8.2,1,0,0,0.0,0,0,0,0,0,0,0,0,0,0,0,48.0,48.0,16,6,1,11,21,312.6666666666667,32.0,25.0,30.0,29.0,10,Business / office (weekday commute),0
TEST-00963,Sarbet,2025-11-09 16:00:00,20.6,0.0,62.0,8.2,1,0,0,0.0,0,0,0,0,0,0,0,0,0,0,0,48.0,48.0,16,6,1,11,21,312.6666666666667,42.0,49.0,45.0,45.333333333333336,11,"Residential (evening peak, weekend >= weekday)",4
TEST-00235,Arat Kilo,2025-11-09 17:00:00,20.8,0.0,59.0,22.5,1,0,0,0.0,0,0,0,0,0,0,0,0,0,0,0,48.0,48.0,17,6,1,11,21,312.7083333333333,32.0,26.0,27.0,28.33333333333333,0,Business / office (weekday commute),0
TEST-03650,Ayat,2025-11-09 17:00:00,20.8,0.0,59.0,22.5,1,0,0,0.0,0,0,0,0,0,0,0,0,0,0,0,48.0,48.0,17,6,1,11,21,312.7083333333333,31.0,40.0,34.0,35.0,1,"Residential (evening peak, weekend >= weekday)",4
TEST-00134,Bole,2025-11-09 17:00:00,20.8,0.0,59.0,22.5,1,0,0,0.0,0,0,0,0,0,0,0,0,0,0,0,48.0,48.0,17,6,1,11,21,312.7083333333333,68.0,42.0,45.0,51.66666666666666,2,"Leisure / nightlife (late, weekend-heavy)",1
TEST-02616,CMC,2025-11-09 17:00:00,20.8,0.0,59.0,22.5,1,0,0,0.0,0,0,0,0,0,0,0,0,0,0,0,48.0,48.0,17,6,1,11,21,312.7083333333333,34.0,50.0,52.0,45.333333333333336,3,"Residential (evening peak, weekend >= weekday)",4
TEST-02959,Gerji,2025-11-09 17:00:00,20.8,0.0,59.0,22.5,1,0,0,0.0,0,0,0,0,0,0,0,0,0,0,0,48.0,48.0,17,6,1,11,21,312.7083333333333,45.0,54.0,45.0,48.0,4,"Residential (evening peak, weekend >= weekday)",4
TEST-02154,Kazanchis,2025-11-09 17:00:00,20.8,0.0,59.0,22.5,1,0,0,0.0,0,1,17799,0,0,0,1,0,0,0,0,26.0,0.0,17,6,1,11,21,312.7083333333333,35.0,40.0,43.0,39.333333333333336,5,Business / office (weekday commute),0
TEST-01233,Kolfe,2025-11-09 17:00:00,20.8,0.0,59.0,22.5,1,0,0,0.0,0,0,0,0,0,0,0,0,0,0,0,48.0,48.0,17,6,1,11,21,312.7083333333333,52.0,34.0,39.0,41.66666666666666,6,"Residential (evening peak, weekend >= weekday)",4
TEST-03894,Lideta,2025-11-09 17:00:00,20.8,0.0,59.0,22.5,1,0,0,0.0,0,0,0,0,0,0,0,0,0,0,0,48.0,48.0,17,6,1,11,21,312.7083333333333,51.0,,57.0,54.0,7,Mixed hub (commute + busy midday),3
TEST-00974,Megenagna,2025-11-09 17:00:00,20.8,0.0,59.0,22.5,1,0,0,0.0,0,0,0,0,0,0,0,0,0,0,0,9.0,48.0,17,6,1,11,21,312.7083333333333,66.0,52.0,68.0,62.0,8,Mixed hub (commute + busy midday),3
TEST-02883,Merkato,2025-11-09 17:00:00,20.8,0.0,59.0,22.5,1,0,0,0.0,0,0,0,0,0,0,0,0,0,0,0,48.0,48.0,17,6,1,11,21,312.7083333333333,24.0,28.0,27.0,26.33333333333333,9,Market (midday peak),2
TEST-03889,Piassa,2025-11-09 17:00:00,20.8,0.0,59.0,22.5,1,0,0,0.0,0,0,0,0,0,0,0,0,0,0,0,48.0,48.0,17,6,1,11,21,312.7083333333333,32.0,29.0,27.0,29.33333333333333,10,Business / office (weekday commute),0
TEST-02700,Sarbet,2025-11-09 17:00:00,20.8,0.0,59.0,22.5,1,0,0,0.0,0,0,0,0,0,0,0,0,0,0,0,48.0,48.0,17,6,1,11,21,312.7083333333333,47.0,45.0,33.0,41.66666666666666,11,"Residential (evening peak, weekend >= weekday)",4
TEST-02516,Arat Kilo,2025-11-09 18:00:00,21.2,0.0,70.0,11.9,1,0,0,0.0,0,0,0,0,0,0,0,0,0,0,0,48.0,48.0,18,6,1,11,21,312.75,24.0,18.0,24.0,22.0,0,Business / office (weekday commute),0
TEST-03541,Ayat,2025-11-09 18:00:00,21.2,0.0,70.0,11.9,1,0,0,0.0,0,0,0,0,0,0,0,0,0,0,0,48.0,48.0,18,6,1,11,21,312.75,38.0,37.0,40.0,38.333333333333336,1,"Residential (evening peak, weekend >= weekday)",4
TEST-00467,Bole,2025-11-09 18:00:00,21.2,0.0,70.0,11.9,1,0,0,0.0,0,0,0,0,0,0,0,0,0,0,0,48.0,48.0,18,6,1,11,21,312.75,137.0,78.0,82.0,99.0,2,"Leisure / nightlife (late, weekend-heavy)",1
TEST-02481,CMC,2025-11-09 18:00:00,21.2,0.0,70.0,11.9,1,0,0,0.0,0,0,0,0,0,0,0,0,0,0,0,48.0,48.0,18,6,1,11,21,312.75,53.0,45.0,35.0,44.333333333333336,3,"Residential (evening peak, weekend >= weekday)",4
TEST-03255,Gerji,2025-11-09 18:00:00,21.2,0.0,70.0,11.9,1,0,0,0.0,0,0,0,0,0,0,0,0,0,0,0,48.0,48.0,18,6,1,11,21,312.75,43.0,49.0,56.0,49.333333333333336,4,"Residential (evening peak, weekend >= weekday)",4
TEST-03131,Kazanchis,2025-11-09 18:00:00,21.2,0.0,70.0,11.9,1,0,0,0.0,0,1,17799,0,0,0,1,0,0,0,0,25.0,1.0,18,6,1,11,21,312.75,31.0,36.0,46.0,37.66666666666666,5,Business / office (weekday commute),0
TEST-00601,Kolfe,2025-11-09 18:00:00,21.2,0.0,70.0,11.9,1,0,0,0.0,0,0,0,0,0,0,0,0,0,0,0,48.0,48.0,18,6,1,11,21,312.75,67.0,33.0,36.0,45.333333333333336,6,"Residential (evening peak, weekend >= weekday)",4
TEST-01973,Lideta,2025-11-09 18:00:00,21.2,0.0,70.0,11.9,1,0,0,0.0,0,0,0,0,0,0,0,0,0,0,0,48.0,48.0,18,6,1,11,21,312.75,38.0,35.0,41.0,38.0,7,Mixed hub (commute + busy midday),3
TEST-03263,Megenagna,2025-11-09 18:00:00,21.2,0.0,70.0,11.9,1,0,0,0.0,0,0,0,0,0,0,0,0,0,0,0,8.0,48.0,18,6,1,11,21,312.75,66.0,61.0,49.0,58.66666666666666,8,Mixed hub (commute + busy midday),3
TEST-00085,Merkato,2025-11-09 18:00:00,21.2,0.0,70.0,11.9,1,0,0,0.0,0,0,0,0,0,0,0,0,0,0,0,48.0,48.0,18,6,1,11,21,312.75,25.0,15.0,31.0,23.666666666666668,9,Market (midday peak),2
TEST-00741,Piassa,2025-11-09 18:00:00,21.2,0.0,70.0,11.9,1,0,0,0.0,0,0,0,0,0,0,0,0,0,0,0,48.0,48.0,18,6,1,11,21,312.75,44.0,37.0,29.0,36.66666666666666,10,Business / office (weekday commute),0
TEST-00964,Sarbet,2025-11-09 18:00:00,21.2,0.0,70.0,11.9,1,0,0,0.0,0,0,0,0,0,0,0,0,0,0,0,48.0,48.0,18,6,1,11,21,312.75,44.0,40.0,39.0,41.0,11,"Residential (evening peak, weekend >= weekday)",4
TEST-02150,Arat Kilo,2025-11-09 19:00:00,20.4,0.0,64.0,10.6,1,0,0,0.0,0,0,0,0,0,0,0,0,0,0,0,48.0,48.0,19,6,1,11,21,312.7916666666667,35.0,23.0,29.0,29.0,0,Business / office (weekday commute),0
TEST-03292,Ayat,2025-11-09 19:00:00,20.4,0.0,64.0,10.6,1,0,0,0.0,0,0,0,0,0,0,0,0,0,0,0,48.0,48.0,19,6,1,11,21,312.7916666666667,39.0,,27.0,33.0,1,"Residential (evening peak, weekend >= weekday)",4
TEST-02007,Bole,2025-11-09 19:00:00,20.4,0.0,64.0,10.6,1,0,0,0.0,0,0,0,0,0,0,0,0,0,0,0,48.0,48.0,19,6,1,11,21,312.7916666666667,84.0,52.0,66.0,67.33333333333333,2,"Leisure / nightlife (late, weekend-heavy)",1
TEST-01986,CMC,2025-11-09 19:00:00,20.4,0.0,64.0,10.6,1,0,0,0.0,0,0,0,0,0,0,0,0,0,0,0,48.0,48.0,19,6,1,11,21,312.7916666666667,,41.0,49.0,45.0,3,"Residential (evening peak, weekend >= weekday)",4
TEST-01400,Gerji,2025-11-09 19:00:00,20.4,0.0,64.0,10.6,1,0,0,0.0,0,0,0,0,0,0,0,0,0,0,0,48.0,48.0,19,6,1,11,21,312.7916666666667,41.0,23.0,47.0,37.0,4,"Residential (evening peak, weekend >= weekday)",4
TEST-00656,Kazanchis,2025-11-09 19:00:00,20.4,0.0,64.0,10.6,1,0,0,0.0,0,0,0,0,0,0,0,0,0,0,0,24.0,2.0,19,6,1,11,21,312.7916666666667,40.0,41.0,41.0,40.66666666666666,5,Business / office (weekday commute),0
TEST-01556,Kolfe,2025-11-09 19:00:00,20.4,0.0,64.0,10.6,1,0,0,0.0,0,0,0,0,0,0,0,0,0,0,0,48.0,48.0,19,6,1,11,21,312.7916666666667,45.0,47.0,34.0,42.0,6,"Residential (evening peak, weekend >= weekday)",4
TEST-00551,Lideta,2025-11-09 19:00:00,20.4,0.0,64.0,10.6,1,0,0,0.0,0,0,0,0,0,0,0,0,0,0,0,48.0,48.0,19,6,1,11,21,312.7916666666667,33.0,41.0,28.0,34.0,7,Mixed hub (commute + busy midday),3
TEST-00226,Megenagna,2025-11-09 19:00:00,20.4,0.0,64.0,10.6,1,0,0,0.0,0,0,0,0,0,0,0,0,0,0,0,7.0,48.0,19,6,1,11,21,312.7916666666667,33.0,40.0,,36.5,8,Mixed hub (commute + busy midday),3
TEST-03595,Merkato,2025-11-09 19:00:00,20.4,0.0,64.0,10.6,1,0,0,0.0,0,0,0,0,0,0,0,0,0,0,0,48.0,48.0,19,6,1,11,21,312.7916666666667,12.0,15.0,12.0,13.0,9,Market (midday peak),2
TEST-01899,Piassa,2025-11-09 19:00:00,20.4,0.0,64.0,10.6,1,0,0,0.0,0,0,0,0,0,0,0,0,0,0,0,48.0,48.0,19,6,1,11,21,312.7916666666667,29.0,28.0,31.0,29.33333333333333,10,Business / office (weekday commute),0
TEST-01656,Sarbet,2025-11-09 19:00:00,20.4,0.0,64.0,10.6,1,0,0,0.0,0,0,0,0,0,0,0,0,0,0,0,48.0,48.0,19,6,1,11,21,312.7916666666667,37.0,59.0,34.0,43.333333333333336,11,"Residential (evening peak, weekend >= weekday)",4
TEST-01811,Arat Kilo,2025-11-09 20:00:00,15.6,0.0,73.0,7.2,1,0,0,0.0,0,0,0,0,0,0,0,0,0,0,0,48.0,48.0,20,6,1,11,21,312.8333333333333,23.0,22.0,15.0,20.0,0,Business / office (weekday commute),0
TEST-02367,Ayat,2025-11-09 20:00:00,15.6,0.0,73.0,7.2,1,0,0,0.0,0,0,0,0,0,0,0,0,0,0,0,48.0,48.0,20,6,1,11,21,312.8333333333333,38.0,35.0,24.0,32.333333333333336,1,"Residential (evening peak, weekend >= weekday)",4
TEST-00665,Bole,2025-11-09 20:00:00,15.6,0.0,73.0,7.2,1,0,0,0.0,0,0,0,0,0,0,0,0,0,0,0,48.0,48.0,20,6,1,11,21,312.8333333333333,76.0,84.0,63.0,74.33333333333333,2,"Leisure / nightlife (late, weekend-heavy)",1
TEST-03356,CMC,2025-11-09 20:00:00,15.6,0.0,73.0,7.2,1,0,0,0.0,0,0,0,0,0,0,0,0,0,0,0,48.0,48.0,20,6,1,11,21,312.8333333333333,49.0,44.0,35.0,42.66666666666666,3,"Residential (evening peak, weekend >= weekday)",4
TEST-00175,Gerji,2025-11-09 20:00:00,15.6,0.0,73.0,7.2,1,0,0,0.0,0,0,0,0,0,0,0,0,0,0,0,48.0,48.0,20,6,1,11,21,312.8333333333333,54.0,56.0,44.0,51.333333333333336,4,"Residential (evening peak, weekend >= weekday)",4
TEST-01154,Kazanchis,2025-11-09 20:00:00,15.6,0.0,73.0,7.2,1,0,0,0.0,0,0,0,0,0,0,0,0,0,0,0,23.0,3.0,20,6,1,11,21,312.8333333333333,40.0,31.0,34.0,35.0,5,Business / office (weekday commute),0
TEST-03213,Kolfe,2025-11-09 20:00:00,15.6,0.0,73.0,7.2,1,0,0,0.0,0,0,0,0,0,0,0,0,0,0,0,48.0,48.0,20,6,1,11,21,312.8333333333333,30.0,33.0,30.0,31.0,6,"Residential (evening peak, weekend >= weekday)",4
TEST-00920,Lideta,2025-11-09 20:00:00,15.6,0.0,73.0,7.2,1,0,0,0.0,0,0,0,0,0,0,0,0,0,0,0,48.0,48.0,20,6,1,11,21,312.8333333333333,23.0,35.0,27.0,28.33333333333333,7,Mixed hub (commute + busy midday),3
TEST-01420,Megenagna,2025-11-09 20:00:00,15.6,0.0,73.0,7.2,1,0,0,0.0,0,0,0,0,0,0,0,0,0,0,0,6.0,48.0,20,6,1,11,21,312.8333333333333,46.0,39.0,28.0,37.66666666666666,8,Mixed hub (commute + busy midday),3
TEST-02553,Merkato,2025-11-09 20:00:00,15.6,0.0,73.0,7.2,1,0,0,0.0,0,0,0,0,0,0,0,0,0,0,0,48.0,48.0,20,6,1,11,21,312.8333333333333,2.0,10.0,5.0,5.666666666666667,9,Market (midday peak),2
TEST-01223,Piassa,2025-11-09 20:00:00,15.6,0.0,73.0,7.2,1,0,0,0.0,0,0,0,0,0,0,0,0,0,0,0,48.0,48.0,20,6,1,11,21,312.8333333333333,36.0,29.0,27.0,30.666666666666668,10,Business / office (weekday commute),0
TEST-01149,Sarbet,2025-11-09 20:00:00,15.6,0.0,73.0,7.2,1,0,0,0.0,0,0,0,0,0,0,0,0,0,0,0,48.0,48.0,20,6,1,11,21,312.8333333333333,40.0,28.0,34.0,34.0,11,"Residential (evening peak, weekend >= weekday)",4
TEST-02782,Arat Kilo,2025-11-09 21:00:00,17.4,0.0,79.0,13.2,1,0,0,0.0,0,0,0,0,0,0,0,0,0,0,0,48.0,48.0,21,6,1,11,21,312.875,18.0,12.0,23.0,17.666666666666668,0,Business / office (weekday commute),0
TEST-01317,Ayat,2025-11-09 21:00:00,17.4,0.0,79.0,13.2,1,0,0,0.0,0,0,0,0,0,0,0,0,0,0,0,48.0,48.0,21,6,1,11,21,312.875,30.0,23.0,32.0,28.33333333333333,1,"Residential (evening peak, weekend >= weekday)",4
TEST-01344,Bole,2025-11-09 21:00:00,17.4,0.0,79.0,13.2,1,0,0,0.0,0,0,0,0,0,0,0,0,0,0,0,48.0,48.0,21,6,1,11,21,312.875,89.0,86.0,59.0,78.0,2,"Leisure / nightlife (late, weekend-heavy)",1
TEST-03801,CMC,2025-11-09 21:00:00,17.4,0.0,79.0,13.2,1,0,0,0.0,0,0,0,0,0,0,0,0,0,0,0,48.0,48.0,21,6,1,11,21,312.875,37.0,39.0,35.0,37.0,3,"Residential (evening peak, weekend >= weekday)",4
TEST-00137,Gerji,2025-11-09 21:00:00,17.4,0.0,79.0,13.2,1,0,0,0.0,0,0,0,0,0,0,0,0,0,0,0,48.0,48.0,21,6,1,11,21,312.875,46.0,43.0,22.0,37.0,4,"Residential (evening peak, weekend >= weekday)",4
TEST-00061,Kazanchis,2025-11-09 21:00:00,17.4,0.0,79.0,13.2,1,0,0,0.0,0,0,0,0,0,0,0,0,0,0,0,22.0,4.0,21,6,1,11,21,312.875,18.0,36.0,23.0,25.666666666666668,5,Business / office (weekday commute),0
TEST-03379,Kolfe,2025-11-09 21:00:00,17.4,0.0,79.0,13.2,1,0,0,0.0,0,0,0,0,0,0,0,0,0,0,0,48.0,48.0,21,6,1,11,21,312.875,,28.0,28.0,28.0,6,"Residential (evening peak, weekend >= weekday)",4
TEST-01213,Lideta,2025-11-09 21:00:00,17.4,0.0,79.0,13.2,1,0,0,0.0,0,0,0,0,0,0,0,0,0,0,0,48.0,48.0,21,6,1,11,21,312.875,25.0,25.0,31.0,27.0,7,Mixed hub (commute + busy midday),3
TEST-00568,Megenagna,2025-11-09 21:00:00,17.4,0.0,79.0,13.2,1,0,0,0.0,0,0,0,0,0,0,0,0,0,0,0,5.0,48.0,21,6,1,11,21,312.875,24.0,27.0,27.0,26.0,8,Mixed hub (commute + busy midday),3
TEST-01034,Merkato,2025-11-09 21:00:00,17.4,0.0,79.0,13.2,1,0,0,0.0,0,0,0,0,0,0,0,0,0,0,0,48.0,48.0,21,6,1,11,21,312.875,5.0,9.0,4.0,6.0,9,Market (midday peak),2
TEST-02411,Piassa,2025-11-09 21:00:00,17.4,0.0,79.0,13.2,1,0,0,0.0,0,0,0,0,0,0,0,0,0,0,0,48.0,48.0,21,6,1,11,21,312.875,14.0,30.0,14.0,19.33333333333333,10,Business / office (weekday commute),0
TEST-01336,Sarbet,2025-11-09 21:00:00,17.4,0.0,79.0,13.2,1,0,0,0.0,0,0,0,0,0,0,0,0,0,0,0,48.0,48.0,21,6,1,11,21,312.875,31.0,42.0,38.0,37.0,11,"Residential (evening peak, weekend >= weekday)",4
TEST-00212,Arat Kilo,2025-11-09 22:00:00,15.9,0.0,82.0,12.5,1,0,1,0.0,0,0,0,0,0,0,0,0,0,0,0,48.0,48.0,22,6,1,11,21,312.9166666666667,19.0,10.0,11.0,13.333333333333334,0,Business / office (weekday commute),0
TEST-02198,Ayat,2025-11-09 22:00:00,15.9,0.0,82.0,12.5,1,0,1,0.0,0,0,0,0,0,0,0,0,0,0,0,48.0,48.0,22,6,1,11,21,312.9166666666667,13.0,10.0,13.0,12.0,1,"Residential (evening peak, weekend >= weekday)",4
TEST-03740,Bole,2025-11-09 22:00:00,15.9,0.0,82.0,12.5,1,0,1,0.0,0,0,0,0,0,0,0,0,0,0,0,48.0,48.0,22,6,1,11,21,312.9166666666667,68.0,68.0,56.0,64.0,2,"Leisure / nightlife (late, weekend-heavy)",1
TEST-03270,CMC,2025-11-09 22:00:00,15.9,0.0,82.0,12.5,1,0,1,0.0,0,0,0,0,0,0,0,0,0,0,0,48.0,48.0,22,6,1,11,21,312.9166666666667,27.0,20.0,20.0,22.33333333333333,3,"Residential (evening peak, weekend >= weekday)",4
TEST-02958,Gerji,2025-11-09 22:00:00,15.9,0.0,82.0,12.5,1,0,1,0.0,0,0,0,0,0,0,0,0,0,0,0,48.0,48.0,22,6,1,11,21,312.9166666666667,16.0,21.0,17.0,18.0,4,"Residential (evening peak, weekend >= weekday)",4
TEST-02492,Kazanchis,2025-11-09 22:00:00,15.9,0.0,82.0,12.5,1,0,1,0.0,0,0,0,0,0,0,0,0,0,0,0,21.0,5.0,22,6,1,11,21,312.9166666666667,22.0,13.0,13.0,16.0,5,Business / office (weekday commute),0
TEST-00401,Kolfe,2025-11-09 22:00:00,15.9,0.0,82.0,12.5,1,0,1,0.0,0,0,0,0,0,0,0,0,0,0,0,48.0,48.0,22,6,1,11,21,312.9166666666667,26.0,31.0,27.0,28.0,6,"Residential (evening peak, weekend >= weekday)",4
TEST-00319,Lideta,2025-11-09 22:00:00,15.9,0.0,82.0,12.5,1,0,1,0.0,0,0,0,0,0,0,0,0,0,0,0,48.0,48.0,22,6,1,11,21,312.9166666666667,14.0,15.0,9.0,12.666666666666666,7,Mixed hub (commute + busy midday),3
TEST-00111,Megenagna,2025-11-09 22:00:00,15.9,0.0,82.0,12.5,1,0,1,0.0,0,0,0,0,0,0,0,0,0,0,0,4.0,48.0,22,6,1,11,21,312.9166666666667,30.0,18.0,26.0,24.666666666666668,8,Mixed hub (commute + busy midday),3
TEST-03806,Merkato,2025-11-09 22:00:00,15.9,0.0,82.0,12.5,1,0,1,0.0,0,0,0,0,0,0,0,0,0,0,0,48.0,48.0,22,6,1,11,21,312.9166666666667,2.0,2.0,4.0,2.6666666666666665,9,Market (midday peak),2
TEST-01281,Piassa,2025-11-09 22:00:00,15.9,0.0,82.0,12.5,1,0,1,0.0,0,0,0,0,0,0,0,0,0,0,0,48.0,48.0,22,6,1,11,21,312.9166666666667,12.0,17.0,23.0,17.333333333333332,10,Business / office (weekday commute),0
TEST-00129,Sarbet,2025-11-09 22:00:00,15.9,0.0,82.0,12.5,1,0,1,0.0,0,0,0,0,0,0,0,0,0,0,0,48.0,48.0,22,6,1,11,21,312.9166666666667,16.0,14.0,12.0,14.0,11,"Residential (evening peak, weekend >= weekday)",4
TEST-02725,Arat Kilo,2025-11-09 23:00:00,14.7,0.0,85.0,15.0,1,0,0,0.0,0,0,0,0,0,0,0,0,0,0,0,48.0,48.0,23,6,1,11,21,312.9583333333333,6.0,,5.0,5.5,0,Business / office (weekday commute),0
TEST-03337,Ayat,2025-11-09 23:00:00,14.7,0.0,85.0,15.0,1,0,0,0.0,0,0,0,0,0,0,0,0,0,0,0,48.0,48.0,23,6,1,11,21,312.9583333333333,13.0,11.0,8.0,10.666666666666666,1,"Residential (evening peak, weekend >= weekday)",4
TEST-00400,Bole,2025-11-09 23:00:00,14.7,0.0,85.0,15.0,1,0,0,0.0,0,0,0,0,0,0,0,0,0,0,0,48.0,48.0,23,6,1,11,21,312.9583333333333,100.0,63.0,48.0,70.33333333333333,2,"Leisure / nightlife (late, weekend-heavy)",1
TEST-03579,CMC,2025-11-09 23:00:00,14.7,0.0,85.0,15.0,1,0,0,0.0,0,0,0,0,0,0,0,0,0,0,0,48.0,48.0,23,6,1,11,21,312.9583333333333,8.0,13.0,10.0,10.333333333333334,3,"Residential (evening peak, weekend >= weekday)",4
TEST-03538,Gerji,2025-11-09 23:00:00,14.7,0.0,85.0,15.0,1,0,0,0.0,0,0,0,0,0,0,0,0,0,0,0,48.0,48.0,23,6,1,11,21,312.9583333333333,15.0,8.0,5.0,9.333333333333334,4,"Residential (evening peak, weekend >= weekday)",4
TEST-01473,Kazanchis,2025-11-09 23:00:00,14.7,0.0,85.0,15.0,1,0,0,0.0,0,0,0,0,0,0,0,0,0,0,0,20.0,6.0,23,6,1,11,21,312.9583333333333,22.0,10.0,13.0,15.0,5,Business / office (weekday commute),0
TEST-03761,Kolfe,2025-11-09 23:00:00,14.7,0.0,85.0,15.0,1,0,0,0.0,0,0,0,0,0,0,0,0,0,0,0,48.0,48.0,23,6,1,11,21,312.9583333333333,8.0,20.0,11.0,13.0,6,"Residential (evening peak, weekend >= weekday)",4
TEST-01570,Lideta,2025-11-09 23:00:00,14.7,0.0,85.0,15.0,1,0,0,0.0,0,0,0,0,0,0,0,0,0,0,0,48.0,48.0,23,6,1,11,21,312.9583333333333,11.0,11.0,8.0,10.0,7,Mixed hub (commute + busy midday),3
TEST-01779,Megenagna,2025-11-09 23:00:00,14.7,0.0,85.0,15.0,1,0,0,0.0,0,0,0,0,0,0,0,0,0,0,0,3.0,48.0,23,6,1,11,21,312.9583333333333,27.0,11.0,15.0,17.666666666666668,8,Mixed hub (commute + busy midday),3
TEST-02649,Merkato,2025-11-09 23:00:00,14.7,0.0,85.0,15.0,1,0,0,0.0,0,0,0,0,0,0,0,0,0,0,0,48.0,48.0,23,6,1,11,21,312.9583333333333,7.0,2.0,5.0,4.666666666666667,9,Market (midday peak),2
TEST-00828,Piassa,2025-11-09 23:00:00,14.7,0.0,85.0,15.0,1,0,0,0.0,0,0,0,0,0,0,0,0,0,0,0,48.0,48.0,23,6,1,11,21,312.9583333333333,,,8.0,8.0,10,Business / office (weekday commute),0
TEST-01809,Sarbet,2025-11-09 23:00:00,14.7,0.0,85.0,15.0,1,0,0,0.0,0,0,0,0,0,0,0,0,0,0,0,48.0,48.0,23,6,1,11,21,312.9583333333333,16.0,11.0,9.0,12.0,11,"Residential (evening peak, weekend >= weekday)",4
TEST-02436,Arat Kilo,2025-11-10 00:00:00,10.3,0.0,90.0,11.9,1,0,0,0.0,0,0,0,0,0,0,0,0,0,0,0,48.0,48.0,0,0,0,11,20,313.0,,6.0,6.0,6.0,0,Business / office (weekday commute),0
TEST-03018,Ayat,2025-11-10 00:00:00,10.3,0.0,90.0,11.9,1,0,0,0.0,0,0,0,0,0,0,0,0,0,0,0,48.0,48.0,0,0,0,11,20,313.0,8.0,4.0,7.0,6.333333333333333,1,"Residential (evening peak, weekend >= weekday)",4
TEST-00742,Bole,2025-11-10 00:00:00,10.3,0.0,90.0,11.9,1,0,0,0.0,0,0,0,0,0,0,0,0,0,0,0,48.0,48.0,0,0,0,11,20,313.0,36.0,15.0,13.0,21.33333333333333,2,"Leisure / nightlife (late, weekend-heavy)",1
TEST-02818,CMC,2025-11-10 00:00:00,10.3,0.0,90.0,11.9,1,0,0,0.0,0,0,0,0,0,0,0,0,0,0,0,48.0,48.0,0,0,0,11,20,313.0,7.0,9.0,9.0,8.333333333333334,3,"Residential (evening peak, weekend >= weekday)",4
TEST-00428,Gerji,2025-11-10 00:00:00,10.3,0.0,90.0,11.9,1,0,0,0.0,0,0,0,0,0,0,0,0,0,0,0,48.0,48.0,0,0,0,11,20,313.0,11.0,9.0,7.0,9.0,4,"Residential (evening peak, weekend >= weekday)",4
TEST-03220,Kazanchis,2025-11-10 00:00:00,10.3,0.0,90.0,11.9,1,0,0,0.0,0,0,0,0,0,0,0,0,0,0,0,19.0,7.0,0,0,0,11,20,313.0,,4.0,8.0,6.0,5,Business / office (weekday commute),0
TEST-03712,Kolfe,2025-11-10 00:00:00,10.3,0.0,90.0,11.9,1,0,0,0.0,0,0,0,0,0,0,0,0,0,0,0,48.0,48.0,0,0,0,11,20,313.0,6.0,8.0,5.0,6.333333333333333,6,"Residential (evening peak, weekend >= weekday)",4
TEST-02153,Lideta,2025-11-10 00:00:00,10.3,0.0,90.0,11.9,1,0,0,0.0,0,0,0,0,0,0,0,0,0,0,0,48.0,48.0,0,0,0,11,20,313.0,8.0,1.0,10.0,6.333333333333333,7,Mixed hub (commute + busy midday),3
TEST-01312,Megenagna,2025-11-10 00:00:00,10.3,0.0,90.0,11.9,1,0,0,0.0,0,1,0,0,0,0,0,1,0,0,0,2.0,48.0,0,0,0,11,20,313.0,10.0,14.0,11.0,11.666666666666666,8,Mixed hub (commute + busy midday),3
TEST-02320,Merkato,2025-11-10 00:00:00,10.3,0.0,90.0,11.9,1,0,0,0.0,0,0,0,0,0,0,0,0,0,0,0,48.0,48.0,0,0,0,11,20,313.0,3.0,3.0,,3.0,9,Market (midday peak),2
TEST-01131,Piassa,2025-11-10 00:00:00,10.3,0.0,90.0,11.9,1,0,0,0.0,0,0,0,0,0,0,0,0,0,0,0,48.0,48.0,0,0,0,11,20,313.0,4.0,7.0,3.0,4.666666666666667,10,Business / office (weekday commute),0
TEST-03108,Sarbet,2025-11-10 00:00:00,10.3,0.0,90.0,11.9,1,0,0,0.0,0,0,0,0,0,0,0,0,0,0,0,48.0,48.0,0,0,0,11,20,313.0,6.0,9.0,1.0,5.333333333333333,11,"Residential (evening peak, weekend >= weekday)",4
TEST-00879,Arat Kilo,2025-11-10 01:00:00,7.8,2.1,94.0,7.5,1,0,0,2.0999999999999983,2,0,0,0,0,0,0,0,0,0,0,48.0,48.0,1,0,0,11,20,313.0416666666667,2.0,7.0,1.0,3.333333333333333,0,Business / office (weekday commute),0
TEST-03071,Ayat,2025-11-10 01:00:00,7.8,2.1,94.0,7.5,1,0,0,2.0999999999999983,2,0,0,0,0,0,0,0,0,0,0,48.0,48.0,1,0,0,11,20,313.0416666666667,4.0,3.0,2.0,3.0,1,"Residential (evening peak, weekend >= weekday)",4
TEST-00529,Bole,2025-11-10 01:00:00,7.8,2.1,94.0,7.5,1,0,0,2.0999999999999983,2,0,0,0,0,0,0,0,0,0,0,48.0,48.0,1,0,0,11,20,313.0416666666667,37.0,15.0,11.0,21.0,2,"Leisure / nightlife (late, weekend-heavy)",1
TEST-01231,CMC,2025-11-10 01:00:00,7.8,2.1,94.0,7.5,1,0,0,2.0999999999999983,2,0,0,0,0,0,0,0,0,0,0,48.0,48.0,1,0,0,11,20,313.0416666666667,4.0,6.0,6.0,5.333333333333333,3,"Residential (evening peak, weekend >= weekday)",4
TEST-03104,Gerji,2025-11-10 01:00:00,7.8,2.1,94.0,7.5,1,0,0,2.0999999999999983,2,0,0,0,0,0,0,0,0,0,0,48.0,48.0,1,0,0,11,20,313.0416666666667,2.0,3.0,4.0,3.0,4,"Residential (evening peak, weekend >= weekday)",4
TEST-00902,Kazanchis,2025-11-10 01:00:00,7.8,2.1,94.0,7.5,1,0,0,2.0999999999999983,2,0,0,0,0,0,0,0,0,0,0,18.0,8.0,1,0,0,11,20,313.0416666666667,4.0,11.0,4.0,6.333333333333333,5,Business / office (weekday commute),0
TEST-01683,Kolfe,2025-11-10 01:00:00,7.8,2.1,94.0,7.5,1,0,0,2.0999999999999983,2,0,0,0,0,0,0,0,0,0,0,48.0,48.0,1,0,0,11,20,313.0416666666667,4.0,4.0,3.0,3.6666666666666665,6,"Residential (evening peak, weekend >= weekday)",4
TEST-03144,Lideta,2025-11-10 01:00:00,7.8,2.1,94.0,7.5,1,0,0,2.0999999999999983,2,0,0,0,0,0,0,0,0,0,0,48.0,48.0,1,0,0,11,20,313.0416666666667,8.0,6.0,6.0,6.666666666666667,7,Mixed hub (commute + busy midday),3
TEST-00827,Megenagna,2025-11-10 01:00:00,7.8,2.1,94.0,7.5,1,0,0,2.0999999999999983,2,1,0,0,0,0,0,1,0,0,0,1.0,48.0,1,0,0,11,20,313.0416666666667,9.0,8.0,2.0,6.333333333333333,8,Mixed hub (commute + busy midday),3
TEST-01638,Merkato,2025-11-10 01:00:00,7.8,2.1,94.0,7.5,1,0,0,2.0999999999999983,2,0,0,0,0,0,0,0,0,0,0,48.0,48.0,1,0,0,11,20,313.0416666666667,4.0,4.0,3.0,3.6666666666666665,9,Market (midday peak),2
TEST-00214,Piassa,2025-11-10 01:00:00,7.8,2.1,94.0,7.5,1,0,0,2.0999999999999983,2,0,0,0,0,0,0,0,0,0,0,48.0,48.0,1,0,0,11,20,313.0416666666667,4.0,7.0,2.0,4.333333333333333,10,Business / office (weekday commute),0
TEST-03653,Sarbet,2025-11-10 01:00:00,7.8,2.1,94.0,7.5,1,0,0,2.0999999999999983,2,0,0,0,0,0,0,0,0,0,0,48.0,48.0,1,0,0,11,20,313.0416666666667,9.0,,6.0,7.5,11,"Residential (evening peak, weekend >= weekday)",4
TEST-00334,Arat Kilo,2025-11-10 02:00:00,8.8,0.0,90.0,13.7,1,0,0,2.0999999999999983,0,0,0,0,0,0,0,0,0,0,0,48.0,48.0,2,0,0,11,20,313.0833333333333,0.0,2.0,4.0,2.0,0,Business / office (weekday commute),0
TEST-03006,Ayat,2025-11-10 02:00:00,8.8,0.0,90.0,13.7,1,0,0,2.0999999999999983,0,0,0,0,0,0,0,0,0,0,0,48.0,48.0,2,0,0,11,20,313.0833333333333,2.0,3.0,1.0,2.0,1,"Residential (evening peak, weekend >= weekday)",4
TEST-02466,Bole,2025-11-10 02:00:00,8.8,0.0,90.0,13.7,1,0,0,2.0999999999999983,0,0,0,0,0,0,0,0,0,0,0,48.0,48.0,2,0,0,11,20,313.0833333333333,16.0,10.0,10.0,12.0,2,"Leisure / nightlife (late, weekend-heavy)",1
TEST-02834,CMC,2025-11-10 02:00:00,8.8,0.0,90.0,13.7,1,0,0,2.0999999999999983,0,0,0,0,0,0,0,0,0,0,0,48.0,48.0,2,0,0,11,20,313.0833333333333,2.0,,5.0,3.5,3,"Residential (evening peak, weekend >= weekday)",4
TEST-02201,Gerji,2025-11-10 02:00:00,8.8,0.0,90.0,13.7,1,0,0,2.0999999999999983,0,0,0,0,0,0,0,0,0,0,0,48.0,48.0,2,0,0,11,20,313.0833333333333,5.0,0.0,3.0,2.6666666666666665,4,"Residential (evening peak, weekend >= weekday)",4
TEST-02340,Kazanchis,2025-11-10 02:00:00,8.8,0.0,90.0,13.7,1,0,0,2.0999999999999983,0,0,0,0,0,0,0,0,0,0,0,17.0,9.0,2,0,0,11,20,313.0833333333333,4.0,5.0,6.0,5.0,5,Business / office (weekday commute),0
TEST-02547,Kolfe,2025-11-10 02:00:00,8.8,0.0,90.0,13.7,1,0,0,2.0999999999999983,0,0,0,0,0,0,0,0,0,0,0,48.0,48.0,2,0,0,11,20,313.0833333333333,5.0,2.0,3.0,3.333333333333333,6,"Residential (evening peak, weekend >= weekday)",4
TEST-02583,Lideta,2025-11-10 02:00:00,8.8,0.0,90.0,13.7,1,0,0,2.0999999999999983,0,0,0,0,0,0,0,0,0,0,0,48.0,48.0,2,0,0,11,20,313.0833333333333,8.0,4.0,3.0,5.0,7,Mixed hub (commute + busy midday),3
TEST-01085,Megenagna,2025-11-10 02:00:00,8.8,0.0,90.0,13.7,1,0,0,2.0999999999999983,0,1,0,0,0,0,0,1,0,0,0,0.0,48.0,2,0,0,11,20,313.0833333333333,10.0,10.0,10.0,10.0,8,Mixed hub (commute + busy midday),3
TEST-00333,Merkato,2025-11-10 02:00:00,8.8,0.0,90.0,13.7,1,0,0,2.0999999999999983,0,0,0,0,0,0,0,0,0,0,0,48.0,48.0,2,0,0,11,20,313.0833333333333,2.0,5.0,7.0,4.666666666666667,9,Market (midday peak),2
TEST-00462,Piassa,2025-11-10 02:00:00,8.8,0.0,90.0,13.7,1,0,0,2.0999999999999983,0,0,0,0,0,0,0,0,0,0,0,48.0,48.0,2,0,0,11,20,313.0833333333333,8.0,5.0,6.0,6.333333333333333,10,Business / office (weekday commute),0
TEST-03299,Sarbet,2025-11-10 02:00:00,8.8,0.0,90.0,13.7,1,0,0,2.0999999999999983,0,0,0,0,0,0,0,0,0,0,0,48.0,48.0,2,0,0,11,20,313.0833333333333,5.0,6.0,7.0,6.0,11,"Residential (evening peak, weekend >= weekday)",4
TEST-02437,Arat Kilo,2025-11-10 03:00:00,8.8,0.0,93.0,7.0,1,0,1,2.0999999999999983,0,0,0,0,0,0,0,0,0,0,0,48.0,48.0,3,0,0,11,20,313.125,1.0,3.0,4.0,2.6666666666666665,0,Business / office (weekday commute),0
TEST-02637,Ayat,2025-11-10 03:00:00,8.8,0.0,93.0,7.0,1,0,1,2.0999999999999983,0,0,0,0,0,0,0,0,0,0,0,48.0,48.0,3,0,0,11,20,313.125,2.0,2.0,5.0,3.0,1,"Residential (evening peak, weekend >= weekday)",4
TEST-00270,Bole,2025-11-10 03:00:00,8.8,0.0,93.0,7.0,1,0,1,2.0999999999999983,0,0,0,0,0,0,0,0,0,0,0,48.0,48.0,3,0,0,11,20,313.125,17.0,17.0,21.0,18.33333333333333,2,"Leisure / nightlife (late, weekend-heavy)",1
TEST-00417,CMC,2025-11-10 03:00:00,8.8,0.0,93.0,7.0,1,0,1,2.0999999999999983,0,0,0,0,0,0,0,0,0,0,0,48.0,48.0,3,0,0,11,20,313.125,3.0,5.0,3.0,3.6666666666666665,3,"Residential (evening peak, weekend >= weekday)",4
TEST-01241,Gerji,2025-11-10 03:00:00,8.8,0.0,93.0,7.0,1,0,1,2.0999999999999983,0,0,0,0,0,0,0,0,0,0,0,48.0,48.0,3,0,0,11,20,313.125,4.0,4.0,3.0,3.6666666666666665,4,"Residential (evening peak, weekend >= weekday)",4
TEST-01564,Kazanchis,2025-11-10 03:00:00,8.8,0.0,93.0,7.0,1,0,1,2.0999999999999983,0,0,0,0,0,0,0,0,0,0,0,16.0,10.0,3,0,0,11,20,313.125,6.0,8.0,7.0,7.0,5,Business / office (weekday commute),0
TEST-01125,Kolfe,2025-11-10 03:00:00,8.8,0.0,93.0,7.0,1,0,1,2.0999999999999983,0,0,0,0,0,0,0,0,0,0,0,48.0,48.0,3,0,0,11,20,313.125,10.0,8.0,3.0,7.0,6,"Residential (evening peak, weekend >= weekday)",4
TEST-02070,Lideta,2025-11-10 03:00:00,8.8,0.0,93.0,7.0,1,0,1,2.0999999999999983,0,0,0,0,0,0,0,0,0,0,0,48.0,48.0,3,0,0,11,20,313.125,5.0,6.0,11.0,7.333333333333333,7,Mixed hub (commute + busy midday),3
TEST-03907,Megenagna,2025-11-10 03:00:00,8.8,0.0,93.0,7.0,1,0,1,2.0999999999999983,0,1,0,0,0,0,0,1,0,0,0,48.0,48.0,3,0,0,11,20,313.125,13.0,6.0,15.0,11.333333333333334,8,Mixed hub (commute + busy midday),3
TEST-01375,Merkato,2025-11-10 03:00:00,8.8,0.0,93.0,7.0,1,0,1,2.0999999999999983,0,0,0,0,0,0,0,0,0,0,0,48.0,48.0,3,0,0,11,20,313.125,5.0,8.0,3.0,5.333333333333333,9,Market (midday peak),2
TEST-01322,Piassa,2025-11-10 03:00:00,8.8,0.0,93.0,7.0,1,0,1,2.0999999999999983,0,0,0,0,0,0,0,0,0,0,0,48.0,48.0,3,0,0,11,20,313.125,4.0,3.0,5.0,4.0,10,Business / office (weekday commute),0
TEST-02967,Sarbet,2025-11-10 03:00:00,8.8,0.0,93.0,7.0,1,0,1,2.0999999999999983,0,0,0,0,0,0,0,0,0,0,0,48.0,48.0,3,0,0,11,20,313.125,4.0,4.0,5.0,4.333333333333333,11,"Residential (evening peak, weekend >= weekday)",4
TEST-03961,Arat Kilo,2025-11-10 04:00:00,8.3,0.0,96.0,13.5,1,0,0,0.0,0,0,0,0,0,0,0,0,0,0,0,48.0,48.0,4,0,0,11,20,313.1666666666667,3.0,3.0,1.0,2.333333333333333,0,Business / office (weekday commute),0
TEST-03384,Ayat,2025-11-10 04:00:00,8.3,0.0,96.0,13.5,1,0,0,0.0,0,0,0,0,0,0,0,0,0,0,0,48.0,48.0,4,0,0,11,20,313.1666666666667,,4.0,2.0,3.0,1,"Residential (evening peak, weekend >= weekday)",4
TEST-03690,Bole,2025-11-10 04:00:00,8.3,0.0,96.0,13.5,1,0,0,0.0,0,0,0,0,0,0,0,0,0,0,0,48.0,48.0,4,0,0,11,20,313.1666666666667,29.0,23.0,28.0,26.666666666666668,2,"Leisure / nightlife (late, weekend-heavy)",1
TEST-03826,CMC,2025-11-10 04:00:00,8.3,0.0,96.0,13.5,1,0,0,0.0,0,0,0,0,0,0,0,0,0,0,0,48.0,48.0,4,0,0,11,20,313.1666666666667,14.0,6.0,7.0,9.0,3,"Residential (evening peak, weekend >= weekday)",4
TEST-01295,Gerji,2025-11-10 04:00:00,8.3,0.0,96.0,13.5,1,0,0,0.0,0,0,0,0,0,0,0,0,0,0,0,48.0,48.0,4,0,0,11,20,313.1666666666667,11.0,12.0,9.0,10.666666666666666,4,"Residential (evening peak, weekend >= weekday)",4
TEST-01309,Kazanchis,2025-11-10 04:00:00,8.3,0.0,96.0,13.5,1,0,0,0.0,0,0,0,0,0,0,0,0,0,0,0,15.0,11.0,4,0,0,11,20,313.1666666666667,4.0,6.0,3.0,4.333333333333333,5,Business / office (weekday commute),0
TEST-00173,Kolfe,2025-11-10 04:00:00,8.3,0.0,96.0,13.5,1,0,0,0.0,0,0,0,0,0,0,0,0,0,0,0,48.0,48.0,4,0,0,11,20,313.1666666666667,13.0,10.0,5.0,9.333333333333334,6,"Residential (evening peak, weekend >= weekday)",4
TEST-01352,Lideta,2025-11-10 04:00:00,8.3,0.0,96.0,13.5,1,0,0,0.0,0,0,0,0,0,0,0,0,0,0,0,48.0,48.0,4,0,0,11,20,313.1666666666667,14.0,11.0,14.0,13.0,7,Mixed hub (commute + busy midday),3
TEST-01381,Megenagna,2025-11-10 04:00:00,8.3,0.0,96.0,13.5,1,0,0,0.0,0,1,0,0,0,0,0,1,0,0,0,48.0,48.0,4,0,0,11,20,313.1666666666667,12.0,,5.0,8.5,8,Mixed hub (commute + busy midday),3
TEST-02189,Merkato,2025-11-10 04:00:00,8.3,0.0,96.0,13.5,1,0,0,0.0,0,0,0,0,0,0,0,0,0,0,0,48.0,48.0,4,0,0,11,20,313.1666666666667,6.0,11.0,5.0,7.333333333333333,9,Market (midday peak),2
TEST-01069,Piassa,2025-11-10 04:00:00,8.3,0.0,96.0,13.5,1,0,0,0.0,0,0,0,0,0,0,0,0,0,0,0,48.0,48.0,4,0,0,11,20,313.1666666666667,6.0,9.0,5.0,6.666666666666667,10,Business / office (weekday commute),0
TEST-01652,Sarbet,2025-11-10 04:00:00,8.3,0.0,96.0,13.5,1,0,0,0.0,0,0,0,0,0,0,0,0,0,0,0,48.0,48.0,4,0,0,11,20,313.1666666666667,9.0,6.0,7.0,7.333333333333333,11,"Residential (evening peak, weekend >= weekday)",4
TEST-01872,Arat Kilo,2025-11-10 05:00:00,9.7,0.0,79.0,10.1,1,0,0,0.0,0,0,0,0,0,0,0,0,0,0,0,48.0,48.0,5,0,0,11,20,313.2083333333333,8.0,2.0,6.0,5.333333333333333,0,Business / office (weekday commute),0
TEST-01863,Ayat,2025-11-10 05:00:00,9.7,0.0,79.0,10.1,1,0,0,0.0,0,0,0,0,0,0,0,0,0,0,0,48.0,48.0,5,0,0,11,20,313.2083333333333,22.0,13.0,18.0,17.666666666666668,1,"Residential (evening peak, weekend >= weekday)",4
TEST-00343,Bole,2025-11-10 05:00:00,9.7,0.0,79.0,10.1,1,0,0,0.0,0,0,0,0,0,0,0,0,0,0,0,48.0,48.0,5,0,0,11,20,313.2083333333333,59.0,52.0,51.0,54.0,2,"Leisure / nightlife (late, weekend-heavy)",1
TEST-03215,CMC,2025-11-10 05:00:00,9.7,0.0,79.0,10.1,1,0,0,0.0,0,0,0,0,0,0,0,0,0,0,0,48.0,48.0,5,0,0,11,20,313.2083333333333,16.0,27.0,24.0,22.33333333333333,3,"Residential (evening peak, weekend >= weekday)",4
TEST-01037,Gerji,2025-11-10 05:00:00,9.7,0.0,79.0,10.1,1,0,0,0.0,0,0,0,0,0,0,0,0,0,0,0,48.0,48.0,5,0,0,11,20,313.2083333333333,27.0,22.0,25.0,24.666666666666668,4,"Residential (evening peak, weekend >= weekday)",4
TEST-03886,Kazanchis,2025-11-10 05:00:00,9.7,0.0,79.0,10.1,1,0,0,0.0,0,0,0,0,0,0,0,0,0,0,0,14.0,12.0,5,0,0,11,20,313.2083333333333,11.0,11.0,12.0,11.333333333333334,5,Business / office (weekday commute),0
TEST-02022,Kolfe,2025-11-10 05:00:00,9.7,0.0,79.0,10.1,1,0,0,0.0,0,0,0,0,0,0,0,0,0,0,0,48.0,48.0,5,0,0,11,20,313.2083333333333,,24.0,19.0,21.5,6,"Residential (evening peak, weekend >= weekday)",4
TEST-00458,Lideta,2025-11-10 05:00:00,9.7,0.0,79.0,10.1,1,0,0,0.0,0,0,0,0,0,0,0,0,0,0,0,48.0,48.0,5,0,0,11,20,313.2083333333333,14.0,18.0,9.0,13.666666666666666,7,Mixed hub (commute + busy midday),3
TEST-01188,Megenagna,2025-11-10 05:00:00,9.7,0.0,79.0,10.1,1,0,0,0.0,0,1,0,0,0,0,0,1,0,0,0,48.0,48.0,5,0,0,11,20,313.2083333333333,24.0,25.0,32.0,27.0,8,Mixed hub (commute + busy midday),3
TEST-01951,Merkato,2025-11-10 05:00:00,9.7,0.0,79.0,10.1,1,0,0,0.0,0,0,0,0,0,0,0,0,0,0,0,48.0,48.0,5,0,0,11,20,313.2083333333333,11.0,22.0,25.0,19.33333333333333,9,Market (midday peak),2
TEST-00798,Piassa,2025-11-10 05:00:00,9.7,0.0,79.0,10.1,1,0,0,0.0,0,0,0,0,0,0,0,0,0,0,0,48.0,48.0,5,0,0,11,20,313.2083333333333,7.0,6.0,11.0,8.0,10,Business / office (weekday commute),0
TEST-01661,Sarbet,2025-11-10 05:00:00,9.7,0.0,79.0,10.1,1,0,0,0.0,0,0,0,0,0,0,0,0,0,0,0,48.0,48.0,5,0,0,11,20,313.2083333333333,18.0,18.0,18.0,18.0,11,"Residential (evening peak, weekend >= weekday)",4
TEST-01584,Arat Kilo,2025-11-10 06:00:00,8.0,0.0,91.0,3.1,1,0,0,0.0,0,0,0,0,0,0,0,0,0,0,0,48.0,48.0,6,0,0,11,20,313.25,20.0,16.0,6.0,14.0,0,Business / office (weekday commute),0
TEST-00231,Ayat,2025-11-10 06:00:00,8.0,0.0,91.0,3.1,1,0,0,0.0,0,0,0,0,0,0,0,0,0,0,0,48.0,48.0,6,0,0,11,20,313.25,30.0,22.0,30.0,27.33333333333333,1,"Residential (evening peak, weekend >= weekday)",4
TEST-02054,Bole,2025-11-10 06:00:00,8.0,0.0,91.0,3.1,1,0,0,0.0,0,0,0,0,0,0,0,0,0,0,0,48.0,48.0,6,0,0,11,20,313.25,67.0,84.0,64.0,71.66666666666667,2,"Leisure / nightlife (late, weekend-heavy)",1
TEST-02254,CMC,2025-11-10 06:00:00,8.0,0.0,91.0,3.1,1,0,0,0.0,0,0,0,0,0,0,0,0,0,0,0,48.0,48.0,6,0,0,11,20,313.25,58.0,55.0,47.0,53.333333333333336,3,"Residential (evening peak, weekend >= weekday)",4
TEST-03717,Gerji,2025-11-10 06:00:00,8.0,0.0,91.0,3.1,1,0,0,0.0,0,0,0,0,0,0,0,0,0,0,0,48.0,48.0,6,0,0,11,20,313.25,41.0,34.0,30.0,35.0,4,"Residential (evening peak, weekend >= weekday)",4
TEST-03511,Kazanchis,2025-11-10 06:00:00,8.0,0.0,91.0,3.1,1,0,0,0.0,0,0,0,0,0,0,0,0,0,0,0,13.0,13.0,6,0,0,11,20,313.25,27.0,31.0,17.0,25.0,5,Business / office (weekday commute),0
TEST-00109,Kolfe,2025-11-10 06:00:00,8.0,0.0,91.0,3.1,1,0,0,0.0,0,0,0,0,0,0,0,0,0,0,0,48.0,48.0,6,0,0,11,20,313.25,46.0,42.0,43.0,43.66666666666666,6,"Residential (evening peak, weekend >= weekday)",4
TEST-02085,Lideta,2025-11-10 06:00:00,8.0,0.0,91.0,3.1,1,0,0,0.0,0,0,0,0,0,0,0,0,0,0,0,48.0,48.0,6,0,0,11,20,313.25,39.0,32.0,49.0,40.0,7,Mixed hub (commute + busy midday),3
TEST-00500,Megenagna,2025-11-10 06:00:00,8.0,0.0,91.0,3.1,1,0,0,0.0,0,1,0,0,0,0,0,1,0,0,0,48.0,48.0,6,0,0,11,20,313.25,60.0,53.0,33.0,48.66666666666666,8,Mixed hub (commute + busy midday),3
TEST-02563,Merkato,2025-11-10 06:00:00,8.0,0.0,91.0,3.1,1,0,0,0.0,0,0,0,0,0,0,0,0,0,0,0,48.0,48.0,6,0,0,11,20,313.25,34.0,69.0,32.0,45.0,9,Market (midday peak),2
TEST-00016,Piassa,2025-11-10 06:00:00,8.0,0.0,91.0,3.1,1,0,0,0.0,0,0,0,0,0,0,0,0,0,0,0,48.0,48.0,6,0,0,11,20,313.25,23.0,13.0,18.0,18.0,10,Business / office (weekday commute),0
TEST-03074,Sarbet,2025-11-10 06:00:00,8.0,0.0,91.0,3.1,1,0,0,0.0,0,0,0,0,0,0,0,0,0,0,0,48.0,48.0,6,0,0,11,20,313.25,43.0,34.0,39.0,38.66666666666666,11,"Residential (evening peak, weekend >= weekday)",4
TEST-01225,Arat Kilo,2025-11-10 07:00:00,12.0,0.0,90.0,10.3,1,0,0,0.0,0,0,0,0,0,0,0,0,0,0,0,48.0,48.0,7,0,0,11,20,313.2916666666667,49.0,51.0,43.0,47.66666666666666,0,Business / office (weekday commute),0
TEST-00996,Ayat,2025-11-10 07:00:00,12.0,0.0,90.0,10.3,1,0,0,0.0,0,0,0,0,0,0,0,0,0,0,0,48.0,48.0,7,0,0,11,20,313.2916666666667,54.0,46.0,36.0,45.333333333333336,1,"Residential (evening peak, weekend >= weekday)",4
TEST-02179,Bole,2025-11-10 07:00:00,12.0,0.0,90.0,10.3,1,0,0,0.0,0,0,0,0,0,0,0,0,0,0,0,48.0,48.0,7,0,0,11,20,313.2916666666667,79.0,68.0,43.0,63.333333333333336,2,"Leisure / nightlife (late, weekend-heavy)",1
TEST-00156,CMC,2025-11-10 07:00:00,12.0,0.0,90.0,10.3,1,0,0,0.0,0,0,0,0,0,0,0,0,0,0,0,48.0,48.0,7,0,0,11,20,313.2916666666667,72.0,76.0,80.0,76.0,3,"Residential (evening peak, weekend >= weekday)",4
TEST-03491,Gerji,2025-11-10 07:00:00,12.0,0.0,90.0,10.3,1,0,0,0.0,0,0,0,0,0,0,0,0,0,0,0,48.0,48.0,7,0,0,11,20,313.2916666666667,51.0,42.0,83.0,58.66666666666666,4,"Residential (evening peak, weekend >= weekday)",4
TEST-04031,Kazanchis,2025-11-10 07:00:00,12.0,0.0,90.0,10.3,1,0,0,0.0,0,0,0,0,0,0,0,0,0,0,0,12.0,14.0,7,0,0,11,20,313.2916666666667,61.0,75.0,57.0,64.33333333333333,5,Business / office (weekday commute),0
TEST-02049,Kolfe,2025-11-10 07:00:00,12.0,0.0,90.0,10.3,1,0,0,0.0,0,0,0,0,0,0,0,0,0,0,0,48.0,48.0,7,0,0,11,20,313.2916666666667,80.0,61.0,72.0,71.0,6,"Residential (evening peak, weekend >= weekday)",4
TEST-03481,Lideta,2025-11-10 07:00:00,12.0,0.0,90.0,10.3,1,0,0,0.0,0,0,0,0,0,0,0,0,0,0,0,48.0,48.0,7,0,0,11,20,313.2916666666667,61.0,63.0,72.0,65.33333333333333,7,Mixed hub (commute + busy midday),3
TEST-02763,Megenagna,2025-11-10 07:00:00,12.0,0.0,90.0,10.3,1,0,0,0.0,0,1,0,0,0,0,0,1,0,0,0,48.0,48.0,7,0,0,11,20,313.2916666666667,90.0,104.0,81.0,91.66666666666669,8,Mixed hub (commute + busy midday),3
TEST-02960,Merkato,2025-11-10 07:00:00,12.0,0.0,90.0,10.3,1,0,0,0.0,0,0,0,0,0,0,0,0,0,0,0,48.0,48.0,7,0,0,11,20,313.2916666666667,103.0,90.0,85.0,92.66666666666669,9,Market (midday peak),2
TEST-03540,Piassa,2025-11-10 07:00:00,12.0,0.0,90.0,10.3,1,0,0,0.0,0,0,0,0,0,0,0,0,0,0,0,48.0,48.0,7,0,0,11,20,313.2916666666667,41.0,58.0,39.0,46.0,10,Business / office (weekday commute),0
TEST-01832,Sarbet,2025-11-10 07:00:00,12.0,0.0,90.0,10.3,1,0,0,0.0,0,0,0,0,0,0,0,0,0,0,0,48.0,48.0,7,0,0,11,20,313.2916666666667,78.0,46.0,61.0,61.66666666666666,11,"Residential (evening peak, weekend >= weekday)",4
TEST-00510,Arat Kilo,2025-11-10 08:00:00,11.9,0.0,84.0,6.6,1,0,0,0.0,0,0,0,0,0,0,0,0,0,0,0,48.0,48.0,8,0,0,11,20,313.3333333333333,68.0,49.0,66.0,61.0,0,Business / office (weekday commute),0
TEST-01059,Ayat,2025-11-10 08:00:00,11.9,0.0,84.0,6.6,1,0,0,0.0,0,0,0,0,0,0,0,0,0,0,0,48.0,48.0,8,0,0,11,20,313.3333333333333,51.0,29.0,,40.0,1,"Residential (evening peak, weekend >= weekday)",4
TEST-00106,Bole,2025-11-10 08:00:00,11.9,0.0,84.0,6.6,1,0,0,0.0,0,0,0,0,0,0,0,0,0,0,0,48.0,48.0,8,0,0,11,20,313.3333333333333,50.0,44.0,59.0,51.0,2,"Leisure / nightlife (late, weekend-heavy)",1
TEST-02337,CMC,2025-11-10 08:00:00,11.9,0.0,84.0,6.6,1,0,0,0.0,0,0,0,0,0,0,0,0,0,0,0,48.0,48.0,8,0,0,11,20,313.3333333333333,47.0,47.0,71.0,55.0,3,"Residential (evening peak, weekend >= weekday)",4
TEST-02285,Gerji,2025-11-10 08:00:00,11.9,0.0,84.0,6.6,1,0,0,0.0,0,0,0,0,0,0,0,0,0,0,0,48.0,48.0,8,0,0,11,20,313.3333333333333,51.0,57.0,41.0,49.66666666666666,4,"Residential (evening peak, weekend >= weekday)",4
TEST-02644,Kazanchis,2025-11-10 08:00:00,11.9,0.0,84.0,6.6,1,0,0,0.0,0,0,0,0,0,0,0,0,0,0,0,11.0,15.0,8,0,0,11,20,313.3333333333333,107.0,111.0,84.0,100.66666666666669,5,Business / office (weekday commute),0
TEST-02617,Kolfe,2025-11-10 08:00:00,11.9,0.0,84.0,6.6,1,0,0,0.0,0,0,0,0,0,0,0,0,0,0,0,48.0,48.0,8,0,0,11,20,313.3333333333333,41.0,55.0,47.0,47.66666666666666,6,"Residential (evening peak, weekend >= weekday)",4
TEST-02685,Lideta,2025-11-10 08:00:00,11.9,0.0,84.0,6.6,1,0,0,0.0,0,0,0,0,0,0,0,0,0,0,0,48.0,48.0,8,0,0,11,20,313.3333333333333,77.0,88.0,76.0,80.33333333333333,7,Mixed hub (commute + busy midday),3
TEST-03904,Megenagna,2025-11-10 08:00:00,11.9,0.0,84.0,6.6,1,0,0,0.0,0,1,0,0,0,0,0,1,0,0,0,48.0,48.0,8,0,0,11,20,313.3333333333333,72.0,81.0,95.0,82.66666666666667,8,Mixed hub (commute + busy midday),3
TEST-03225,Merkato,2025-11-10 08:00:00,11.9,0.0,84.0,6.6,1,0,0,0.0,0,0,0,0,0,0,0,0,0,0,0,48.0,48.0,8,0,0,11,20,313.3333333333333,99.0,94.0,65.0,86.0,9,Market (midday peak),2
TEST-03461,Piassa,2025-11-10 08:00:00,11.9,0.0,84.0,6.6,1,0,0,0.0,0,0,0,0,0,0,0,0,0,0,0,48.0,48.0,8,0,0,11,20,313.3333333333333,65.0,64.0,95.0,74.66666666666667,10,Business / office (weekday commute),0
TEST-03745,Sarbet,2025-11-10 08:00:00,11.9,0.0,84.0,6.6,1,0,0,0.0,0,0,0,0,0,0,0,0,0,0,0,48.0,48.0,8,0,0,11,20,313.3333333333333,45.0,49.0,47.0,47.0,11,"Residential (evening peak, weekend >= weekday)",4
TEST-02016,Arat Kilo,2025-11-10 09:00:00,15.4,0.0,80.0,14.4,1,0,0,0.0,0,0,0,0,0,0,0,0,0,0,0,48.0,48.0,9,0,0,11,20,313.375,31.0,36.0,29.0,32.0,0,Business / office (weekday commute),0
TEST-02151,Ayat,2025-11-10 09:00:00,15.4,0.0,80.0,14.4,1,0,0,0.0,0,0,0,0,0,0,0,0,0,0,0,48.0,48.0,9,0,0,11,20,313.375,17.0,28.0,20.0,21.666666666666668,1,"Residential (evening peak, weekend >= weekday)",4
TEST-03087,Bole,2025-11-10 09:00:00,15.4,0.0,80.0,14.4,1,0,0,0.0,0,0,0,0,0,0,0,0,0,0,0,48.0,48.0,9,0,0,11,20,313.375,30.0,40.0,61.0,43.66666666666666,2,"Leisure / nightlife (late, weekend-heavy)",1
TEST-03327,CMC,2025-11-10 09:00:00,15.4,0.0,80.0,14.4,1,0,0,0.0,0,0,0,0,0,0,0,0,0,0,0,48.0,48.0,9,0,0,11,20,313.375,38.0,34.0,24.0,32.0,3,"Residential (evening peak, weekend >= weekday)",4
TEST-00092,Gerji,2025-11-10 09:00:00,15.4,0.0,80.0,14.4,1,0,0,0.0,0,0,0,0,0,0,0,0,0,0,0,48.0,48.0,9,0,0,11,20,313.375,33.0,24.0,46.0,34.333333333333336,4,"Residential (evening peak, weekend >= weekday)",4
TEST-00161,Kazanchis,2025-11-10 09:00:00,15.4,0.0,80.0,14.4,1,0,0,0.0,0,0,0,0,0,0,0,0,0,0,0,10.0,16.0,9,0,0,11,20,313.375,42.0,45.0,73.0,53.333333333333336,5,Business / office (weekday commute),0
TEST-03045,Kolfe,2025-11-10 09:00:00,15.4,0.0,80.0,14.4,1,0,0,0.0,0,0,0,0,0,0,0,0,0,0,0,48.0,48.0,9,0,0,11,20,313.375,38.0,30.0,33.0,33.666666666666664,6,"Residential (evening peak, weekend >= weekday)",4
TEST-02744,Lideta,2025-11-10 09:00:00,15.4,0.0,80.0,14.4,1,0,0,0.0,0,0,0,0,0,0,0,0,0,0,0,48.0,48.0,9,0,0,11,20,313.375,43.0,60.0,35.0,46.0,7,Mixed hub (commute + busy midday),3
TEST-01833,Megenagna,2025-11-10 09:00:00,15.4,0.0,80.0,14.4,1,0,0,0.0,0,1,0,0,0,0,0,1,0,0,0,48.0,48.0,9,0,0,11,20,313.375,84.0,52.0,61.0,65.66666666666667,8,Mixed hub (commute + busy midday),3
TEST-01932,Merkato,2025-11-10 09:00:00,15.4,0.0,80.0,14.4,1,0,0,0.0,0,0,0,0,0,0,0,0,0,0,0,48.0,48.0,9,0,0,11,20,313.375,92.0,85.0,87.0,88.0,9,Market (midday peak),2
TEST-01757,Piassa,2025-11-10 09:00:00,15.4,0.0,80.0,14.4,1,0,0,0.0,0,0,0,0,0,0,0,0,0,0,0,48.0,48.0,9,0,0,11,20,313.375,49.0,78.0,54.0,60.333333333333336,10,Business / office (weekday commute),0
TEST-02446,Sarbet,2025-11-10 09:00:00,15.4,0.0,80.0,14.4,1,0,0,0.0,0,0,0,0,0,0,0,0,0,0,0,48.0,48.0,9,0,0,11,20,313.375,35.0,20.0,33.0,29.33333333333333,11,"Residential (evening peak, weekend >= weekday)",4
TEST-02383,Arat Kilo,2025-11-10 10:00:00,16.1,0.0,76.0,8.3,1,0,0,0.0,0,0,0,0,0,0,0,0,0,0,0,48.0,48.0,10,0,0,11,20,313.4166666666667,19.0,25.0,21.0,21.666666666666668,0,Business / office (weekday commute),0
TEST-00796,Ayat,2025-11-10 10:00:00,16.1,0.0,76.0,8.3,1,0,0,0.0,0,0,0,0,0,0,0,0,0,0,0,48.0,48.0,10,0,0,11,20,313.4166666666667,18.0,22.0,11.0,17.0,1,"Residential (evening peak, weekend >= weekday)",4
TEST-03701,Bole,2025-11-10 10:00:00,16.1,0.0,76.0,8.3,1,0,0,0.0,0,0,0,0,0,0,0,0,0,0,0,48.0,48.0,10,0,0,11,20,313.4166666666667,48.0,31.0,30.0,36.333333333333336,2,"Leisure / nightlife (late, weekend-heavy)",1
TEST-03760,CMC,2025-11-10 10:00:00,16.1,0.0,76.0,8.3,1,0,0,0.0,0,0,0,0,0,0,0,0,0,0,0,48.0,48.0,10,0,0,11,20,313.4166666666667,27.0,25.0,19.0,23.666666666666668,3,"Residential (evening peak, weekend >= weekday)",4
TEST-03173,Gerji,2025-11-10 10:00:00,16.1,0.0,76.0,8.3,1,0,0,0.0,0,0,0,0,0,0,0,0,0,0,0,48.0,48.0,10,0,0,11,20,313.4166666666667,27.0,13.0,24.0,21.33333333333333,4,"Residential (evening peak, weekend >= weekday)",4
TEST-02857,Kazanchis,2025-11-10 10:00:00,16.1,0.0,76.0,8.3,1,0,0,0.0,0,0,0,0,0,0,0,0,0,0,0,9.0,17.0,10,0,0,11,20,313.4166666666667,,31.0,31.0,31.0,5,Business / office (weekday commute),0
TEST-00548,Kolfe,2025-11-10 10:00:00,16.1,0.0,76.0,8.3,1,0,0,0.0,0,0,0,0,0,0,0,0,0,0,0,48.0,48.0,10,0,0,11,20,313.4166666666667,17.0,26.0,11.0,18.0,6,"Residential (evening peak, weekend >= weekday)",4
TEST-03655,Lideta,2025-11-10 10:00:00,16.1,0.0,76.0,8.3,1,0,0,0.0,0,0,0,0,0,0,0,0,0,0,0,48.0,48.0,10,0,0,11,20,313.4166666666667,46.0,44.0,32.0,40.66666666666666,7,Mixed hub (commute + busy midday),3
TEST-01081,Megenagna,2025-11-10 10:00:00,16.1,0.0,76.0,8.3,1,0,0,0.0,0,1,0,0,0,0,0,1,0,0,0,48.0,48.0,10,0,0,11,20,313.4166666666667,50.0,71.0,62.0,61.0,8,Mixed hub (commute + busy midday),3
TEST-02025,Merkato,2025-11-10 10:00:00,16.1,0.0,76.0,8.3,1,0,0,0.0,0,0,0,0,0,0,0,0,0,0,0,48.0,48.0,10,0,0,11,20,313.4166666666667,89.0,106.0,102.0,99.0,9,Market (midday peak),2
TEST-02415,Piassa,2025-11-10 10:00:00,16.1,0.0,76.0,8.3,1,0,0,0.0,0,0,0,0,0,0,0,0,0,0,0,48.0,48.0,10,0,0,11,20,313.4166666666667,31.0,35.0,18.0,28.0,10,Business / office (weekday commute),0
TEST-00961,Sarbet,2025-11-10 10:00:00,16.1,0.0,76.0,8.3,1,0,0,0.0,0,0,0,0,0,0,0,0,0,0,0,48.0,48.0,10,0,0,11,20,313.4166666666667,18.0,15.0,,16.5,11,"Residential (evening peak, weekend >= weekday)",4
TEST-03140,Arat Kilo,2025-11-10 11:00:00,17.9,0.0,73.0,9.3,1,0,0,0.0,0,0,0,0,0,0,0,0,0,0,0,48.0,48.0,11,0,0,11,20,313.4583333333333,22.0,14.0,12.0,16.0,0,Business / office (weekday commute),0
TEST-00639,Ayat,2025-11-10 11:00:00,17.9,0.0,73.0,9.3,1,0,0,0.0,0,0,0,0,0,0,0,0,0,0,0,48.0,48.0,11,0,0,11,20,313.4583333333333,17.0,13.0,25.0,18.33333333333333,1,"Residential (evening peak, weekend >= weekday)",4
TEST-02604,Bole,2025-11-10 11:00:00,17.9,0.0,73.0,9.3,1,0,0,0.0,0,0,0,0,0,0,0,0,0,0,0,48.0,48.0,11,0,0,11,20,313.4583333333333,39.0,35.0,44.0,39.333333333333336,2,"Leisure / nightlife (late, weekend-heavy)",1
TEST-02050,CMC,2025-11-10 11:00:00,17.9,0.0,73.0,9.3,1,0,0,0.0,0,0,0,0,0,0,0,0,0,0,0,48.0,48.0,11,0,0,11,20,313.4583333333333,25.0,26.0,15.0,22.0,3,"Residential (evening peak, weekend >= weekday)",4
TEST-00744,Gerji,2025-11-10 11:00:00,17.9,0.0,73.0,9.3,1,0,0,0.0,0,0,0,0,0,0,0,0,0,0,0,48.0,48.0,11,0,0,11,20,313.4583333333333,19.0,26.0,22.0,22.33333333333333,4,"Residential (evening peak, weekend >= weekday)",4
TEST-00247,Kazanchis,2025-11-10 11:00:00,17.9,0.0,73.0,9.3,1,0,0,0.0,0,0,0,0,0,0,0,0,0,0,0,8.0,18.0,11,0,0,11,20,313.4583333333333,40.0,26.0,20.0,28.666666666666668,5,Business / office (weekday commute),0
TEST-00411,Kolfe,2025-11-10 11:00:00,17.9,0.0,73.0,9.3,1,0,0,0.0,0,0,0,0,0,0,0,0,0,0,0,48.0,48.0,11,0,0,11,20,313.4583333333333,19.0,21.0,15.0,18.33333333333333,6,"Residential (evening peak, weekend >= weekday)",4
TEST-03050,Lideta,2025-11-10 11:00:00,17.9,0.0,73.0,9.3,1,0,0,0.0,0,0,0,0,0,0,0,0,0,0,0,48.0,48.0,11,0,0,11,20,313.4583333333333,50.0,44.0,46.0,46.66666666666666,7,Mixed hub (commute + busy midday),3
TEST-00191,Megenagna,2025-11-10 11:00:00,17.9,0.0,73.0,9.3,1,0,0,0.0,0,1,0,0,0,0,0,1,0,0,0,48.0,48.0,11,0,0,11,20,313.4583333333333,56.0,64.0,44.0,54.66666666666666,8,Mixed hub (commute + busy midday),3
TEST-01264,Merkato,2025-11-10 11:00:00,17.9,0.0,73.0,9.3,1,0,0,0.0,0,0,0,0,0,0,0,0,0,0,0,48.0,48.0,11,0,0,11,20,313.4583333333333,120.0,95.0,81.0,98.66666666666669,9,Market (midday peak),2
TEST-02986,Piassa,2025-11-10 11:00:00,17.9,0.0,73.0,9.3,1,0,0,0.0,0,0,0,0,0,0,0,0,0,0,0,48.0,48.0,11,0,0,11,20,313.4583333333333,18.0,20.0,25.0,21.0,10,Business / office (weekday commute),0
TEST-02714,Sarbet,2025-11-10 11:00:00,17.9,0.0,73.0,9.3,1,0,0,0.0,0,0,0,0,0,0,0,0,0,0,0,48.0,48.0,11,0,0,11,20,313.4583333333333,17.0,21.0,11.0,16.333333333333332,11,"Residential (evening peak, weekend >= weekday)",4
TEST-02673,Arat Kilo,2025-11-10 12:00:00,20.8,0.0,61.0,14.6,1,0,0,0.0,0,0,0,0,0,0,0,0,0,0,0,48.0,48.0,12,0,0,11,20,313.5,27.0,25.0,23.0,25.0,0,Business / office (weekday commute),0
TEST-03562,Ayat,2025-11-10 12:00:00,20.8,0.0,61.0,14.6,1,0,0,0.0,0,0,0,0,0,0,0,0,0,0,0,48.0,48.0,12,0,0,11,20,313.5,17.0,11.0,19.0,15.666666666666666,1,"Residential (evening peak, weekend >= weekday)",4
TEST-03590,Bole,2025-11-10 12:00:00,20.8,0.0,61.0,14.6,1,0,0,0.0,0,0,0,0,0,0,0,0,0,0,0,48.0,48.0,12,0,0,11,20,313.5,46.0,47.0,,46.5,2,"Leisure / nightlife (late, weekend-heavy)",1
TEST-01318,CMC,2025-11-10 12:00:00,20.8,0.0,61.0,14.6,1,0,0,0.0,0,0,0,0,0,0,0,0,0,0,0,48.0,48.0,12,0,0,11,20,313.5,31.0,26.0,29.0,28.666666666666668,3,"Residential (evening peak, weekend >= weekday)",4
TEST-00533,Gerji,2025-11-10 12:00:00,20.8,0.0,61.0,14.6,1,0,0,0.0,0,0,0,0,0,0,0,0,0,0,0,48.0,48.0,12,0,0,11,20,313.5,27.0,19.0,23.0,23.0,4,"Residential (evening peak, weekend >= weekday)",4
TEST-02713,Kazanchis,2025-11-10 12:00:00,20.8,0.0,61.0,14.6,1,0,0,0.0,0,0,0,0,0,0,0,0,0,0,0,7.0,19.0,12,0,0,11,20,313.5,41.0,40.0,44.0,41.66666666666666,5,Business / office (weekday commute),0
TEST-04007,Kolfe,2025-11-10 12:00:00,20.8,0.0,61.0,14.6,1,0,0,0.0,0,0,0,0,0,0,0,0,0,0,0,48.0,48.0,12,0,0,11,20,313.5,22.0,16.0,32.0,23.33333333333333,6,"Residential (evening peak, weekend >= weekday)",4
TEST-00366,Lideta,2025-11-10 12:00:00,20.8,0.0,61.0,14.6,1,0,0,0.0,0,0,0,0,0,0,0,0,0,0,0,48.0,48.0,12,0,0,11,20,313.5,43.0,27.0,34.0,34.666666666666664,7,Mixed hub (commute + busy midday),3
TEST-03556,Megenagna,2025-11-10 12:00:00,20.8,0.0,61.0,14.6,1,0,0,0.0,0,1,0,0,0,0,0,1,0,0,0,48.0,48.0,12,0,0,11,20,313.5,,52.0,65.0,58.5,8,Mixed hub (commute + busy midday),3
TEST-02515,Merkato,2025-11-10 12:00:00,20.8,0.0,61.0,14.6,1,0,0,0.0,0,0,0,0,0,0,0,0,0,0,0,48.0,48.0,12,0,0,11,20,313.5,132.0,126.0,99.0,119.0,9,Market (midday peak),2
TEST-00110,Piassa,2025-11-10 12:00:00,20.8,0.0,61.0,14.6,1,0,0,0.0,0,0,0,0,0,0,0,0,0,0,0,48.0,48.0,12,0,0,11,20,313.5,47.0,35.0,34.0,38.66666666666666,10,Business / office (weekday commute),0
TEST-00005,Sarbet,2025-11-10 12:00:00,20.8,0.0,61.0,14.6,1,0,0,0.0,0,0,0,0,0,0,0,0,0,0,0,48.0,48.0,12,0,0,11,20,313.5,24.0,23.0,28.0,25.0,11,"Residential (evening peak, weekend >= weekday)",4
TEST-00611,Arat Kilo,2025-11-10 13:00:00,21.0,0.0,58.0,5.7,1,0,0,0.0,0,0,0,0,0,0,0,0,0,0,0,48.0,48.0,13,0,0,11,20,313.5416666666667,32.0,47.0,45.0,41.333333333333336,0,Business / office (weekday commute),0
TEST-01080,Ayat,2025-11-10 13:00:00,21.0,0.0,58.0,5.7,1,0,0,0.0,0,0,0,0,0,0,0,0,0,0,0,48.0,48.0,13,0,0,11,20,313.5416666666667,,20.0,,20.0,1,"Residential (evening peak, weekend >= weekday)",4
TEST-02084,Bole,2025-11-10 13:00:00,21.0,0.0,58.0,5.7,1,0,0,0.0,0,0,0,0,0,0,0,0,0,0,0,48.0,48.0,13,0,0,11,20,313.5416666666667,54.0,53.0,43.0,50.0,2,"Leisure / nightlife (late, weekend-heavy)",1
TEST-01364,CMC,2025-11-10 13:00:00,21.0,0.0,58.0,5.7,1,0,0,0.0,0,0,0,0,0,0,0,0,0,0,0,48.0,48.0,13,0,0,11,20,313.5416666666667,20.0,19.0,24.0,21.0,3,"Residential (evening peak, weekend >= weekday)",4
TEST-01763,Gerji,2025-11-10 13:00:00,21.0,0.0,58.0,5.7,1,0,0,0.0,0,0,0,0,0,0,0,0,0,0,0,48.0,48.0,13,0,0,11,20,313.5416666666667,,22.0,25.0,23.5,4,"Residential (evening peak, weekend >= weekday)",4
TEST-01576,Kazanchis,2025-11-10 13:00:00,21.0,0.0,58.0,5.7,1,0,0,0.0,0,0,0,0,0,0,0,0,0,0,0,6.0,20.0,13,0,0,11,20,313.5416666666667,73.0,44.0,66.0,61.0,5,Business / office (weekday commute),0
TEST-00155,Kolfe,2025-11-10 13:00:00,21.0,0.0,58.0,5.7,1,0,0,0.0,0,0,0,0,0,0,0,0,0,0,0,48.0,48.0,13,0,0,11,20,313.5416666666667,37.0,,32.0,34.5,6,"Residential (evening peak, weekend >= weekday)",4
TEST-01127,Lideta,2025-11-10 13:00:00,21.0,0.0,58.0,5.7,1,0,0,0.0,0,0,0,0,0,0,0,0,0,0,0,48.0,48.0,13,0,0,11,20,313.5416666666667,56.0,31.0,43.0,43.333333333333336,7,Mixed hub (commute + busy midday),3
TEST-02912,Megenagna,2025-11-10 13:00:00,21.0,0.0,58.0,5.7,1,0,0,0.0,0,1,0,0,0,0,0,1,0,0,0,48.0,48.0,13,0,0,11,20,313.5416666666667,45.0,45.0,78.0,56.0,8,Mixed hub (commute + busy midday),3
TEST-00973,Merkato,2025-11-10 13:00:00,21.0,0.0,58.0,5.7,1,0,0,0.0,0,0,0,0,0,0,0,0,0,0,0,48.0,48.0,13,0,0,11,20,313.5416666666667,98.0,96.0,97.0,97.0,9,Market (midday peak),2
TEST-01968,Piassa,2025-11-10 13:00:00,21.0,0.0,58.0,5.7,1,0,0,0.0,0,0,0,0,0,0,0,0,0,0,0,48.0,48.0,13,0,0,11,20,313.5416666666667,47.0,52.0,53.0,50.66666666666666,10,Business / office (weekday commute),0
TEST-02570,Sarbet,2025-11-10 13:00:00,21.0,0.0,58.0,5.7,1,0,0,0.0,0,0,0,0,0,0,0,0,0,0,0,48.0,48.0,13,0,0,11,20,313.5416666666667,22.0,22.0,14.0,19.33333333333333,11,"Residential (evening peak, weekend >= weekday)",4
TEST-01688,Arat Kilo,2025-11-10 14:00:00,19.7,0.0,65.0,12.9,1,0,0,0.0,0,0,0,0,0,0,0,0,0,0,0,48.0,48.0,14,0,0,11,20,313.5833333333333,35.0,30.0,36.0,33.666666666666664,0,Business / office (weekday commute),0
TEST-03012,Ayat,2025-11-10 14:00:00,19.7,0.0,65.0,12.9,1,0,0,0.0,0,0,0,0,0,0,0,0,0,0,0,48.0,48.0,14,0,0,11,20,313.5833333333333,12.0,16.0,16.0,14.666666666666666,1,"Residential (evening peak, weekend >= weekday)",4
TEST-02491,Bole,2025-11-10 14:00:00,19.7,0.0,65.0,12.9,1,0,0,0.0,0,0,0,0,0,0,0,0,0,0,0,48.0,48.0,14,0,0,11,20,313.5833333333333,46.0,44.0,44.0,44.66666666666666,2,"Leisure / nightlife (late, weekend-heavy)",1
TEST-01354,CMC,2025-11-10 14:00:00,19.7,0.0,65.0,12.9,1,0,0,0.0,0,0,0,0,0,0,0,0,0,0,0,48.0,48.0,14,0,0,11,20,313.5833333333333,,23.0,13.0,18.0,3,"Residential (evening peak, weekend >= weekday)",4
TEST-02767,Gerji,2025-11-10 14:00:00,19.7,0.0,65.0,12.9,1,0,0,0.0,0,0,0,0,0,0,0,0,0,0,0,48.0,48.0,14,0,0,11,20,313.5833333333333,17.0,24.0,18.0,19.666666666666668,4,"Residential (evening peak, weekend >= weekday)",4
TEST-02749,Kazanchis,2025-11-10 14:00:00,19.7,0.0,65.0,12.9,1,0,0,0.0,0,0,0,0,0,0,0,0,0,0,0,5.0,21.0,14,0,0,11,20,313.5833333333333,45.0,49.0,,47.0,5,Business / office (weekday commute),0
TEST-01753,Kolfe,2025-11-10 14:00:00,19.7,0.0,65.0,12.9,1,0,0,0.0,0,0,0,0,0,0,0,0,0,0,0,48.0,48.0,14,0,0,11,20,313.5833333333333,23.0,23.0,17.0,21.0,6,"Residential (evening peak, weekend >= weekday)",4
TEST-01433,Lideta,2025-11-10 14:00:00,19.7,0.0,65.0,12.9,1,0,0,0.0,0,0,0,0,0,0,0,0,0,0,0,48.0,48.0,14,0,0,11,20,313.5833333333333,42.0,24.0,33.0,33.0,7,Mixed hub (commute + busy midday),3
TEST-00537,Megenagna,2025-11-10 14:00:00,19.7,0.0,65.0,12.9,1,0,0,0.0,0,1,0,0,0,0,0,1,0,0,0,48.0,48.0,14,0,0,11,20,313.5833333333333,54.0,62.0,52.0,56.0,8,Mixed hub (commute + busy midday),3
TEST-03016,Merkato,2025-11-10 14:00:00,19.7,0.0,65.0,12.9,1,0,0,0.0,0,0,0,0,0,0,0,0,0,0,0,48.0,48.0,14,0,0,11,20,313.5833333333333,116.0,115.0,98.0,109.66666666666669,9,Market (midday peak),2
TEST-01072,Piassa,2025-11-10 14:00:00,19.7,0.0,65.0,12.9,1,0,0,0.0,0,0,0,0,0,0,0,0,0,0,0,48.0,48.0,14,0,0,11,20,313.5833333333333,51.0,,45.0,48.0,10,Business / office (weekday commute),0
TEST-02486,Sarbet,2025-11-10 14:00:00,19.7,0.0,65.0,12.9,1,0,0,0.0,0,0,0,0,0,0,0,0,0,0,0,48.0,48.0,14,0,0,11,20,313.5833333333333,23.0,20.0,17.0,20.0,11,"Residential (evening peak, weekend >= weekday)",4
TEST-01720,Arat Kilo,2025-11-10 15:00:00,21.9,0.0,63.0,17.5,1,0,0,0.0,0,0,0,0,0,0,0,0,0,0,0,48.0,48.0,15,0,0,11,20,313.625,39.0,27.0,27.0,31.0,0,Business / office (weekday commute),0
TEST-03754,Ayat,2025-11-10 15:00:00,21.9,0.0,63.0,17.5,1,0,0,0.0,0,0,0,0,0,0,0,0,0,0,0,48.0,48.0,15,0,0,11,20,313.625,18.0,17.0,43.0,26.0,1,"Residential (evening peak, weekend >= weekday)",4
TEST-02556,Bole,2025-11-10 15:00:00,21.9,0.0,63.0,17.5,1,0,0,0.0,0,0,0,0,0,0,0,0,0,0,0,48.0,48.0,15,0,0,11,20,313.625,38.0,38.0,53.0,43.0,2,"Leisure / nightlife (late, weekend-heavy)",1
TEST-01251,CMC,2025-11-10 15:00:00,21.9,0.0,63.0,17.5,1,0,0,0.0,0,0,0,0,0,0,0,0,0,0,0,48.0,48.0,15,0,0,11,20,313.625,22.0,19.0,25.0,22.0,3,"Residential (evening peak, weekend >= weekday)",4
TEST-01019,Gerji,2025-11-10 15:00:00,21.9,0.0,63.0,17.5,1,0,0,0.0,0,0,0,0,0,0,0,0,0,0,0,48.0,48.0,15,0,0,11,20,313.625,31.0,15.0,35.0,27.0,4,"Residential (evening peak, weekend >= weekday)",4
TEST-02461,Kazanchis,2025-11-10 15:00:00,21.9,0.0,63.0,17.5,1,0,0,0.0,0,0,0,0,0,0,0,0,0,0,0,4.0,22.0,15,0,0,11,20,313.625,51.0,63.0,53.0,55.66666666666666,5,Business / office (weekday commute),0
TEST-01585,Kolfe,2025-11-10 15:00:00,21.9,0.0,63.0,17.5,1,0,0,0.0,0,0,0,0,0,0,0,0,0,0,0,48.0,48.0,15,0,0,11,20,313.625,33.0,14.0,13.0,20.0,6,"Residential (evening peak, weekend >= weekday)",4
TEST-00854,Lideta,2025-11-10 15:00:00,21.9,0.0,63.0,17.5,1,0,0,0.0,0,0,0,0,0,0,0,0,0,0,0,48.0,48.0,15,0,0,11,20,313.625,36.0,25.0,53.0,38.0,7,Mixed hub (commute + busy midday),3
TEST-03267,Megenagna,2025-11-10 15:00:00,21.9,0.0,63.0,17.5,1,0,0,0.0,0,1,0,0,0,0,0,1,0,0,0,48.0,48.0,15,0,0,11,20,313.625,39.0,55.0,66.0,53.333333333333336,8,Mixed hub (commute + busy midday),3
TEST-03052,Merkato,2025-11-10 15:00:00,21.9,0.0,63.0,17.5,1,0,0,0.0,0,0,0,0,0,0,0,0,0,0,0,48.0,48.0,15,0,0,11,20,313.625,99.0,112.0,74.0,95.0,9,Market (midday peak),2
TEST-02387,Piassa,2025-11-10 15:00:00,21.9,0.0,63.0,17.5,1,0,0,0.0,0,0,0,0,0,0,0,0,0,0,0,48.0,48.0,15,0,0,11,20,313.625,,54.0,50.0,52.0,10,Business / office (weekday commute),0
TEST-01098,Sarbet,2025-11-10 15:00:00,21.9,0.0,63.0,17.5,1,0,0,0.0,0,0,0,0,0,0,0,0,0,0,0,48.0,48.0,15,0,0,11,20,313.625,18.0,16.0,15.0,16.333333333333332,11,"Residential (evening peak, weekend >= weekday)",4
TEST-03863,Arat Kilo,2025-11-10 16:00:00,21.4,0.0,57.0,11.8,1,0,0,0.0,0,0,0,0,0,0,0,0,0,0,0,48.0,48.0,16,0,0,11,20,313.6666666666667,33.0,50.0,58.0,47.0,0,Business / office (weekday commute),0
TEST-00916,Ayat,2025-11-10 16:00:00,21.4,0.0,57.0,11.8,1,0,0,0.0,0,0,0,0,0,0,0,0,0,0,0,48.0,48.0,16,0,0,11,20,313.6666666666667,18.0,14.0,30.0,20.666666666666668,1,"Residential (evening peak, weekend >= weekday)",4
TEST-00567,Bole,2025-11-10 16:00:00,21.4,0.0,57.0,11.8,1,0,0,0.0,0,0,0,0,0,0,0,0,0,0,0,48.0,48.0,16,0,0,11,20,313.6666666666667,37.0,48.0,48.0,44.333333333333336,2,"Leisure / nightlife (late, weekend-heavy)",1
TEST-00933,CMC,2025-11-10 16:00:00,21.4,0.0,57.0,11.8,1,0,0,0.0,0,0,0,0,0,0,0,0,0,0,0,48.0,48.0,16,0,0,11,20,313.6666666666667,27.0,21.0,29.0,25.666666666666668,3,"Residential (evening peak, weekend >= weekday)",4
TEST-00682,Gerji,2025-11-10 16:00:00,21.4,0.0,57.0,11.8,1,0,0,0.0,0,0,0,0,0,0,0,0,0,0,0,48.0,48.0,16,0,0,11,20,313.6666666666667,21.0,35.0,28.0,28.0,4,"Residential (evening peak, weekend >= weekday)",4
TEST-00180,Kazanchis,2025-11-10 16:00:00,21.4,0.0,57.0,11.8,1,0,0,0.0,0,0,0,0,0,0,0,0,0,0,0,3.0,23.0,16,0,0,11,20,313.6666666666667,77.0,111.0,87.0,91.66666666666669,5,Business / office (weekday commute),0
TEST-00662,Kolfe,2025-11-10 16:00:00,21.4,0.0,57.0,11.8,1,0,0,0.0,0,0,0,0,0,0,0,0,0,0,0,48.0,48.0,16,0,0,11,20,313.6666666666667,23.0,23.0,32.0,26.0,6,"Residential (evening peak, weekend >= weekday)",4
TEST-01958,Lideta,2025-11-10 16:00:00,21.4,0.0,57.0,11.8,1,0,0,0.0,0,0,0,0,0,0,0,0,0,0,0,48.0,48.0,16,0,0,11,20,313.6666666666667,59.0,53.0,65.0,59.0,7,Mixed hub (commute + busy midday),3
TEST-03316,Megenagna,2025-11-10 16:00:00,21.4,0.0,57.0,11.8,1,0,0,0.0,0,1,0,0,0,0,0,1,0,0,0,48.0,48.0,16,0,0,11,20,313.6666666666667,71.0,49.0,77.0,65.66666666666667,8,Mixed hub (commute + busy midday),3
TEST-00222,Merkato,2025-11-10 16:00:00,21.4,0.0,57.0,11.8,1,0,0,0.0,0,0,0,0,0,0,0,0,0,0,0,48.0,48.0,16,0,0,11,20,313.6666666666667,,90.0,54.0,72.0,9,Market (midday peak),2
TEST-00198,Piassa,2025-11-10 16:00:00,21.4,0.0,57.0,11.8,1,0,0,0.0,0,0,0,0,0,0,0,0,0,0,0,48.0,48.0,16,0,0,11,20,313.6666666666667,80.0,46.0,57.0,61.0,10,Business / office (weekday commute),0
TEST-00491,Sarbet,2025-11-10 16:00:00,21.4,0.0,57.0,11.8,1,0,0,0.0,0,0,0,0,0,0,0,0,0,0,0,48.0,48.0,16,0,0,11,20,313.6666666666667,25.0,17.0,25.0,22.33333333333333,11,"Residential (evening peak, weekend >= weekday)",4
TEST-02401,Arat Kilo,2025-11-10 17:00:00,20.3,0.0,60.0,6.1,1,0,0,0.0,0,0,0,0,0,0,0,0,0,0,0,48.0,48.0,17,0,0,11,20,313.7083333333333,52.0,72.0,57.0,60.333333333333336,0,Business / office (weekday commute),0
TEST-03120,Ayat,2025-11-10 17:00:00,20.3,0.0,60.0,6.1,1,0,0,0.0,0,0,0,0,0,0,0,0,0,0,0,48.0,48.0,17,0,0,11,20,313.7083333333333,,29.0,28.0,28.5,1,"Residential (evening peak, weekend >= weekday)",4
TEST-04013,Bole,2025-11-10 17:00:00,20.3,0.0,60.0,6.1,1,0,0,0.0,0,0,0,0,0,0,0,0,0,0,0,48.0,48.0,17,0,0,11,20,313.7083333333333,38.0,37.0,34.0,36.333333333333336,2,"Leisure / nightlife (late, weekend-heavy)",1
TEST-03614,CMC,2025-11-10 17:00:00,20.3,0.0,60.0,6.1,1,0,0,0.0,0,0,0,0,0,0,0,0,0,0,0,48.0,48.0,17,0,0,11,20,313.7083333333333,40.0,35.0,51.0,42.0,3,"Residential (evening peak, weekend >= weekday)",4
TEST-01703,Gerji,2025-11-10 17:00:00,20.3,0.0,60.0,6.1,1,0,0,0.0,0,0,0,0,0,0,0,0,0,0,0,48.0,48.0,17,0,0,11,20,313.7083333333333,54.0,30.0,,42.0,4,"Residential (evening peak, weekend >= weekday)",4
TEST-01676,Kazanchis,2025-11-10 17:00:00,20.3,0.0,60.0,6.1,1,0,0,0.0,0,1,23019,0,0,0,1,0,0,0,0,2.0,24.0,17,0,0,11,20,313.7083333333333,97.0,134.0,108.0,113.0,5,Business / office (weekday commute),0
TEST-01641,Kolfe,2025-11-10 17:00:00,20.3,0.0,60.0,6.1,1,0,0,0.0,0,0,0,0,0,0,0,0,0,0,0,48.0,48.0,17,0,0,11,20,313.7083333333333,34.0,33.0,46.0,37.66666666666666,6,"Residential (evening peak, weekend >= weekday)",4
TEST-00826,Lideta,2025-11-10 17:00:00,20.3,0.0,60.0,6.1,1,0,0,0.0,0,0,0,0,0,0,0,0,0,0,0,48.0,48.0,17,0,0,11,20,313.7083333333333,67.0,51.0,60.0,59.333333333333336,7,Mixed hub (commute + busy midday),3
TEST-00805,Megenagna,2025-11-10 17:00:00,20.3,0.0,60.0,6.1,1,0,0,0.0,0,1,0,0,0,0,0,1,0,0,0,48.0,48.0,17,0,0,11,20,313.7083333333333,67.0,62.0,88.0,72.33333333333333,8,Mixed hub (commute + busy midday),3
TEST-03389,Merkato,2025-11-10 17:00:00,20.3,0.0,60.0,6.1,1,0,0,0.0,0,0,0,0,0,0,0,0,0,0,0,48.0,48.0,17,0,0,11,20,313.7083333333333,70.0,59.0,61.0,63.333333333333336,9,Market (midday peak),2
TEST-02758,Piassa,2025-11-10 17:00:00,20.3,0.0,60.0,6.1,1,0,0,0.0,0,0,0,0,0,0,0,0,0,0,0,48.0,48.0,17,0,0,11,20,313.7083333333333,84.0,88.0,73.0,81.66666666666667,10,Business / office (weekday commute),0
TEST-00557,Sarbet,2025-11-10 17:00:00,20.3,0.0,60.0,6.1,1,0,0,0.0,0,0,0,0,0,0,0,0,0,0,0,48.0,48.0,17,0,0,11,20,313.7083333333333,23.0,27.0,38.0,29.33333333333333,11,"Residential (evening peak, weekend >= weekday)",4
TEST-00917,Arat Kilo,2025-11-10 18:00:00,19.6,0.0,60.0,7.3,1,0,0,0.0,0,0,0,0,0,0,0,0,0,0,0,48.0,48.0,18,0,0,11,20,313.75,59.0,74.0,85.0,72.66666666666667,0,Business / office (weekday commute),0
TEST-00305,Ayat,2025-11-10 18:00:00,19.6,0.0,60.0,7.3,1,0,0,0.0,0,0,0,0,0,0,0,0,0,0,0,48.0,48.0,18,0,0,11,20,313.75,40.0,36.0,49.0,41.66666666666666,1,"Residential (evening peak, weekend >= weekday)",4
TEST-02135,Bole,2025-11-10 18:00:00,19.6,0.0,60.0,7.3,1,0,0,0.0,0,0,0,0,0,0,0,0,0,0,0,48.0,48.0,18,0,0,11,20,313.75,60.0,45.0,60.0,55.0,2,"Leisure / nightlife (late, weekend-heavy)",1
TEST-03521,CMC,2025-11-10 18:00:00,19.6,0.0,60.0,7.3,1,0,0,0.0,0,0,0,0,0,0,0,0,0,0,0,48.0,48.0,18,0,0,11,20,313.75,54.0,51.0,61.0,55.333333333333336,3,"Residential (evening peak, weekend >= weekday)",4
TEST-03195,Gerji,2025-11-10 18:00:00,19.6,0.0,60.0,7.3,1,0,0,0.0,0,0,0,0,0,0,0,0,0,0,0,48.0,48.0,18,0,0,11,20,313.75,42.0,35.0,85.0,54.0,4,"Residential (evening peak, weekend >= weekday)",4
TEST-00943,Kazanchis,2025-11-10 18:00:00,19.6,0.0,60.0,7.3,1,0,0,0.0,0,1,23019,0,0,0,1,0,0,0,0,1.0,25.0,18,0,0,11,20,313.75,106.0,85.0,129.0,106.66666666666669,5,Business / office (weekday commute),0
TEST-00705,Kolfe,2025-11-10 18:00:00,19.6,0.0,60.0,7.3,1,0,0,0.0,0,0,0,0,0,0,0,0,0,0,0,48.0,48.0,18,0,0,11,20,313.75,35.0,38.0,51.0,41.333333333333336,6,"Residential (evening peak, weekend >= weekday)",4
TEST-03551,Lideta,2025-11-10 18:00:00,19.6,0.0,60.0,7.3,1,0,0,0.0,0,0,0,0,0,0,0,0,0,0,0,48.0,48.0,18,0,0,11,20,313.75,81.0,69.0,91.0,80.33333333333333,7,Mixed hub (commute + busy midday),3
TEST-02676,Megenagna,2025-11-10 18:00:00,19.6,0.0,60.0,7.3,1,0,0,0.0,0,1,0,0,0,0,0,1,0,0,0,48.0,48.0,18,0,0,11,20,313.75,126.0,131.0,,128.5,8,Mixed hub (commute + busy midday),3
TEST-02268,Merkato,2025-11-10 18:00:00,19.6,0.0,60.0,7.3,1,0,0,0.0,0,0,0,0,0,0,0,0,0,0,0,48.0,48.0,18,0,0,11,20,313.75,46.0,37.0,41.0,41.333333333333336,9,Market (midday peak),2
TEST-01953,Piassa,2025-11-10 18:00:00,19.6,0.0,60.0,7.3,1,0,0,0.0,0,0,0,0,0,0,0,0,0,0,0,48.0,48.0,18,0,0,11,20,313.75,86.0,93.0,123.0,100.66666666666669,10,Business / office (weekday commute),0
TEST-02500,Sarbet,2025-11-10 18:00:00,19.6,0.0,60.0,7.3,1,0,0,0.0,0,0,0,0,0,0,0,0,0,0,0,48.0,48.0,18,0,0,11,20,313.75,45.0,34.0,41.0,40.0,11,"Residential (evening peak, weekend >= weekday)",4
TEST-03499,Arat Kilo,2025-11-10 19:00:00,17.2,0.0,71.0,26.7,1,0,0,0.0,0,0,0,0,0,0,0,0,0,0,0,48.0,48.0,19,0,0,11,20,313.7916666666667,,56.0,67.0,61.5,0,Business / office (weekday commute),0
TEST-01371,Ayat,2025-11-10 19:00:00,17.2,0.0,71.0,26.7,1,0,0,0.0,0,0,0,0,0,0,0,0,0,0,0,48.0,48.0,19,0,0,11,20,313.7916666666667,37.0,35.0,46.0,39.333333333333336,1,"Residential (evening peak, weekend >= weekday)",4
TEST-03966,Bole,2025-11-10 19:00:00,17.2,0.0,71.0,26.7,1,0,0,0.0,0,0,0,0,0,0,0,0,0,0,0,48.0,48.0,19,0,0,11,20,313.7916666666667,70.0,44.0,54.0,56.0,2,"Leisure / nightlife (late, weekend-heavy)",1
TEST-03756,CMC,2025-11-10 19:00:00,17.2,0.0,71.0,26.7,1,0,0,0.0,0,0,0,0,0,0,0,0,0,0,0,48.0,48.0,19,0,0,11,20,313.7916666666667,49.0,49.0,56.0,51.333333333333336,3,"Residential (evening peak, weekend >= weekday)",4
TEST-01401,Gerji,2025-11-10 19:00:00,17.2,0.0,71.0,26.7,1,0,0,0.0,0,0,0,0,0,0,0,0,0,0,0,48.0,48.0,19,0,0,11,20,313.7916666666667,42.0,36.0,,39.0,4,"Residential (evening peak, weekend >= weekday)",4
TEST-03075,Kazanchis,2025-11-10 19:00:00,17.2,0.0,71.0,26.7,1,0,0,0.0,0,1,23019,0,0,0,1,0,0,0,0,0.0,26.0,19,0,0,11,20,313.7916666666667,101.0,77.0,73.0,83.66666666666667,5,Business / office (weekday commute),0
TEST-00897,Kolfe,2025-11-10 19:00:00,17.2,0.0,71.0,26.7,1,0,0,0.0,0,0,0,0,0,0,0,0,0,0,0,48.0,48.0,19,0,0,11,20,313.7916666666667,48.0,48.0,44.0,46.66666666666666,6,"Residential (evening peak, weekend >= weekday)",4
TEST-02490,Lideta,2025-11-10 19:00:00,17.2,0.0,71.0,26.7,1,0,0,0.0,0,0,0,0,0,0,0,0,0,0,0,48.0,48.0,19,0,0,11,20,313.7916666666667,58.0,67.0,54.0,59.66666666666666,7,Mixed hub (commute + busy midday),3
TEST-03293,Megenagna,2025-11-10 19:00:00,17.2,0.0,71.0,26.7,1,0,0,0.0,0,1,0,0,0,0,0,1,0,0,0,48.0,48.0,19,0,0,11,20,313.7916666666667,72.0,75.0,105.0,84.0,8,Mixed hub (commute + busy midday),3
TEST-03789,Merkato,2025-11-10 19:00:00,17.2,0.0,71.0,26.7,1,0,0,0.0,0,0,0,0,0,0,0,0,0,0,0,48.0,48.0,19,0,0,11,20,313.7916666666667,34.0,22.0,27.0,27.666666666666668,9,Market (midday peak),2
TEST-00456,Piassa,2025-11-10 19:00:00,17.2,0.0,71.0,26.7,1,0,0,0.0,0,0,0,0,0,0,0,0,0,0,0,48.0,48.0,19,0,0,11,20,313.7916666666667,68.0,77.0,79.0,74.66666666666667,10,Business / office (weekday commute),0
TEST-02258,Sarbet,2025-11-10 19:00:00,17.2,0.0,71.0,26.7,1,0,0,0.0,0,0,0,0,0,0,0,0,0,0,0,48.0,48.0,19,0,0,11,20,313.7916666666667,58.0,32.0,32.0,40.66666666666666,11,"Residential (evening peak, weekend >= weekday)",4
TEST-00056,Arat Kilo,2025-11-10 20:00:00,17.9,0.0,73.0,13.0,1,0,0,0.0,0,0,0,0,0,0,0,0,0,0,0,48.0,48.0,20,0,0,11,20,313.8333333333333,32.0,38.0,56.0,42.0,0,Business / office (weekday commute),0
TEST-03425,Ayat,2025-11-10 20:00:00,17.9,0.0,73.0,13.0,1,0,0,0.0,0,0,0,0,0,0,0,0,0,0,0,48.0,48.0,20,0,0,11,20,313.8333333333333,36.0,33.0,44.0,37.66666666666666,1,"Residential (evening peak, weekend >= weekday)",4
TEST-03648,Bole,2025-11-10 20:00:00,17.9,0.0,73.0,13.0,1,0,0,0.0,0,0,0,0,0,0,0,0,0,0,0,48.0,48.0,20,0,0,11,20,313.8333333333333,40.0,63.0,72.0,58.333333333333336,2,"Leisure / nightlife (late, weekend-heavy)",1
TEST-01890,CMC,2025-11-10 20:00:00,17.9,0.0,73.0,13.0,1,0,0,0.0,0,0,0,0,0,0,0,0,0,0,0,48.0,48.0,20,0,0,11,20,313.8333333333333,46.0,37.0,53.0,45.333333333333336,3,"Residential (evening peak, weekend >= weekday)",4
TEST-03559,Gerji,2025-11-10 20:00:00,17.9,0.0,73.0,13.0,1,0,0,0.0,0,0,0,0,0,0,0,0,0,0,0,48.0,48.0,20,0,0,11,20,313.8333333333333,48.0,41.0,53.0,47.333333333333336,4,"Residential (evening peak, weekend >= weekday)",4
TEST-03929,Kazanchis,2025-11-10 20:00:00,17.9,0.0,73.0,13.0,1,0,0,0.0,0,1,23019,0,0,0,1,0,0,0,0,48.0,27.0,20,0,0,11,20,313.8333333333333,73.0,70.0,85.0,76.0,5,Business / office (weekday commute),0
TEST-03348,Kolfe,2025-11-10 20:00:00,17.9,0.0,73.0,13.0,1,0,0,0.0,0,0,0,0,0,0,0,0,0,0,0,48.0,48.0,20,0,0,11,20,313.8333333333333,49.0,30.0,,39.5,6,"Residential (evening peak, weekend >= weekday)",4
TEST-02395,Lideta,2025-11-10 20:00:00,17.9,0.0,73.0,13.0,1,0,0,0.0,0,0,0,0,0,0,0,0,0,0,0,48.0,48.0,20,0,0,11,20,313.8333333333333,30.0,29.0,38.0,32.333333333333336,7,Mixed hub (commute + busy midday),3
TEST-03520,Megenagna,2025-11-10 20:00:00,17.9,0.0,73.0,13.0,1,0,0,0.0,0,1,0,0,0,0,0,1,0,0,0,48.0,48.0,20,0,0,11,20,313.8333333333333,56.0,43.0,53.0,50.66666666666666,8,Mixed hub (commute + busy midday),3
TEST-02982,Merkato,2025-11-10 20:00:00,17.9,0.0,73.0,13.0,1,0,0,0.0,0,0,0,0,0,0,0,0,0,0,0,48.0,48.0,20,0,0,11,20,313.8333333333333,16.0,12.0,6.0,11.333333333333334,9,Market (midday peak),2
TEST-03654,Piassa,2025-11-10 20:00:00,17.9,0.0,73.0,13.0,1,0,0,0.0,0,0,0,0,0,0,0,0,0,0,0,48.0,48.0,20,0,0,11,20,313.8333333333333,58.0,73.0,80.0,70.33333333333333,10,Business / office (weekday commute),0
TEST-02552,Sarbet,2025-11-10 20:00:00,17.9,0.0,73.0,13.0,1,0,0,0.0,0,0,0,0,0,0,0,0,0,0,0,48.0,48.0,20,0,0,11,20,313.8333333333333,37.0,,55.0,46.0,11,"Residential (evening peak, weekend >= weekday)",4
TEST-03720,Arat Kilo,2025-11-10 21:00:00,14.7,0.0,74.0,6.8,1,0,0,0.0,0,0,0,0,0,0,0,0,0,0,0,48.0,48.0,21,0,0,11,20,313.875,29.0,19.0,23.0,23.666666666666668,0,Business / office (weekday commute),0
TEST-02398,Ayat,2025-11-10 21:00:00,14.7,0.0,74.0,6.8,1,0,0,0.0,0,0,0,0,0,0,0,0,0,0,0,48.0,48.0,21,0,0,11,20,313.875,14.0,31.0,15.0,20.0,1,"Residential (evening peak, weekend >= weekday)",4
TEST-01689,Bole,2025-11-10 21:00:00,14.7,0.0,74.0,6.8,1,0,0,0.0,0,0,0,0,0,0,0,0,0,0,0,48.0,48.0,21,0,0,11,20,313.875,37.0,45.0,43.0,41.66666666666666,2,"Leisure / nightlife (late, weekend-heavy)",1
TEST-01731,CMC,2025-11-10 21:00:00,14.7,0.0,74.0,6.8,1,0,0,0.0,0,0,0,0,0,0,0,0,0,0,0,48.0,48.0,21,0,0,11,20,313.875,35.0,,36.0,35.5,3,"Residential (evening peak, weekend >= weekday)",4
TEST-03860,Gerji,2025-11-10 21:00:00,14.7,0.0,74.0,6.8,1,0,0,0.0,0,0,0,0,0,0,0,0,0,0,0,48.0,48.0,21,0,0,11,20,313.875,24.0,36.0,39.0,33.0,4,"Residential (evening peak, weekend >= weekday)",4
TEST-03386,Kazanchis,2025-11-10 21:00:00,14.7,0.0,74.0,6.8,1,0,0,0.0,0,1,23019,0,0,0,1,0,0,0,0,48.0,0.0,21,0,0,11,20,313.875,27.0,20.0,32.0,26.33333333333333,5,Business / office (weekday commute),0
TEST-03970,Kolfe,2025-11-10 21:00:00,14.7,0.0,74.0,6.8,1,0,0,0.0,0,0,0,0,0,0,0,0,0,0,0,48.0,48.0,21,0,0,11,20,313.875,26.0,33.0,39.0,32.666666666666664,6,"Residential (evening peak, weekend >= weekday)",4
TEST-00591,Lideta,2025-11-10 21:00:00,14.7,0.0,74.0,6.8,1,0,0,0.0,0,0,0,0,0,0,0,0,0,0,0,48.0,48.0,21,0,0,11,20,313.875,19.0,7.0,13.0,13.0,7,Mixed hub (commute + busy midday),3
TEST-00306,Megenagna,2025-11-10 21:00:00,14.7,0.0,74.0,6.8,1,0,0,0.0,0,1,0,0,0,0,0,1,0,0,0,48.0,48.0,21,0,0,11,20,313.875,20.0,33.0,31.0,28.0,8,Mixed hub (commute + busy midday),3
TEST-01089,Merkato,2025-11-10 21:00:00,14.7,0.0,74.0,6.8,1,0,0,0.0,0,0,0,0,0,0,0,0,0,0,0,48.0,48.0,21,0,0,11,20,313.875,6.0,10.0,9.0,8.333333333333334,9,Market (midday peak),2
TEST-02906,Piassa,2025-11-10 21:00:00,14.7,0.0,74.0,6.8,1,0,0,0.0,0,0,0,0,0,0,0,0,0,0,0,48.0,48.0,21,0,0,11,20,313.875,32.0,16.0,30.0,26.0,10,Business / office (weekday commute),0
TEST-03289,Sarbet,2025-11-10 21:00:00,14.7,0.0,74.0,6.8,1,0,0,0.0,0,0,0,0,0,0,0,0,0,0,0,48.0,48.0,21,0,0,11,20,313.875,30.0,25.0,33.0,29.33333333333333,11,"Residential (evening peak, weekend >= weekday)",4
TEST-00091,Arat Kilo,2025-11-10 22:00:00,13.8,0.0,64.0,12.1,1,0,0,0.0,0,0,0,0,0,0,0,0,0,0,0,48.0,48.0,22,0,0,11,20,313.9166666666667,14.0,9.0,18.0,13.666666666666666,0,Business / office (weekday commute),0
TEST-02353,Ayat,2025-11-10 22:00:00,13.8,0.0,64.0,12.1,1,0,0,0.0,0,0,0,0,0,0,0,0,0,0,0,48.0,48.0,22,0,0,11,20,313.9166666666667,12.0,16.0,18.0,15.333333333333334,1,"Residential (evening peak, weekend >= weekday)",4
TEST-03796,Bole,2025-11-10 22:00:00,13.8,0.0,64.0,12.1,1,0,0,0.0,0,0,0,0,0,0,0,0,0,0,0,48.0,48.0,22,0,0,11,20,313.9166666666667,22.0,47.0,29.0,32.666666666666664,2,"Leisure / nightlife (late, weekend-heavy)",1
TEST-01158,CMC,2025-11-10 22:00:00,13.8,0.0,64.0,12.1,1,0,0,0.0,0,0,0,0,0,0,0,0,0,0,0,48.0,48.0,22,0,0,11,20,313.9166666666667,24.0,25.0,26.0,25.0,3,"Residential (evening peak, weekend >= weekday)",4
TEST-03564,Gerji,2025-11-10 22:00:00,13.8,0.0,64.0,12.1,1,0,0,0.0,0,0,0,0,0,0,0,0,0,0,0,48.0,48.0,22,0,0,11,20,313.9166666666667,19.0,27.0,27.0,24.33333333333333,4,"Residential (evening peak, weekend >= weekday)",4
TEST-02692,Kazanchis,2025-11-10 22:00:00,13.8,0.0,64.0,12.1,1,0,0,0.0,0,1,23019,0,0,0,1,0,0,0,0,48.0,1.0,22,0,0,11,20,313.9166666666667,17.0,16.0,16.0,16.333333333333332,5,Business / office (weekday commute),0
TEST-01697,Kolfe,2025-11-10 22:00:00,13.8,0.0,64.0,12.1,1,0,0,0.0,0,0,0,0,0,0,0,0,0,0,0,48.0,48.0,22,0,0,11,20,313.9166666666667,13.0,23.0,18.0,18.0,6,"Residential (evening peak, weekend >= weekday)",4
TEST-00380,Lideta,2025-11-10 22:00:00,13.8,0.0,64.0,12.1,1,0,0,0.0,0,0,0,0,0,0,0,0,0,0,0,48.0,48.0,22,0,0,11,20,313.9166666666667,6.0,11.0,12.0,9.666666666666666,7,Mixed hub (commute + busy midday),3
TEST-03256,Megenagna,2025-11-10 22:00:00,13.8,0.0,64.0,12.1,1,0,0,0.0,0,1,0,0,0,0,0,1,0,0,0,48.0,0.0,22,0,0,11,20,313.9166666666667,11.0,7.0,20.0,12.666666666666666,8,Mixed hub (commute + busy midday),3
TEST-01742,Merkato,2025-11-10 22:00:00,13.8,0.0,64.0,12.1,1,0,0,0.0,0,0,0,0,0,0,0,0,0,0,0,48.0,48.0,22,0,0,11,20,313.9166666666667,1.0,7.0,8.0,5.333333333333333,9,Market (midday peak),2
TEST-00079,Piassa,2025-11-10 22:00:00,13.8,0.0,64.0,12.1,1,0,0,0.0,0,0,0,0,0,0,0,0,0,0,0,48.0,48.0,22,0,0,11,20,313.9166666666667,17.0,17.0,,17.0,10,Business / office (weekday commute),0
TEST-00863,Sarbet,2025-11-10 22:00:00,13.8,0.0,64.0,12.1,1,0,0,0.0,0,0,0,0,0,0,0,0,0,0,0,48.0,48.0,22,0,0,11,20,313.9166666666667,33.0,18.0,20.0,23.666666666666668,11,"Residential (evening peak, weekend >= weekday)",4
TEST-00201,Arat Kilo,2025-11-10 23:00:00,12.7,0.0,86.0,7.2,1,0,0,0.0,0,0,0,0,0,0,0,0,0,0,0,48.0,48.0,23,0,0,11,20,313.9583333333333,4.0,1.0,11.0,5.333333333333333,0,Business / office (weekday commute),0
TEST-02996,Ayat,2025-11-10 23:00:00,12.7,0.0,86.0,7.2,1,0,0,0.0,0,0,0,0,0,0,0,0,0,0,0,48.0,48.0,23,0,0,11,20,313.9583333333333,9.0,20.0,9.0,12.666666666666666,1,"Residential (evening peak, weekend >= weekday)",4
TEST-03138,Bole,2025-11-10 23:00:00,12.7,0.0,86.0,7.2,1,0,0,0.0,0,0,0,0,0,0,0,0,0,0,0,48.0,48.0,23,0,0,11,20,313.9583333333333,25.0,18.0,28.0,23.666666666666668,2,"Leisure / nightlife (late, weekend-heavy)",1
TEST-01993,CMC,2025-11-10 23:00:00,12.7,0.0,86.0,7.2,1,0,0,0.0,0,0,0,0,0,0,0,0,0,0,0,48.0,48.0,23,0,0,11,20,313.9583333333333,11.0,9.0,8.0,9.333333333333334,3,"Residential (evening peak, weekend >= weekday)",4
TEST-00497,Gerji,2025-11-10 23:00:00,12.7,0.0,86.0,7.2,1,0,0,0.0,0,0,0,0,0,0,0,0,0,0,0,48.0,48.0,23,0,0,11,20,313.9583333333333,15.0,8.0,13.0,12.0,4,"Residential (evening peak, weekend >= weekday)",4
TEST-01220,Kazanchis,2025-11-10 23:00:00,12.7,0.0,86.0,7.2,1,0,0,0.0,0,0,0,0,0,0,0,0,0,0,0,48.0,2.0,23,0,0,11,20,313.9583333333333,14.0,11.0,14.0,13.0,5,Business / office (weekday commute),0
TEST-02544,Kolfe,2025-11-10 23:00:00,12.7,0.0,86.0,7.2,1,0,0,0.0,0,0,0,0,0,0,0,0,0,0,0,48.0,48.0,23,0,0,11,20,313.9583333333333,9.0,13.0,13.0,11.666666666666666,6,"Residential (evening peak, weekend >= weekday)",4
TEST-03553,Lideta,2025-11-10 23:00:00,12.7,0.0,86.0,7.2,1,0,0,0.0,0,0,0,0,0,0,0,0,0,0,0,48.0,48.0,23,0,0,11,20,313.9583333333333,5.0,6.0,9.0,6.666666666666667,7,Mixed hub (commute + busy midday),3
TEST-03483,Megenagna,2025-11-10 23:00:00,12.7,0.0,86.0,7.2,1,0,0,0.0,0,1,0,0,0,0,0,1,0,0,0,48.0,1.0,23,0,0,11,20,313.9583333333333,9.0,11.0,10.0,10.0,8,Mixed hub (commute + busy midday),3
TEST-01136,Merkato,2025-11-10 23:00:00,12.7,0.0,86.0,7.2,1,0,0,0.0,0,0,0,0,0,0,0,0,0,0,0,48.0,48.0,23,0,0,11,20,313.9583333333333,1.0,0.0,3.0,1.3333333333333333,9,Market (midday peak),2
TEST-00614,Piassa,2025-11-10 23:00:00,12.7,0.0,86.0,7.2,1,0,0,0.0,0,0,0,0,0,0,0,0,0,0,0,48.0,48.0,23,0,0,11,20,313.9583333333333,6.0,14.0,5.0,8.333333333333334,10,Business / office (weekday commute),0
TEST-03892,Sarbet,2025-11-10 23:00:00,12.7,0.0,86.0,7.2,1,0,0,0.0,0,0,0,0,0,0,0,0,0,0,0,48.0,48.0,23,0,0,11,20,313.9583333333333,,11.0,10.0,10.5,11,"Residential (evening peak, weekend >= weekday)",4
TEST-00599,Arat Kilo,2025-11-11 00:00:00,9.1,0.0,88.0,8.6,1,0,0,0.0,0,0,0,0,0,0,0,0,0,0,0,48.0,48.0,0,1,0,11,19,314.0,3.0,3.0,1.0,2.333333333333333,0,Business / office (weekday commute),0
TEST-02442,Ayat,2025-11-11 00:00:00,9.1,0.0,88.0,8.6,1,0,0,0.0,0,0,0,0,0,0,0,0,0,0,0,48.0,48.0,0,1,0,11,19,314.0,8.0,7.0,4.0,6.333333333333333,1,"Residential (evening peak, weekend >= weekday)",4
TEST-02194,Bole,2025-11-11 00:00:00,9.1,0.0,88.0,8.6,1,0,0,0.0,0,0,0,0,0,0,0,0,0,0,0,48.0,48.0,0,1,0,11,19,314.0,18.0,20.0,17.0,18.33333333333333,2,"Leisure / nightlife (late, weekend-heavy)",1
TEST-03835,CMC,2025-11-11 00:00:00,9.1,0.0,88.0,8.6,1,0,0,0.0,0,0,0,0,0,0,0,0,0,0,0,48.0,48.0,0,1,0,11,19,314.0,7.0,6.0,13.0,8.666666666666666,3,"Residential (evening peak, weekend >= weekday)",4
TEST-01141,Gerji,2025-11-11 00:00:00,9.1,0.0,88.0,8.6,1,0,0,0.0,0,0,0,0,0,0,0,0,0,0,0,48.0,48.0,0,1,0,11,19,314.0,10.0,6.0,5.0,7.0,4,"Residential (evening peak, weekend >= weekday)",4
TEST-01392,Kazanchis,2025-11-11 00:00:00,9.1,0.0,88.0,8.6,1,0,0,0.0,0,0,0,0,0,0,0,0,0,0,0,48.0,3.0,0,1,0,11,19,314.0,6.0,7.0,6.0,6.333333333333333,5,Business / office (weekday commute),0
TEST-02557,Kolfe,2025-11-11 00:00:00,9.1,0.0,88.0,8.6,1,0,0,0.0,0,0,0,0,0,0,0,0,0,0,0,48.0,48.0,0,1,0,11,19,314.0,9.0,3.0,1.0,4.333333333333333,6,"Residential (evening peak, weekend >= weekday)",4
TEST-02418,Lideta,2025-11-11 00:00:00,9.1,0.0,88.0,8.6,1,0,0,0.0,0,0,0,0,0,0,0,0,0,0,0,48.0,48.0,0,1,0,11,19,314.0,7.0,6.0,10.0,7.666666666666667,7,Mixed hub (commute + busy midday),3
TEST-00209,Megenagna,2025-11-11 00:00:00,9.1,0.0,88.0,8.6,1,0,0,0.0,0,0,0,0,0,0,0,0,0,0,0,48.0,2.0,0,1,0,11,19,314.0,7.0,7.0,9.0,7.666666666666667,8,Mixed hub (commute + busy midday),3
TEST-00508,Merkato,2025-11-11 00:00:00,9.1,0.0,88.0,8.6,1,0,0,0.0,0,0,0,0,0,0,0,0,0,0,0,48.0,48.0,0,1,0,11,19,314.0,2.0,3.0,6.0,3.6666666666666665,9,Market (midday peak),2
TEST-01713,Piassa,2025-11-11 00:00:00,9.1,0.0,88.0,8.6,1,0,0,0.0,0,0,0,0,0,0,0,0,0,0,0,48.0,48.0,0,1,0,11,19,314.0,5.0,7.0,5.0,5.666666666666667,10,Business / office (weekday commute),0
TEST-03055,Sarbet,2025-11-11 00:00:00,9.1,0.0,88.0,8.6,1,0,0,0.0,0,0,0,0,0,0,0,0,0,0,0,48.0,48.0,0,1,0,11,19,314.0,9.0,6.0,3.0,6.0,11,"Residential (evening peak, weekend >= weekday)",4
TEST-00528,Arat Kilo,2025-11-11 01:00:00,8.3,0.0,82.0,11.6,1,0,0,0.0,0,0,0,0,0,0,0,0,0,0,0,48.0,48.0,1,1,0,11,19,314.0416666666667,0.0,0.0,2.0,0.6666666666666666,0,Business / office (weekday commute),0
TEST-00841,Ayat,2025-11-11 01:00:00,8.3,0.0,82.0,11.6,1,0,0,0.0,0,0,0,0,0,0,0,0,0,0,0,48.0,48.0,1,1,0,11,19,314.0416666666667,7.0,0.0,6.0,4.333333333333333,1,"Residential (evening peak, weekend >= weekday)",4
TEST-03243,Bole,2025-11-11 01:00:00,8.3,0.0,82.0,11.6,1,0,0,0.0,0,0,0,0,0,0,0,0,0,0,0,48.0,48.0,1,1,0,11,19,314.0416666666667,9.0,13.0,8.0,10.0,2,"Leisure / nightlife (late, weekend-heavy)",1
TEST-03141,CMC,2025-11-11 01:00:00,8.3,0.0,82.0,11.6,1,0,0,0.0,0,0,0,0,0,0,0,0,0,0,0,48.0,48.0,1,1,0,11,19,314.0416666666667,8.0,6.0,11.0,8.333333333333334,3,"Residential (evening peak, weekend >= weekday)",4
TEST-03778,Gerji,2025-11-11 01:00:00,8.3,0.0,82.0,11.6,1,0,0,0.0,0,0,0,0,0,0,0,0,0,0,0,48.0,48.0,1,1,0,11,19,314.0416666666667,7.0,4.0,5.0,5.333333333333333,4,"Residential (evening peak, weekend >= weekday)",4
TEST-03413,Kazanchis,2025-11-11 01:00:00,8.3,0.0,82.0,11.6,1,0,0,0.0,0,0,0,0,0,0,0,0,0,0,0,48.0,4.0,1,1,0,11,19,314.0416666666667,11.0,1.0,3.0,5.0,5,Business / office (weekday commute),0
TEST-03913,Kolfe,2025-11-11 01:00:00,8.3,0.0,82.0,11.6,1,0,0,0.0,0,0,0,0,0,0,0,0,0,0,0,48.0,48.0,1,1,0,11,19,314.0416666666667,6.0,8.0,6.0,6.666666666666667,6,"Residential (evening peak, weekend >= weekday)",4
TEST-00484,Lideta,2025-11-11 01:00:00,8.3,0.0,82.0,11.6,1,0,0,0.0,0,0,0,0,0,0,0,0,0,0,0,48.0,48.0,1,1,0,11,19,314.0416666666667,5.0,6.0,8.0,6.333333333333333,7,Mixed hub (commute + busy midday),3
TEST-00644,Megenagna,2025-11-11 01:00:00,8.3,0.0,82.0,11.6,1,0,0,0.0,0,0,0,0,0,0,0,0,0,0,0,48.0,3.0,1,1,0,11,19,314.0416666666667,6.0,11.0,14.0,10.333333333333334,8,Mixed hub (commute + busy midday),3
TEST-00190,Merkato,2025-11-11 01:00:00,8.3,0.0,82.0,11.6,1,0,0,0.0,0,0,0,0,0,0,0,0,0,0,0,48.0,48.0,1,1,0,11,19,314.0416666666667,5.0,7.0,3.0,5.0,9,Market (midday peak),2
TEST-03893,Piassa,2025-11-11 01:00:00,8.3,0.0,82.0,11.6,1,0,0,0.0,0,0,0,0,0,0,0,0,0,0,0,48.0,48.0,1,1,0,11,19,314.0416666666667,2.0,11.0,,6.5,10,Business / office (weekday commute),0
TEST-02574,Sarbet,2025-11-11 01:00:00,8.3,0.0,82.0,11.6,1,0,0,0.0,0,0,0,0,0,0,0,0,0,0,0,48.0,48.0,1,1,0,11,19,314.0416666666667,5.0,2.0,5.0,4.0,11,"Residential (evening peak, weekend >= weekday)",4
TEST-02341,Arat Kilo,2025-11-11 02:00:00,8.5,0.0,96.0,8.6,1,0,0,0.0,0,0,0,0,0,0,0,0,0,0,0,48.0,48.0,2,1,0,11,19,314.0833333333333,3.0,2.0,6.0,3.6666666666666665,0,Business / office (weekday commute),0
TEST-03923,Ayat,2025-11-11 02:00:00,8.5,0.0,96.0,8.6,1,0,0,0.0,0,0,0,0,0,0,0,0,0,0,0,48.0,48.0,2,1,0,11,19,314.0833333333333,2.0,8.0,5.0,5.0,1,"Residential (evening peak, weekend >= weekday)",4
TEST-01356,Bole,2025-11-11 02:00:00,8.5,0.0,96.0,8.6,1,0,0,0.0,0,0,0,0,0,0,0,0,0,0,0,48.0,48.0,2,1,0,11,19,314.0833333333333,9.0,11.0,17.0,12.333333333333334,2,"Leisure / nightlife (late, weekend-heavy)",1
TEST-00927,CMC,2025-11-11 02:00:00,8.5,0.0,96.0,8.6,1,0,0,0.0,0,0,0,0,0,0,0,0,0,0,0,48.0,48.0,2,1,0,11,19,314.0833333333333,9.0,1.0,4.0,4.666666666666667,3,"Residential (evening peak, weekend >= weekday)",4
TEST-00995,Gerji,2025-11-11 02:00:00,8.5,0.0,96.0,8.6,1,0,0,0.0,0,0,0,0,0,0,0,0,0,0,0,48.0,48.0,2,1,0,11,19,314.0833333333333,,7.0,4.0,5.5,4,"Residential (evening peak, weekend >= weekday)",4
TEST-03694,Kazanchis,2025-11-11 02:00:00,8.5,0.0,96.0,8.6,1,0,0,0.0,0,0,0,0,0,0,0,0,0,0,0,48.0,5.0,2,1,0,11,19,314.0833333333333,7.0,1.0,5.0,4.333333333333333,5,Business / office (weekday commute),0
TEST-00781,Kolfe,2025-11-11 02:00:00,8.5,0.0,96.0,8.6,1,0,0,0.0,0,0,0,0,0,0,0,0,0,0,0,48.0,48.0,2,1,0,11,19,314.0833333333333,1.0,3.0,7.0,3.6666666666666665,6,"Residential (evening peak, weekend >= weekday)",4
TEST-03850,Lideta,2025-11-11 02:00:00,8.5,0.0,96.0,8.6,1,0,0,0.0,0,0,0,0,0,0,0,0,0,0,0,48.0,48.0,2,1,0,11,19,314.0833333333333,4.0,8.0,,6.0,7,Mixed hub (commute + busy midday),3
TEST-00578,Megenagna,2025-11-11 02:00:00,8.5,0.0,96.0,8.6,1,0,0,0.0,0,0,0,0,0,0,0,0,0,0,0,48.0,4.0,2,1,0,11,19,314.0833333333333,12.0,9.0,6.0,9.0,8,Mixed hub (commute + busy midday),3
TEST-01653,Merkato,2025-11-11 02:00:00,8.5,0.0,96.0,8.6,1,0,0,0.0,0,0,0,0,0,0,0,0,0,0,0,48.0,48.0,2,1,0,11,19,314.0833333333333,4.0,7.0,8.0,6.333333333333333,9,Market (midday peak),2
TEST-03312,Piassa,2025-11-11 02:00:00,8.5,0.0,96.0,8.6,1,0,0,0.0,0,0,0,0,0,0,0,0,0,0,0,48.0,48.0,2,1,0,11,19,314.0833333333333,,1.0,8.0,4.5,10,Business / office (weekday commute),0
TEST-03814,Sarbet,2025-11-11 02:00:00,8.5,0.0,96.0,8.6,1,0,0,0.0,0,0,0,0,0,0,0,0,0,0,0,48.0,48.0,2,1,0,11,19,314.0833333333333,4.0,5.0,2.0,3.6666666666666665,11,"Residential (evening peak, weekend >= weekday)",4
TEST-01574,Arat Kilo,2025-11-11 03:00:00,6.7,0.0,95.0,15.1,1,0,0,0.0,0,0,0,0,0,0,0,0,0,0,0,48.0,48.0,3,1,0,11,19,314.125,5.0,5.0,2.0,4.0,0,Business / office (weekday commute),0
TEST-02028,Ayat,2025-11-11 03:00:00,6.7,0.0,95.0,15.1,1,0,0,0.0,0,0,0,0,0,0,0,0,0,0,0,48.0,48.0,3,1,0,11,19,314.125,1.0,3.0,3.0,2.333333333333333,1,"Residential (evening peak, weekend >= weekday)",4
TEST-01686,Bole,2025-11-11 03:00:00,6.7,0.0,95.0,15.1,1,0,0,0.0,0,0,0,0,0,0,0,0,0,0,0,48.0,48.0,3,1,0,11,19,314.125,13.0,18.0,22.0,17.666666666666668,2,"Leisure / nightlife (late, weekend-heavy)",1
TEST-02407,CMC,2025-11-11 03:00:00,6.7,0.0,95.0,15.1,1,0,0,0.0,0,0,0,0,0,0,0,0,0,0,0,48.0,48.0,3,1,0,11,19,314.125,11.0,4.0,6.0,7.0,3,"Residential (evening peak, weekend >= weekday)",4
TEST-02359,Gerji,2025-11-11 03:00:00,6.7,0.0,95.0,15.1,1,0,0,0.0,0,0,0,0,0,0,0,0,0,0,0,48.0,48.0,3,1,0,11,19,314.125,5.0,4.0,6.0,5.0,4,"Residential (evening peak, weekend >= weekday)",4
TEST-03911,Kazanchis,2025-11-11 03:00:00,6.7,0.0,95.0,15.1,1,0,0,0.0,0,0,0,0,0,0,0,0,0,0,0,48.0,6.0,3,1,0,11,19,314.125,5.0,5.0,4.0,4.666666666666667,5,Business / office (weekday commute),0
TEST-02262,Kolfe,2025-11-11 03:00:00,6.7,0.0,95.0,15.1,1,0,0,0.0,0,0,0,0,0,0,0,0,0,0,0,48.0,48.0,3,1,0,11,19,314.125,2.0,8.0,4.0,4.666666666666667,6,"Residential (evening peak, weekend >= weekday)",4
TEST-00130,Lideta,2025-11-11 03:00:00,6.7,0.0,95.0,15.1,1,0,0,0.0,0,0,0,0,0,0,0,0,0,0,0,48.0,48.0,3,1,0,11,19,314.125,6.0,6.0,11.0,7.666666666666667,7,Mixed hub (commute + busy midday),3
TEST-01314,Megenagna,2025-11-11 03:00:00,6.7,0.0,95.0,15.1,1,0,0,0.0,0,0,0,0,0,0,0,0,0,0,0,48.0,5.0,3,1,0,11,19,314.125,13.0,10.0,13.0,12.0,8,Mixed hub (commute + busy midday),3
TEST-00316,Merkato,2025-11-11 03:00:00,6.7,0.0,95.0,15.1,1,0,0,0.0,0,0,0,0,0,0,0,0,0,0,0,48.0,48.0,3,1,0,11,19,314.125,10.0,5.0,4.0,6.333333333333333,9,Market (midday peak),2
TEST-00115,Piassa,2025-11-11 03:00:00,6.7,0.0,95.0,15.1,1,0,0,0.0,0,0,0,0,0,0,0,0,0,0,0,48.0,48.0,3,1,0,11,19,314.125,4.0,4.0,,4.0,10,Business / office (weekday commute),0
TEST-00407,Sarbet,2025-11-11 03:00:00,6.7,0.0,95.0,15.1,1,0,0,0.0,0,0,0,0,0,0,0,0,0,0,0,48.0,48.0,3,1,0,11,19,314.125,3.0,5.0,3.0,3.6666666666666665,11,"Residential (evening peak, weekend >= weekday)",4
TEST-01572,Arat Kilo,2025-11-11 04:00:00,6.9,0.0,93.0,9.0,1,0,0,0.0,0,0,0,0,0,0,0,0,0,0,0,48.0,48.0,4,1,0,11,19,314.1666666666667,8.0,3.0,1.0,4.0,0,Business / office (weekday commute),0
TEST-00149,Ayat,2025-11-11 04:00:00,6.9,0.0,93.0,9.0,1,0,0,0.0,0,0,0,0,0,0,0,0,0,0,0,48.0,48.0,4,1,0,11,19,314.1666666666667,6.0,6.0,5.0,5.666666666666667,1,"Residential (evening peak, weekend >= weekday)",4
TEST-00766,Bole,2025-11-11 04:00:00,6.9,0.0,93.0,9.0,1,0,0,0.0,0,0,0,0,0,0,0,0,0,0,0,48.0,48.0,4,1,0,11,19,314.1666666666667,28.0,47.0,14.0,29.666666666666668,2,"Leisure / nightlife (late, weekend-heavy)",1
TEST-02294,CMC,2025-11-11 04:00:00,6.9,0.0,93.0,9.0,1,0,0,0.0,0,0,0,0,0,0,0,0,0,0,0,48.0,48.0,4,1,0,11,19,314.1666666666667,13.0,7.0,7.0,9.0,3,"Residential (evening peak, weekend >= weekday)",4
TEST-00064,Gerji,2025-11-11 04:00:00,6.9,0.0,93.0,9.0,1,0,0,0.0,0,0,0,0,0,0,0,0,0,0,0,48.0,48.0,4,1,0,11,19,314.1666666666667,12.0,6.0,14.0,10.666666666666666,4,"Residential (evening peak, weekend >= weekday)",4
TEST-02181,Kazanchis,2025-11-11 04:00:00,6.9,0.0,93.0,9.0,1,0,0,0.0,0,0,0,0,0,0,0,0,0,0,0,48.0,7.0,4,1,0,11,19,314.1666666666667,1.0,4.0,4.0,3.0,5,Business / office (weekday commute),0
TEST-02013,Kolfe,2025-11-11 04:00:00,6.9,0.0,93.0,9.0,1,0,0,0.0,0,0,0,0,0,0,0,0,0,0,0,48.0,48.0,4,1,0,11,19,314.1666666666667,4.0,9.0,16.0,9.666666666666666,6,"Residential (evening peak, weekend >= weekday)",4
TEST-01003,Lideta,2025-11-11 04:00:00,6.9,0.0,93.0,9.0,1,0,0,0.0,0,0,0,0,0,0,0,0,0,0,0,48.0,48.0,4,1,0,11,19,314.1666666666667,10.0,4.0,4.0,6.0,7,Mixed hub (commute + busy midday),3
TEST-03211,Megenagna,2025-11-11 04:00:00,6.9,0.0,93.0,9.0,1,0,0,0.0,0,0,0,0,0,0,0,0,0,0,0,48.0,6.0,4,1,0,11,19,314.1666666666667,12.0,10.0,15.0,12.333333333333334,8,Mixed hub (commute + busy midday),3
TEST-00502,Merkato,2025-11-11 04:00:00,6.9,0.0,93.0,9.0,1,0,0,0.0,0,0,0,0,0,0,0,0,0,0,0,48.0,48.0,4,1,0,11,19,314.1666666666667,7.0,4.0,11.0,7.333333333333333,9,Market (midday peak),2
TEST-03853,Piassa,2025-11-11 04:00:00,6.9,0.0,93.0,9.0,1,0,0,0.0,0,0,0,0,0,0,0,0,0,0,0,48.0,48.0,4,1,0,11,19,314.1666666666667,5.0,3.0,7.0,5.0,10,Business / office (weekday commute),0
TEST-03514,Sarbet,2025-11-11 04:00:00,6.9,0.0,93.0,9.0,1,0,0,0.0,0,0,0,0,0,0,0,0,0,0,0,48.0,48.0,4,1,0,11,19,314.1666666666667,11.0,8.0,8.0,9.0,11,"Residential (evening peak, weekend >= weekday)",4
TEST-01153,Arat Kilo,2025-11-11 05:00:00,8.4,0.0,86.0,11.2,1,0,0,0.0,0,0,0,0,0,0,0,0,0,0,0,48.0,48.0,5,1,0,11,19,314.2083333333333,11.0,5.0,8.0,8.0,0,Business / office (weekday commute),0
TEST-02766,Ayat,2025-11-11 05:00:00,8.4,0.0,86.0,11.2,1,0,0,0.0,0,0,0,0,0,0,0,0,0,0,0,48.0,48.0,5,1,0,11,19,314.2083333333333,15.0,13.0,12.0,13.333333333333334,1,"Residential (evening peak, weekend >= weekday)",4
TEST-02155,Bole,2025-11-11 05:00:00,8.4,0.0,86.0,11.2,1,0,0,0.0,0,0,0,0,0,0,0,0,0,0,0,48.0,48.0,5,1,0,11,19,314.2083333333333,62.0,70.0,75.0,69.0,2,"Leisure / nightlife (late, weekend-heavy)",1
TEST-02668,CMC,2025-11-11 05:00:00,8.4,0.0,86.0,11.2,1,0,0,0.0,0,0,0,0,0,0,0,0,0,0,0,48.0,48.0,5,1,0,11,19,314.2083333333333,30.0,,10.0,20.0,3,"Residential (evening peak, weekend >= weekday)",4
TEST-03781,Gerji,2025-11-11 05:00:00,8.4,0.0,86.0,11.2,1,0,0,0.0,0,0,0,0,0,0,0,0,0,0,0,48.0,48.0,5,1,0,11,19,314.2083333333333,25.0,29.0,27.0,27.0,4,"Residential (evening peak, weekend >= weekday)",4
TEST-01728,Kazanchis,2025-11-11 05:00:00,8.4,0.0,86.0,11.2,1,0,0,0.0,0,0,0,0,0,0,0,0,0,0,0,48.0,8.0,5,1,0,11,19,314.2083333333333,3.0,11.0,15.0,9.666666666666666,5,Business / office (weekday commute),0
TEST-03527,Kolfe,2025-11-11 05:00:00,8.4,0.0,86.0,11.2,1,0,0,0.0,0,0,0,0,0,0,0,0,0,0,0,48.0,48.0,5,1,0,11,19,314.2083333333333,23.0,22.0,16.0,20.33333333333333,6,"Residential (evening peak, weekend >= weekday)",4
TEST-03262,Lideta,2025-11-11 05:00:00,8.4,0.0,86.0,11.2,1,0,0,0.0,0,0,0,0,0,0,0,0,0,0,0,48.0,48.0,5,1,0,11,19,314.2083333333333,12.0,22.0,13.0,15.666666666666666,7,Mixed hub (commute + busy midday),3
TEST-02175,Megenagna,2025-11-11 05:00:00,8.4,0.0,86.0,11.2,1,0,0,0.0,0,0,0,0,0,0,0,0,0,0,0,48.0,7.0,5,1,0,11,19,314.2083333333333,35.0,26.0,24.0,28.33333333333333,8,Mixed hub (commute + busy midday),3
TEST-01868,Merkato,2025-11-11 05:00:00,8.4,0.0,86.0,11.2,1,0,0,0.0,0,0,0,0,0,0,0,0,0,0,0,48.0,48.0,5,1,0,11,19,314.2083333333333,22.0,,,22.0,9,Market (midday peak),2
TEST-00571,Piassa,2025-11-11 05:00:00,8.4,0.0,86.0,11.2,1,0,0,0.0,0,0,0,0,0,0,0,0,0,0,0,48.0,48.0,5,1,0,11,19,314.2083333333333,8.0,4.0,6.0,6.0,10,Business / office (weekday commute),0
TEST-02041,Sarbet,2025-11-11 05:00:00,8.4,0.0,86.0,11.2,1,0,0,0.0,0,0,0,0,0,0,0,0,0,0,0,48.0,48.0,5,1,0,11,19,314.2083333333333,,15.0,24.0,19.5,11,"Residential (evening peak, weekend >= weekday)",4
TEST-02701,Arat Kilo,2025-11-11 06:00:00,9.4,0.0,89.0,5.8,1,0,0,0.0,0,0,0,0,0,0,0,0,0,0,0,48.0,48.0,6,1,0,11,19,314.25,13.0,16.0,13.0,14.0,0,Business / office (weekday commute),0
TEST-02397,Ayat,2025-11-11 06:00:00,9.4,0.0,89.0,5.8,1,0,0,0.0,0,0,0,0,0,0,0,0,0,0,0,48.0,48.0,6,1,0,11,19,314.25,26.0,29.0,33.0,29.33333333333333,1,"Residential (evening peak, weekend >= weekday)",4
TEST-03885,Bole,2025-11-11 06:00:00,9.4,0.0,89.0,5.8,1,0,0,0.0,0,0,0,0,0,0,0,0,0,0,0,48.0,48.0,6,1,0,11,19,314.25,92.0,66.0,81.0,79.66666666666667,2,"Leisure / nightlife (late, weekend-heavy)",1
TEST-00217,CMC,2025-11-11 06:00:00,9.4,0.0,89.0,5.8,1,0,0,0.0,0,0,0,0,0,0,0,0,0,0,0,48.0,48.0,6,1,0,11,19,314.25,52.0,58.0,49.0,53.0,3,"Residential (evening peak, weekend >= weekday)",4
TEST-03672,Gerji,2025-11-11 06:00:00,9.4,0.0,89.0,5.8,1,0,0,0.0,0,0,0,0,0,0,0,0,0,0,0,48.0,48.0,6,1,0,11,19,314.25,51.0,48.0,38.0,45.66666666666666,4,"Residential (evening peak, weekend >= weekday)",4
TEST-02522,Kazanchis,2025-11-11 06:00:00,9.4,0.0,89.0,5.8,1,0,0,0.0,0,0,0,0,0,0,0,0,0,0,0,48.0,9.0,6,1,0,11,19,314.25,29.0,29.0,26.0,28.0,5,Business / office (weekday commute),0
TEST-03633,Kolfe,2025-11-11 06:00:00,9.4,0.0,89.0,5.8,1,0,0,0.0,0,0,0,0,0,0,0,0,0,0,0,48.0,48.0,6,1,0,11,19,314.25,51.0,32.0,28.0,37.0,6,"Residential (evening peak, weekend >= weekday)",4
TEST-00864,Lideta,2025-11-11 06:00:00,9.4,0.0,89.0,5.8,1,0,0,0.0,0,0,0,0,0,0,0,0,0,0,0,48.0,48.0,6,1,0,11,19,314.25,37.0,42.0,45.0,41.333333333333336,7,Mixed hub (commute + busy midday),3
TEST-03719,Megenagna,2025-11-11 06:00:00,9.4,0.0,89.0,5.8,1,0,0,0.0,0,0,0,0,0,0,0,0,0,0,0,48.0,8.0,6,1,0,11,19,314.25,59.0,48.0,56.0,54.333333333333336,8,Mixed hub (commute + busy midday),3
TEST-03314,Merkato,2025-11-11 06:00:00,9.4,0.0,89.0,5.8,1,0,0,0.0,0,0,0,0,0,0,0,0,0,0,0,48.0,48.0,6,1,0,11,19,314.25,37.0,54.0,62.0,51.0,9,Market (midday peak),2
TEST-01709,Piassa,2025-11-11 06:00:00,9.4,0.0,89.0,5.8,1,0,0,0.0,0,0,0,0,0,0,0,0,0,0,0,48.0,48.0,6,1,0,11,19,314.25,26.0,21.0,16.0,21.0,10,Business / office (weekday commute),0
TEST-00304,Sarbet,2025-11-11 06:00:00,9.4,0.0,89.0,5.8,1,0,0,0.0,0,0,0,0,0,0,0,0,0,0,0,48.0,48.0,6,1,0,11,19,314.25,27.0,56.0,34.0,39.0,11,"Residential (evening peak, weekend >= weekday)",4
TEST-00658,Arat Kilo,2025-11-11 07:00:00,9.8,0.0,91.0,5.9,1,0,0,0.0,0,0,0,0,0,0,0,0,0,0,0,48.0,48.0,7,1,0,11,19,314.2916666666667,57.0,30.0,46.0,44.333333333333336,0,Business / office (weekday commute),0
TEST-01407,Ayat,2025-11-11 07:00:00,9.8,0.0,91.0,5.9,1,0,0,0.0,0,0,0,0,0,0,0,0,0,0,0,48.0,48.0,7,1,0,11,19,314.2916666666667,68.0,49.0,51.0,56.0,1,"Residential (evening peak, weekend >= weekday)",4
TEST-03158,Bole,2025-11-11 07:00:00,9.8,0.0,91.0,5.9,1,0,0,0.0,0,0,0,0,0,0,0,0,0,0,0,48.0,48.0,7,1,0,11,19,314.2916666666667,57.0,78.0,39.0,58.0,2,"Leisure / nightlife (late, weekend-heavy)",1
TEST-03165,CMC,2025-11-11 07:00:00,9.8,0.0,91.0,5.9,1,0,0,0.0,0,0,0,0,0,0,0,0,0,0,0,48.0,48.0,7,1,0,11,19,314.2916666666667,77.0,52.0,64.0,64.33333333333333,3,"Residential (evening peak, weekend >= weekday)",4
TEST-02000,Gerji,2025-11-11 07:00:00,9.8,0.0,91.0,5.9,1,0,0,0.0,0,0,0,0,0,0,0,0,0,0,0,48.0,48.0,7,1,0,11,19,314.2916666666667,66.0,61.0,68.0,65.0,4,"Residential (evening peak, weekend >= weekday)",4
TEST-02743,Kazanchis,2025-11-11 07:00:00,9.8,0.0,91.0,5.9,1,0,0,0.0,0,0,0,0,0,0,0,0,0,0,0,48.0,10.0,7,1,0,11,19,314.2916666666667,76.0,56.0,68.0,66.66666666666667,5,Business / office (weekday commute),0
TEST-04002,Kolfe,2025-11-11 07:00:00,9.8,0.0,91.0,5.9,1,0,0,0.0,0,0,0,0,0,0,0,0,0,0,0,48.0,48.0,7,1,0,11,19,314.2916666666667,99.0,75.0,77.0,83.66666666666667,6,"Residential (evening peak, weekend >= weekday)",4
TEST-00685,Lideta,2025-11-11 07:00:00,9.8,0.0,91.0,5.9,1,0,0,0.0,0,0,0,0,0,0,0,0,0,0,0,48.0,48.0,7,1,0,11,19,314.2916666666667,49.0,96.0,50.0,65.0,7,Mixed hub (commute + busy midday),3
TEST-03271,Megenagna,2025-11-11 07:00:00,9.8,0.0,91.0,5.9,1,0,0,0.0,0,0,0,0,0,0,0,0,0,0,0,48.0,9.0,7,1,0,11,19,314.2916666666667,85.0,74.0,,79.5,8,Mixed hub (commute + busy midday),3
TEST-03135,Merkato,2025-11-11 07:00:00,9.8,0.0,91.0,5.9,1,0,0,0.0,0,0,0,0,0,0,0,0,0,0,0,48.0,48.0,7,1,0,11,19,314.2916666666667,78.0,82.0,76.0,78.66666666666667,9,Market (midday peak),2
TEST-02165,Piassa,2025-11-11 07:00:00,9.8,0.0,91.0,5.9,1,0,0,0.0,0,0,0,0,0,0,0,0,0,0,0,48.0,48.0,7,1,0,11,19,314.2916666666667,60.0,65.0,51.0,58.66666666666666,10,Business / office (weekday commute),0
TEST-02732,Sarbet,2025-11-11 07:00:00,9.8,0.0,91.0,5.9,1,0,0,0.0,0,0,0,0,0,0,0,0,0,0,0,48.0,48.0,7,1,0,11,19,314.2916666666667,70.0,51.0,64.0,61.66666666666666,11,"Residential (evening peak, weekend >= weekday)",4
TEST-03397,Arat Kilo,2025-11-11 08:00:00,14.0,0.0,86.0,7.8,1,0,0,0.0,0,0,0,0,0,0,0,0,0,0,0,48.0,48.0,8,1,0,11,19,314.3333333333333,87.0,61.0,50.0,66.0,0,Business / office (weekday commute),0
TEST-00065,Ayat,2025-11-11 08:00:00,14.0,0.0,86.0,7.8,1,0,0,0.0,0,0,0,0,0,0,0,0,0,0,0,48.0,48.0,8,1,0,11,19,314.3333333333333,39.0,40.0,40.0,39.66666666666666,1,"Residential (evening peak, weekend >= weekday)",4
TEST-02326,Bole,2025-11-11 08:00:00,14.0,0.0,86.0,7.8,1,0,0,0.0,0,0,0,0,0,0,0,0,0,0,0,48.0,48.0,8,1,0,11,19,314.3333333333333,62.0,36.0,65.0,54.333333333333336,2,"Leisure / nightlife (late, weekend-heavy)",1
TEST-03169,CMC,2025-11-11 08:00:00,14.0,0.0,86.0,7.8,1,0,0,0.0,0,0,0,0,0,0,0,0,0,0,0,48.0,48.0,8,1,0,11,19,314.3333333333333,60.0,33.0,53.0,48.66666666666666,3,"Residential (evening peak, weekend >= weekday)",4
TEST-02997,Gerji,2025-11-11 08:00:00,14.0,0.0,86.0,7.8,1,0,0,0.0,0,0,0,0,0,0,0,0,0,0,0,48.0,48.0,8,1,0,11,19,314.3333333333333,49.0,41.0,59.0,49.66666666666666,4,"Residential (evening peak, weekend >= weekday)",4
TEST-00844,Kazanchis,2025-11-11 08:00:00,14.0,0.0,86.0,7.8,1,0,0,0.0,0,0,0,0,0,0,0,0,0,0,0,48.0,11.0,8,1,0,11,19,314.3333333333333,82.0,91.0,62.0,78.33333333333333,5,Business / office (weekday commute),0
TEST-03838,Kolfe,2025-11-11 08:00:00,14.0,0.0,86.0,7.8,1,0,0,0.0,0,0,0,0,0,0,0,0,0,0,0,48.0,48.0,8,1,0,11,19,314.3333333333333,46.0,38.0,45.0,43.0,6,"Residential (evening peak, weekend >= weekday)",4
TEST-00570,Lideta,2025-11-11 08:00:00,14.0,0.0,86.0,7.8,1,0,0,0.0,0,0,0,0,0,0,0,0,0,0,0,48.0,48.0,8,1,0,11,19,314.3333333333333,81.0,59.0,78.0,72.66666666666667,7,Mixed hub (commute + busy midday),3
TEST-01946,Megenagna,2025-11-11 08:00:00,14.0,0.0,86.0,7.8,1,0,0,0.0,0,0,0,0,0,0,0,0,0,0,0,48.0,10.0,8,1,0,11,19,314.3333333333333,91.0,98.0,89.0,92.66666666666669,8,Mixed hub (commute + busy midday),3
TEST-00890,Merkato,2025-11-11 08:00:00,14.0,0.0,86.0,7.8,1,0,0,0.0,0,0,0,0,0,0,0,0,0,0,0,48.0,48.0,8,1,0,11,19,314.3333333333333,93.0,95.0,93.0,93.66666666666669,9,Market (midday peak),2
TEST-00829,Piassa,2025-11-11 08:00:00,14.0,0.0,86.0,7.8,1,0,0,0.0,0,0,0,0,0,0,0,0,0,0,0,48.0,48.0,8,1,0,11,19,314.3333333333333,79.0,79.0,76.0,78.0,10,Business / office (weekday commute),0
TEST-01198,Sarbet,2025-11-11 08:00:00,14.0,0.0,86.0,7.8,1,0,0,0.0,0,0,0,0,0,0,0,0,0,0,0,48.0,48.0,8,1,0,11,19,314.3333333333333,47.0,57.0,48.0,50.66666666666666,11,"Residential (evening peak, weekend >= weekday)",4
TEST-03829,Arat Kilo,2025-11-11 09:00:00,15.2,0.0,82.0,6.5,1,0,0,0.0,0,0,0,0,0,0,0,0,0,0,0,48.0,48.0,9,1,0,11,19,314.375,34.0,35.0,56.0,41.66666666666666,0,Business / office (weekday commute),0
TEST-01287,Ayat,2025-11-11 09:00:00,15.2,0.0,82.0,6.5,1,0,0,0.0,0,0,0,0,0,0,0,0,0,0,0,48.0,48.0,9,1,0,11,19,314.375,26.0,19.0,26.0,23.666666666666668,1,"Residential (evening peak, weekend >= weekday)",4
TEST-02971,Bole,2025-11-11 09:00:00,15.2,0.0,82.0,6.5,1,0,0,0.0,0,0,0,0,0,0,0,0,0,0,0,48.0,48.0,9,1,0,11,19,314.375,46.0,51.0,45.0,47.333333333333336,2,"Leisure / nightlife (late, weekend-heavy)",1
TEST-03149,CMC,2025-11-11 09:00:00,15.2,0.0,82.0,6.5,1,0,0,0.0,0,0,0,0,0,0,0,0,0,0,0,48.0,48.0,9,1,0,11,19,314.375,37.0,28.0,33.0,32.666666666666664,3,"Residential (evening peak, weekend >= weekday)",4
TEST-00977,Gerji,2025-11-11 09:00:00,15.2,0.0,82.0,6.5,1,0,0,0.0,0,0,0,0,0,0,0,0,0,0,0,48.0,48.0,9,1,0,11,19,314.375,29.0,33.0,37.0,33.0,4,"Residential (evening peak, weekend >= weekday)",4
TEST-01470,Kazanchis,2025-11-11 09:00:00,15.2,0.0,82.0,6.5,1,0,0,0.0,0,0,0,0,0,0,0,0,0,0,0,48.0,12.0,9,1,0,11,19,314.375,64.0,75.0,73.0,70.66666666666667,5,Business / office (weekday commute),0
TEST-02454,Kolfe,2025-11-11 09:00:00,15.2,0.0,82.0,6.5,1,0,0,0.0,0,0,0,0,0,0,0,0,0,0,0,48.0,48.0,9,1,0,11,19,314.375,21.0,27.0,33.0,27.0,6,"Residential (evening peak, weekend >= weekday)",4
TEST-03476,Lideta,2025-11-11 09:00:00,15.2,0.0,82.0,6.5,1,0,0,0.0,0,0,0,0,0,0,0,0,0,0,0,48.0,48.0,9,1,0,11,19,314.375,48.0,48.0,52.0,49.333333333333336,7,Mixed hub (commute + busy midday),3
TEST-03194,Megenagna,2025-11-11 09:00:00,15.2,0.0,82.0,6.5,1,0,0,0.0,0,0,0,0,0,0,0,0,0,0,0,48.0,11.0,9,1,0,11,19,314.375,78.0,56.0,57.0,63.66666666666666,8,Mixed hub (commute + busy midday),3
TEST-00128,Merkato,2025-11-11 09:00:00,15.2,0.0,82.0,6.5,1,0,0,0.0,0,0,0,0,0,0,0,0,0,0,0,48.0,48.0,9,1,0,11,19,314.375,84.0,94.0,83.0,87.0,9,Market (midday peak),2
TEST-02502,Piassa,2025-11-11 09:00:00,15.2,0.0,82.0,6.5,1,0,0,0.0,0,0,0,0,0,0,0,0,0,0,0,48.0,48.0,9,1,0,11,19,314.375,,51.0,83.0,67.0,10,Business / office (weekday commute),0
TEST-03091,Sarbet,2025-11-11 09:00:00,15.2,0.0,82.0,6.5,1,0,0,0.0,0,0,0,0,0,0,0,0,0,0,0,48.0,48.0,9,1,0,11,19,314.375,27.0,36.0,23.0,28.666666666666668,11,"Residential (evening peak, weekend >= weekday)",4
TEST-01101,Arat Kilo,2025-11-11 10:00:00,16.4,0.0,72.0,12.1,1,0,0,0.0,0,0,0,0,0,0,0,0,0,0,0,48.0,48.0,10,1,0,11,19,314.4166666666667,25.0,,23.0,24.0,0,Business / office (weekday commute),0
TEST-01126,Ayat,2025-11-11 10:00:00,16.4,0.0,72.0,12.1,1,0,0,0.0,0,0,0,0,0,0,0,0,0,0,0,48.0,48.0,10,1,0,11,19,314.4166666666667,23.0,14.0,13.0,16.666666666666668,1,"Residential (evening peak, weekend >= weekday)",4
TEST-01942,Bole,2025-11-11 10:00:00,16.4,0.0,72.0,12.1,1,0,0,0.0,0,0,0,0,0,0,0,0,0,0,0,48.0,48.0,10,1,0,11,19,314.4166666666667,44.0,38.0,52.0,44.66666666666666,2,"Leisure / nightlife (late, weekend-heavy)",1
TEST-03623,CMC,2025-11-11 10:00:00,16.4,0.0,72.0,12.1,1,0,0,0.0,0,0,0,0,0,0,0,0,0,0,0,48.0,48.0,10,1,0,11,19,314.4166666666667,18.0,24.0,27.0,23.0,3,"Residential (evening peak, weekend >= weekday)",4
TEST-01808,Gerji,2025-11-11 10:00:00,16.4,0.0,72.0,12.1,1,0,0,0.0,0,0,0,0,0,0,0,0,0,0,0,48.0,48.0,10,1,0,11,19,314.4166666666667,13.0,19.0,24.0,18.666666666666668,4,"Residential (evening peak, weekend >= weekday)",4
TEST-01732,Kazanchis,2025-11-11 10:00:00,16.4,0.0,72.0,12.1,1,0,0,0.0,0,0,0,0,0,0,0,0,0,0,0,48.0,13.0,10,1,0,11,19,314.4166666666667,35.0,35.0,23.0,31.0,5,Business / office (weekday commute),0
TEST-01898,Kolfe,2025-11-11 10:00:00,16.4,0.0,72.0,12.1,1,0,0,0.0,0,0,0,0,0,0,0,0,0,0,0,48.0,48.0,10,1,0,11,19,314.4166666666667,21.0,13.0,18.0,17.333333333333332,6,"Residential (evening peak, weekend >= weekday)",4
TEST-01448,Lideta,2025-11-11 10:00:00,16.4,0.0,72.0,12.1,1,0,0,0.0,0,0,0,0,0,0,0,0,0,0,0,48.0,48.0,10,1,0,11,19,314.4166666666667,27.0,48.0,31.0,35.333333333333336,7,Mixed hub (commute + busy midday),3
TEST-00790,Megenagna,2025-11-11 10:00:00,16.4,0.0,72.0,12.1,1,0,0,0.0,0,0,0,0,0,0,0,0,0,0,0,48.0,12.0,10,1,0,11,19,314.4166666666667,41.0,48.0,38.0,42.333333333333336,8,Mixed hub (commute + busy midday),3
TEST-03651,Merkato,2025-11-11 10:00:00,16.4,0.0,72.0,12.1,1,0,0,0.0,0,0,0,0,0,0,0,0,0,0,0,48.0,48.0,10,1,0,11,19,314.4166666666667,99.0,85.0,73.0,85.66666666666667,9,Market (midday peak),2
TEST-03474,Piassa,2025-11-11 10:00:00,16.4,0.0,72.0,12.1,1,0,0,0.0,0,0,0,0,0,0,0,0,0,0,0,48.0,48.0,10,1,0,11,19,314.4166666666667,27.0,21.0,28.0,25.33333333333333,10,Business / office (weekday commute),0
TEST-01877,Sarbet,2025-11-11 10:00:00,16.4,0.0,72.0,12.1,1,0,0,0.0,0,0,0,0,0,0,0,0,0,0,0,48.0,48.0,10,1,0,11,19,314.4166666666667,27.0,18.0,21.0,22.0,11,"Residential (evening peak, weekend >= weekday)",4
TEST-02217,Arat Kilo,2025-11-11 11:00:00,17.4,0.0,66.0,11.7,1,0,0,0.0,0,0,0,0,0,0,0,0,0,0,0,48.0,48.0,11,1,0,11,19,314.4583333333333,22.0,17.0,16.0,18.33333333333333,0,Business / office (weekday commute),0
TEST-00655,Ayat,2025-11-11 11:00:00,17.4,0.0,66.0,11.7,1,0,0,0.0,0,0,0,0,0,0,0,0,0,0,0,48.0,48.0,11,1,0,11,19,314.4583333333333,19.0,19.0,15.0,17.666666666666668,1,"Residential (evening peak, weekend >= weekday)",4
TEST-03467,Bole,2025-11-11 11:00:00,17.4,0.0,66.0,11.7,1,0,0,0.0,0,0,0,0,0,0,0,0,0,0,0,48.0,48.0,11,1,0,11,19,314.4583333333333,29.0,50.0,,39.5,2,"Leisure / nightlife (late, weekend-heavy)",1
TEST-03303,CMC,2025-11-11 11:00:00,17.4,0.0,66.0,11.7,1,0,0,0.0,0,0,0,0,0,0,0,0,0,0,0,48.0,48.0,11,1,0,11,19,314.4583333333333,28.0,25.0,22.0,25.0,3,"Residential (evening peak, weekend >= weekday)",4
TEST-01704,Gerji,2025-11-11 11:00:00,17.4,0.0,66.0,11.7,1,0,0,0.0,0,0,0,0,0,0,0,0,0,0,0,48.0,48.0,11,1,0,11,19,314.4583333333333,29.0,14.0,22.0,21.666666666666668,4,"Residential (evening peak, weekend >= weekday)",4
TEST-00824,Kazanchis,2025-11-11 11:00:00,17.4,0.0,66.0,11.7,1,0,0,0.0,0,0,0,0,0,0,0,0,0,0,0,48.0,14.0,11,1,0,11,19,314.4583333333333,16.0,,29.0,22.5,5,Business / office (weekday commute),0
TEST-01306,Kolfe,2025-11-11 11:00:00,17.4,0.0,66.0,11.7,1,0,0,0.0,0,0,0,0,0,0,0,0,0,0,0,48.0,48.0,11,1,0,11,19,314.4583333333333,28.0,11.0,20.0,19.666666666666668,6,"Residential (evening peak, weekend >= weekday)",4
TEST-02318,Lideta,2025-11-11 11:00:00,17.4,0.0,66.0,11.7,1,0,0,0.0,0,0,0,0,0,0,0,0,0,0,0,48.0,48.0,11,1,0,11,19,314.4583333333333,43.0,41.0,29.0,37.66666666666666,7,Mixed hub (commute + busy midday),3
TEST-03199,Megenagna,2025-11-11 11:00:00,17.4,0.0,66.0,11.7,1,0,0,0.0,0,0,0,0,0,0,0,0,0,0,0,48.0,13.0,11,1,0,11,19,314.4583333333333,55.0,50.0,43.0,49.333333333333336,8,Mixed hub (commute + busy midday),3
TEST-01936,Merkato,2025-11-11 11:00:00,17.4,0.0,66.0,11.7,1,0,0,0.0,0,0,0,0,0,0,0,0,0,0,0,48.0,48.0,11,1,0,11,19,314.4583333333333,120.0,90.0,101.0,103.66666666666669,9,Market (midday peak),2
TEST-02480,Piassa,2025-11-11 11:00:00,17.4,0.0,66.0,11.7,1,0,0,0.0,0,0,0,0,0,0,0,0,0,0,0,48.0,48.0,11,1,0,11,19,314.4583333333333,16.0,28.0,21.0,21.666666666666668,10,Business / office (weekday commute),0
TEST-03321,Sarbet,2025-11-11 11:00:00,17.4,0.0,66.0,11.7,1,0,0,0.0,0,0,0,0,0,0,0,0,0,0,0,48.0,48.0,11,1,0,11,19,314.4583333333333,21.0,26.0,21.0,22.666666666666668,11,"Residential (evening peak, weekend >= weekday)",4
TEST-03619,Arat Kilo,2025-11-11 12:00:00,20.1,0.0,71.0,15.1,1,0,0,0.0,0,0,0,0,0,0,0,0,0,0,0,48.0,48.0,12,1,0,11,19,314.5,29.0,38.0,26.0,31.0,0,Business / office (weekday commute),0
TEST-03852,Ayat,2025-11-11 12:00:00,20.1,0.0,71.0,15.1,1,0,0,0.0,0,0,0,0,0,0,0,0,0,0,0,48.0,48.0,12,1,0,11,19,314.5,17.0,25.0,13.0,18.33333333333333,1,"Residential (evening peak, weekend >= weekday)",4
TEST-02123,Bole,2025-11-11 12:00:00,20.1,0.0,71.0,15.1,1,0,0,0.0,0,0,0,0,0,0,0,0,0,0,0,48.0,48.0,12,1,0,11,19,314.5,49.0,52.0,44.0,48.333333333333336,2,"Leisure / nightlife (late, weekend-heavy)",1
TEST-00577,CMC,2025-11-11 12:00:00,20.1,0.0,71.0,15.1,1,0,0,0.0,0,0,0,0,0,0,0,0,0,0,0,48.0,48.0,12,1,0,11,19,314.5,35.0,23.0,28.0,28.666666666666668,3,"Residential (evening peak, weekend >= weekday)",4
TEST-02979,Gerji,2025-11-11 12:00:00,20.1,0.0,71.0,15.1,1,0,0,0.0,0,0,0,0,0,0,0,0,0,0,0,48.0,48.0,12,1,0,11,19,314.5,36.0,33.0,26.0,31.666666666666668,4,"Residential (evening peak, weekend >= weekday)",4
TEST-01369,Kazanchis,2025-11-11 12:00:00,20.1,0.0,71.0,15.1,1,0,0,0.0,0,0,0,0,0,0,0,0,0,0,0,48.0,15.0,12,1,0,11,19,314.5,46.0,50.0,46.0,47.333333333333336,5,Business / office (weekday commute),0
TEST-03873,Kolfe,2025-11-11 12:00:00,20.1,0.0,71.0,15.1,1,0,0,0.0,0,0,0,0,0,0,0,0,0,0,0,48.0,48.0,12,1,0,11,19,314.5,19.0,30.0,17.0,22.0,6,"Residential (evening peak, weekend >= weekday)",4
TEST-01325,Lideta,2025-11-11 12:00:00,20.1,0.0,71.0,15.1,1,0,0,0.0,0,0,0,0,0,0,0,0,0,0,0,48.0,48.0,12,1,0,11,19,314.5,45.0,31.0,39.0,38.333333333333336,7,Mixed hub (commute + busy midday),3
TEST-03181,Megenagna,2025-11-11 12:00:00,20.1,0.0,71.0,15.1,1,0,0,0.0,0,0,0,0,0,0,0,0,0,0,0,48.0,14.0,12,1,0,11,19,314.5,60.0,59.0,50.0,56.333333333333336,8,Mixed hub (commute + busy midday),3
TEST-00580,Merkato,2025-11-11 12:00:00,20.1,0.0,71.0,15.1,1,0,0,0.0,0,0,0,0,0,0,0,0,0,0,0,48.0,48.0,12,1,0,11,19,314.5,102.0,96.0,100.0,99.33333333333331,9,Market (midday peak),2
TEST-02709,Piassa,2025-11-11 12:00:00,20.1,0.0,71.0,15.1,1,0,0,0.0,0,0,0,0,0,0,0,0,0,0,0,48.0,48.0,12,1,0,11,19,314.5,44.0,45.0,42.0,43.66666666666666,10,Business / office (weekday commute),0
TEST-02567,Sarbet,2025-11-11 12:00:00,20.1,0.0,71.0,15.1,1,0,0,0.0,0,0,0,0,0,0,0,0,0,0,0,48.0,48.0,12,1,0,11,19,314.5,22.0,19.0,18.0,19.666666666666668,11,"Residential (evening peak, weekend >= weekday)",4
TEST-00234,Arat Kilo,2025-11-11 13:00:00,19.8,0.0,77.0,9.4,1,0,0,0.0,0,0,0,0,0,0,0,0,0,0,0,48.0,48.0,13,1,0,11,19,314.5416666666667,37.0,39.0,44.0,40.0,0,Business / office (weekday commute),0
TEST-03333,Ayat,2025-11-11 13:00:00,19.8,0.0,77.0,9.4,1,0,0,0.0,0,0,0,0,0,0,0,0,0,0,0,48.0,48.0,13,1,0,11,19,314.5416666666667,23.0,18.0,21.0,20.666666666666668,1,"Residential (evening peak, weekend >= weekday)",4
TEST-03600,Bole,2025-11-11 13:00:00,19.8,0.0,77.0,9.4,1,0,0,0.0,0,0,0,0,0,0,0,0,0,0,0,48.0,48.0,13,1,0,11,19,314.5416666666667,52.0,51.0,50.0,51.0,2,"Leisure / nightlife (late, weekend-heavy)",1
TEST-02901,CMC,2025-11-11 13:00:00,19.8,0.0,77.0,9.4,1,0,0,0.0,0,0,0,0,0,0,0,0,0,0,0,48.0,48.0,13,1,0,11,19,314.5416666666667,29.0,26.0,32.0,29.0,3,"Residential (evening peak, weekend >= weekday)",4
TEST-02757,Gerji,2025-11-11 13:00:00,19.8,0.0,77.0,9.4,1,0,0,0.0,0,0,0,0,0,0,0,0,0,0,0,48.0,48.0,13,1,0,11,19,314.5416666666667,35.0,18.0,28.0,27.0,4,"Residential (evening peak, weekend >= weekday)",4
TEST-00885,Kazanchis,2025-11-11 13:00:00,19.8,0.0,77.0,9.4,1,0,0,0.0,0,0,0,0,0,0,0,0,0,0,0,48.0,16.0,13,1,0,11,19,314.5416666666667,70.0,77.0,80.0,75.66666666666667,5,Business / office (weekday commute),0
TEST-01945,Kolfe,2025-11-11 13:00:00,19.8,0.0,77.0,9.4,1,0,0,0.0,0,0,0,0,0,0,0,0,0,0,0,48.0,48.0,13,1,0,11,19,314.5416666666667,21.0,17.0,21.0,19.666666666666668,6,"Residential (evening peak, weekend >= weekday)",4
TEST-03475,Lideta,2025-11-11 13:00:00,19.8,0.0,77.0,9.4,1,0,0,0.0,0,0,0,0,0,0,0,0,0,0,0,48.0,48.0,13,1,0,11,19,314.5416666666667,50.0,42.0,25.0,39.0,7,Mixed hub (commute + busy midday),3
TEST-01883,Megenagna,2025-11-11 13:00:00,19.8,0.0,77.0,9.4,1,0,0,0.0,0,0,0,0,0,0,0,0,0,0,0,48.0,15.0,13,1,0,11,19,314.5416666666667,44.0,37.0,,40.5,8,Mixed hub (commute + busy midday),3
TEST-01460,Merkato,2025-11-11 13:00:00,19.8,0.0,77.0,9.4,1,0,0,0.0,0,0,0,0,0,0,0,0,0,0,0,48.0,48.0,13,1,0,11,19,314.5416666666667,100.0,111.0,103.0,104.66666666666669,9,Market (midday peak),2
TEST-02904,Piassa,2025-11-11 13:00:00,19.8,0.0,77.0,9.4,1,0,0,0.0,0,0,0,0,0,0,0,0,0,0,0,48.0,48.0,13,1,0,11,19,314.5416666666667,73.0,66.0,52.0,63.66666666666666,10,Business / office (weekday commute),0
TEST-03451,Sarbet,2025-11-11 13:00:00,19.8,0.0,77.0,9.4,1,0,0,0.0,0,0,0,0,0,0,0,0,0,0,0,48.0,48.0,13,1,0,11,19,314.5416666666667,25.0,10.0,,17.5,11,"Residential (evening peak, weekend >= weekday)",4
TEST-03210,Arat Kilo,2025-11-11 14:00:00,19.6,0.0,60.0,10.7,1,0,0,0.0,0,0,0,0,0,0,0,0,0,0,0,48.0,48.0,14,1,0,11,19,314.5833333333333,46.0,34.0,44.0,41.333333333333336,0,Business / office (weekday commute),0
TEST-01776,Ayat,2025-11-11 14:00:00,19.6,0.0,60.0,10.7,1,0,0,0.0,0,0,0,0,0,0,0,0,0,0,0,48.0,48.0,14,1,0,11,19,314.5833333333333,19.0,16.0,11.0,15.333333333333334,1,"Residential (evening peak, weekend >= weekday)",4
TEST-01212,Bole,2025-11-11 14:00:00,19.6,0.0,60.0,10.7,1,0,0,0.0,0,0,0,0,0,0,0,0,0,0,0,48.0,48.0,14,1,0,11,19,314.5833333333333,72.0,57.0,45.0,58.0,2,"Leisure / nightlife (late, weekend-heavy)",1
TEST-02117,CMC,2025-11-11 14:00:00,19.6,0.0,60.0,10.7,1,0,0,0.0,0,0,0,0,0,0,0,0,0,0,0,48.0,48.0,14,1,0,11,19,314.5833333333333,39.0,19.0,16.0,24.666666666666668,3,"Residential (evening peak, weekend >= weekday)",4
TEST-03928,Gerji,2025-11-11 14:00:00,19.6,0.0,60.0,10.7,1,0,0,0.0,0,0,0,0,0,0,0,0,0,0,0,48.0,48.0,14,1,0,11,19,314.5833333333333,42.0,18.0,17.0,25.666666666666668,4,"Residential (evening peak, weekend >= weekday)",4
TEST-02597,Kazanchis,2025-11-11 14:00:00,19.6,0.0,60.0,10.7,1,0,0,0.0,0,0,0,0,0,0,0,0,0,0,0,48.0,17.0,14,1,0,11,19,314.5833333333333,99.0,49.0,77.0,75.0,5,Business / office (weekday commute),0
TEST-01589,Kolfe,2025-11-11 14:00:00,19.6,0.0,60.0,10.7,1,0,0,0.0,0,0,0,0,0,0,0,0,0,0,0,48.0,48.0,14,1,0,11,19,314.5833333333333,31.0,27.0,13.0,23.666666666666668,6,"Residential (evening peak, weekend >= weekday)",4
TEST-01864,Lideta,2025-11-11 14:00:00,19.6,0.0,60.0,10.7,1,0,0,0.0,0,0,0,0,0,0,0,0,0,0,0,48.0,48.0,14,1,0,11,19,314.5833333333333,77.0,39.0,31.0,49.0,7,Mixed hub (commute + busy midday),3
TEST-01447,Megenagna,2025-11-11 14:00:00,19.6,0.0,60.0,10.7,1,0,0,0.0,0,0,0,0,0,0,0,0,0,0,0,48.0,16.0,14,1,0,11,19,314.5833333333333,66.0,51.0,52.0,56.333333333333336,8,Mixed hub (commute + busy midday),3
TEST-02224,Merkato,2025-11-11 14:00:00,19.6,0.0,60.0,10.7,1,0,0,0.0,0,0,0,0,0,0,0,0,0,0,0,48.0,48.0,14,1,0,11,19,314.5833333333333,67.0,86.0,99.0,84.0,9,Market (midday peak),2
TEST-00785,Piassa,2025-11-11 14:00:00,19.6,0.0,60.0,10.7,1,0,0,0.0,0,0,0,0,0,0,0,0,0,0,0,48.0,48.0,14,1,0,11,19,314.5833333333333,66.0,44.0,48.0,52.66666666666666,10,Business / office (weekday commute),0
TEST-00908,Sarbet,2025-11-11 14:00:00,19.6,0.0,60.0,10.7,1,0,0,0.0,0,0,0,0,0,0,0,0,0,0,0,48.0,48.0,14,1,0,11,19,314.5833333333333,33.0,15.0,20.0,22.666666666666668,11,"Residential (evening peak, weekend >= weekday)",4
TEST-00488,Arat Kilo,2025-11-11 15:00:00,22.6,0.0,58.0,12.4,1,0,0,0.0,0,0,0,0,0,0,0,0,0,0,0,48.0,48.0,15,1,0,11,19,314.625,31.0,23.0,34.0,29.33333333333333,0,Business / office (weekday commute),0
TEST-02781,Ayat,2025-11-11 15:00:00,22.6,0.0,58.0,12.4,1,0,0,0.0,0,0,0,0,0,0,0,0,0,0,0,48.0,48.0,15,1,0,11,19,314.625,9.0,15.0,11.0,11.666666666666666,1,"Residential (evening peak, weekend >= weekday)",4
TEST-02890,Bole,2025-11-11 15:00:00,22.6,0.0,58.0,12.4,1,0,0,0.0,0,0,0,0,0,0,0,0,0,0,0,48.0,48.0,15,1,0,11,19,314.625,33.0,38.0,36.0,35.666666666666664,2,"Leisure / nightlife (late, weekend-heavy)",1
TEST-01960,CMC,2025-11-11 15:00:00,22.6,0.0,58.0,12.4,1,0,0,0.0,0,0,0,0,0,0,0,0,0,0,0,48.0,48.0,15,1,0,11,19,314.625,17.0,15.0,24.0,18.666666666666668,3,"Residential (evening peak, weekend >= weekday)",4
TEST-03947,Gerji,2025-11-11 15:00:00,22.6,0.0,58.0,12.4,1,0,0,0.0,0,0,0,0,0,0,0,0,0,0,0,48.0,48.0,15,1,0,11,19,314.625,31.0,26.0,23.0,26.666666666666668,4,"Residential (evening peak, weekend >= weekday)",4
TEST-02234,Kazanchis,2025-11-11 15:00:00,22.6,0.0,58.0,12.4,1,0,0,0.0,0,0,0,0,0,0,0,0,0,0,0,48.0,18.0,15,1,0,11,19,314.625,51.0,51.0,29.0,43.66666666666666,5,Business / office (weekday commute),0
TEST-03208,Kolfe,2025-11-11 15:00:00,22.6,0.0,58.0,12.4,1,0,0,0.0,0,0,0,0,0,0,0,0,0,0,0,48.0,48.0,15,1,0,11,19,314.625,23.0,16.0,18.0,19.0,6,"Residential (evening peak, weekend >= weekday)",4
TEST-02984,Lideta,2025-11-11 15:00:00,22.6,0.0,58.0,12.4,1,0,0,0.0,0,0,0,0,0,0,0,0,0,0,0,48.0,48.0,15,1,0,11,19,314.625,47.0,25.0,53.0,41.66666666666666,7,Mixed hub (commute + busy midday),3
TEST-02847,Megenagna,2025-11-11 15:00:00,22.6,0.0,58.0,12.4,1,0,0,0.0,0,0,0,0,0,0,0,0,0,0,0,48.0,17.0,15,1,0,11,19,314.625,57.0,34.0,56.0,49.0,8,Mixed hub (commute + busy midday),3
TEST-00120,Merkato,2025-11-11 15:00:00,22.6,0.0,58.0,12.4,1,0,0,0.0,0,0,0,0,0,0,0,0,0,0,0,48.0,48.0,15,1,0,11,19,314.625,119.0,117.0,77.0,104.33333333333331,9,Market (midday peak),2
TEST-03772,Piassa,2025-11-11 15:00:00,22.6,0.0,58.0,12.4,1,0,0,0.0,0,0,0,0,0,0,0,0,0,0,0,48.0,48.0,15,1,0,11,19,314.625,37.0,59.0,31.0,42.333333333333336,10,Business / office (weekday commute),0
TEST-02591,Sarbet,2025-11-11 15:00:00,22.6,0.0,58.0,12.4,1,0,0,0.0,0,0,0,0,0,0,0,0,0,0,0,48.0,48.0,15,1,0,11,19,314.625,20.0,24.0,25.0,23.0,11,"Residential (evening peak, weekend >= weekday)",4
TEST-03777,Arat Kilo,2025-11-11 16:00:00,20.6,0.0,65.0,8.9,1,0,0,0.0,0,0,0,0,0,0,0,0,0,0,0,48.0,48.0,16,1,0,11,19,314.6666666666667,46.0,36.0,43.0,41.66666666666666,0,Business / office (weekday commute),0
TEST-01884,Ayat,2025-11-11 16:00:00,20.6,0.0,65.0,8.9,1,0,0,0.0,0,0,0,0,0,0,0,0,0,0,0,48.0,48.0,16,1,0,11,19,314.6666666666667,27.0,21.0,12.0,20.0,1,"Residential (evening peak, weekend >= weekday)",4
TEST-02507,Bole,2025-11-11 16:00:00,20.6,0.0,65.0,8.9,1,0,0,0.0,0,0,0,0,0,0,0,0,0,0,0,48.0,48.0,16,1,0,11,19,314.6666666666667,,32.0,29.0,30.5,2,"Leisure / nightlife (late, weekend-heavy)",1
TEST-02164,CMC,2025-11-11 16:00:00,20.6,0.0,65.0,8.9,1,0,0,0.0,0,0,0,0,0,0,0,0,0,0,0,48.0,48.0,16,1,0,11,19,314.6666666666667,37.0,22.0,27.0,28.666666666666668,3,"Residential (evening peak, weekend >= weekday)",4
TEST-02421,Gerji,2025-11-11 16:00:00,20.6,0.0,65.0,8.9,1,0,0,0.0,0,0,0,0,0,0,0,0,0,0,0,48.0,48.0,16,1,0,11,19,314.6666666666667,23.0,35.0,23.0,27.0,4,"Residential (evening peak, weekend >= weekday)",4
TEST-01107,Kazanchis,2025-11-11 16:00:00,20.6,0.0,65.0,8.9,1,0,0,0.0,0,0,0,0,0,0,0,0,0,0,0,48.0,19.0,16,1,0,11,19,314.6666666666667,70.0,52.0,74.0,65.33333333333333,5,Business / office (weekday commute),0
TEST-01994,Kolfe,2025-11-11 16:00:00,20.6,0.0,65.0,8.9,1,0,0,0.0,0,0,0,0,0,0,0,0,0,0,0,48.0,48.0,16,1,0,11,19,314.6666666666667,34.0,32.0,28.0,31.33333333333333,6,"Residential (evening peak, weekend >= weekday)",4
TEST-03989,Lideta,2025-11-11 16:00:00,20.6,0.0,65.0,8.9,1,0,0,0.0,0,0,0,0,0,0,0,0,0,0,0,48.0,48.0,16,1,0,11,19,314.6666666666667,53.0,,59.0,56.0,7,Mixed hub (commute + busy midday),3
TEST-01826,Megenagna,2025-11-11 16:00:00,20.6,0.0,65.0,8.9,1,0,0,0.0,0,0,0,0,0,0,0,0,0,0,0,48.0,18.0,16,1,0,11,19,314.6666666666667,91.0,75.0,68.0,78.0,8,Mixed hub (commute + busy midday),3
TEST-02404,Merkato,2025-11-11 16:00:00,20.6,0.0,65.0,8.9,1,0,0,0.0,0,0,0,0,0,0,0,0,0,0,0,48.0,48.0,16,1,0,11,19,314.6666666666667,80.0,97.0,86.0,87.66666666666667,9,Market (midday peak),2
TEST-00425,Piassa,2025-11-11 16:00:00,20.6,0.0,65.0,8.9,1,0,0,0.0,0,0,0,0,0,0,0,0,0,0,0,48.0,48.0,16,1,0,11,19,314.6666666666667,65.0,41.0,59.0,55.0,10,Business / office (weekday commute),0
TEST-02133,Sarbet,2025-11-11 16:00:00,20.6,0.0,65.0,8.9,1,0,0,0.0,0,0,0,0,0,0,0,0,0,0,0,48.0,48.0,16,1,0,11,19,314.6666666666667,27.0,20.0,20.0,22.33333333333333,11,"Residential (evening peak, weekend >= weekday)",4
TEST-02406,Arat Kilo,2025-11-11 17:00:00,20.4,0.0,62.0,8.3,1,0,0,0.0,0,0,0,0,0,0,0,0,0,0,0,48.0,48.0,17,1,0,11,19,314.7083333333333,86.0,62.0,54.0,67.33333333333333,0,Business / office (weekday commute),0
TEST-02147,Ayat,2025-11-11 17:00:00,20.4,0.0,62.0,8.3,1,0,0,0.0,0,0,0,0,0,0,0,0,0,0,0,48.0,48.0,17,1,0,11,19,314.7083333333333,18.0,16.0,28.0,20.666666666666668,1,"Residential (evening peak, weekend >= weekday)",4
TEST-03671,Bole,2025-11-11 17:00:00,20.4,0.0,62.0,8.3,1,0,0,0.0,0,0,0,0,0,0,0,0,0,0,0,48.0,48.0,17,1,0,11,19,314.7083333333333,47.0,40.0,44.0,43.66666666666666,2,"Leisure / nightlife (late, weekend-heavy)",1
TEST-01569,CMC,2025-11-11 17:00:00,20.4,0.0,62.0,8.3,1,0,0,0.0,0,0,0,0,0,0,0,0,0,0,0,48.0,48.0,17,1,0,11,19,314.7083333333333,49.0,27.0,28.0,34.666666666666664,3,"Residential (evening peak, weekend >= weekday)",4
TEST-02729,Gerji,2025-11-11 17:00:00,20.4,0.0,62.0,8.3,1,0,0,0.0,0,0,0,0,0,0,0,0,0,0,0,48.0,48.0,17,1,0,11,19,314.7083333333333,44.0,30.0,41.0,38.333333333333336,4,"Residential (evening peak, weekend >= weekday)",4
TEST-02828,Kazanchis,2025-11-11 17:00:00,20.4,0.0,62.0,8.3,1,0,0,0.0,0,0,0,0,0,0,0,0,0,0,0,48.0,20.0,17,1,0,11,19,314.7083333333333,92.0,105.0,188.0,128.33333333333334,5,Business / office (weekday commute),0
TEST-03713,Kolfe,2025-11-11 17:00:00,20.4,0.0,62.0,8.3,1,0,0,0.0,0,0,0,0,0,0,0,0,0,0,0,48.0,48.0,17,1,0,11,19,314.7083333333333,49.0,32.0,33.0,38.0,6,"Residential (evening peak, weekend >= weekday)",4
TEST-01743,Lideta,2025-11-11 17:00:00,20.4,0.0,62.0,8.3,1,0,0,0.0,0,0,0,0,0,0,0,0,0,0,0,48.0,48.0,17,1,0,11,19,314.7083333333333,75.0,69.0,53.0,65.66666666666667,7,Mixed hub (commute + busy midday),3
TEST-01310,Megenagna,2025-11-11 17:00:00,20.4,0.0,62.0,8.3,1,0,0,0.0,0,0,0,0,0,0,0,0,0,0,0,48.0,19.0,17,1,0,11,19,314.7083333333333,,93.0,118.0,105.5,8,Mixed hub (commute + busy midday),3
TEST-03981,Merkato,2025-11-11 17:00:00,20.4,0.0,62.0,8.3,1,0,0,0.0,0,0,0,0,0,0,0,0,0,0,0,48.0,48.0,17,1,0,11,19,314.7083333333333,59.0,79.0,73.0,70.33333333333333,9,Market (midday peak),2
TEST-03610,Piassa,2025-11-11 17:00:00,20.4,0.0,62.0,8.3,1,0,0,0.0,0,0,0,0,0,0,0,0,0,0,0,48.0,48.0,17,1,0,11,19,314.7083333333333,96.0,76.0,91.0,87.66666666666667,10,Business / office (weekday commute),0
TEST-03232,Sarbet,2025-11-11 17:00:00,20.4,0.0,62.0,8.3,1,0,0,0.0,0,0,0,0,0,0,0,0,0,0,0,48.0,48.0,17,1,0,11,19,314.7083333333333,21.0,33.0,35.0,29.666666666666668,11,"Residential (evening peak, weekend >= weekday)",4
TEST-02388,Arat Kilo,2025-11-11 18:00:00,17.1,0.0,59.0,11.2,1,0,0,0.0,0,0,0,0,0,0,0,0,0,0,0,48.0,48.0,18,1,0,11,19,314.75,108.0,77.0,57.0,80.66666666666667,0,Business / office (weekday commute),0
TEST-03298,Ayat,2025-11-11 18:00:00,17.1,0.0,59.0,11.2,1,0,0,0.0,0,0,0,0,0,0,0,0,0,0,0,48.0,48.0,18,1,0,11,19,314.75,59.0,37.0,25.0,40.333333333333336,1,"Residential (evening peak, weekend >= weekday)",4
TEST-00307,Bole,2025-11-11 18:00:00,17.1,0.0,59.0,11.2,1,0,0,0.0,0,0,0,0,0,0,0,0,0,0,0,48.0,48.0,18,1,0,11,19,314.75,77.0,39.0,36.0,50.66666666666666,2,"Leisure / nightlife (late, weekend-heavy)",1
TEST-00659,CMC,2025-11-11 18:00:00,17.1,0.0,59.0,11.2,1,0,0,0.0,0,0,0,0,0,0,0,0,0,0,0,48.0,48.0,18,1,0,11,19,314.75,93.0,50.0,52.0,65.0,3,"Residential (evening peak, weekend >= weekday)",4
TEST-00359,Gerji,2025-11-11 18:00:00,17.1,0.0,59.0,11.2,1,0,0,0.0,0,0,0,0,0,0,0,0,0,0,0,48.0,48.0,18,1,0,11,19,314.75,74.0,40.0,46.0,53.333333333333336,4,"Residential (evening peak, weekend >= weekday)",4
TEST-01915,Kazanchis,2025-11-11 18:00:00,17.1,0.0,59.0,11.2,1,0,0,0.0,0,0,0,0,0,0,0,0,0,0,0,48.0,21.0,18,1,0,11,19,314.75,176.0,124.0,154.0,151.33333333333334,5,Business / office (weekday commute),0
TEST-00687,Kolfe,2025-11-11 18:00:00,17.1,0.0,59.0,11.2,1,0,0,0.0,0,0,0,0,0,0,0,0,0,0,0,48.0,48.0,18,1,0,11,19,314.75,64.0,43.0,59.0,55.333333333333336,6,"Residential (evening peak, weekend >= weekday)",4
TEST-02754,Lideta,2025-11-11 18:00:00,17.1,0.0,59.0,11.2,1,0,0,0.0,0,0,0,0,0,0,0,0,0,0,0,48.0,48.0,18,1,0,11,19,314.75,114.0,42.0,79.0,78.33333333333333,7,Mixed hub (commute + busy midday),3
TEST-00808,Megenagna,2025-11-11 18:00:00,17.1,0.0,59.0,11.2,1,0,0,0.0,0,0,0,0,0,0,0,0,0,0,0,48.0,20.0,18,1,0,11,19,314.75,174.0,94.0,98.0,122.0,8,Mixed hub (commute + busy midday),3
TEST-00998,Merkato,2025-11-11 18:00:00,17.1,0.0,59.0,11.2,1,0,0,0.0,0,0,0,0,0,0,0,0,0,0,0,48.0,48.0,18,1,0,11,19,314.75,16.0,46.0,52.0,38.0,9,Market (midday peak),2
TEST-03209,Piassa,2025-11-11 18:00:00,17.1,0.0,59.0,11.2,1,0,0,0.0,0,0,0,0,0,0,0,0,0,0,0,48.0,48.0,18,1,0,11,19,314.75,133.0,87.0,103.0,107.66666666666669,10,Business / office (weekday commute),0
TEST-03815,Sarbet,2025-11-11 18:00:00,17.1,0.0,59.0,11.2,1,0,0,0.0,0,0,0,0,0,0,0,0,0,0,0,48.0,48.0,18,1,0,11,19,314.75,57.0,29.0,44.0,43.333333333333336,11,"Residential (evening peak, weekend >= weekday)",4
TEST-02378,Arat Kilo,2025-11-11 19:00:00,17.2,0.2,67.0,9.7,1,0,0,0.1999999999999982,1,0,0,0,0,0,0,0,0,0,0,48.0,48.0,19,1,0,11,19,314.7916666666667,71.0,75.0,57.0,67.66666666666667,0,Business / office (weekday commute),0
TEST-01614,Ayat,2025-11-11 19:00:00,17.2,0.2,67.0,9.7,1,0,0,0.1999999999999982,1,0,0,0,0,0,0,0,0,0,0,48.0,48.0,19,1,0,11,19,314.7916666666667,40.0,44.0,33.0,39.0,1,"Residential (evening peak, weekend >= weekday)",4
TEST-00389,Bole,2025-11-11 19:00:00,17.2,0.2,67.0,9.7,1,0,0,0.1999999999999982,1,0,0,0,0,0,0,0,0,0,0,48.0,48.0,19,1,0,11,19,314.7916666666667,83.0,59.0,44.0,62.0,2,"Leisure / nightlife (late, weekend-heavy)",1
TEST-02136,CMC,2025-11-11 19:00:00,17.2,0.2,67.0,9.7,1,0,0,0.1999999999999982,1,0,0,0,0,0,0,0,0,0,0,48.0,48.0,19,1,0,11,19,314.7916666666667,65.0,69.0,44.0,59.333333333333336,3,"Residential (evening peak, weekend >= weekday)",4
TEST-03183,Gerji,2025-11-11 19:00:00,17.2,0.2,67.0,9.7,1,0,0,0.1999999999999982,1,0,0,0,0,0,0,0,0,0,0,48.0,48.0,19,1,0,11,19,314.7916666666667,59.0,39.0,49.0,49.0,4,"Residential (evening peak, weekend >= weekday)",4
TEST-00986,Kazanchis,2025-11-11 19:00:00,17.2,0.2,67.0,9.7,1,0,0,0.1999999999999982,1,0,0,0,0,0,0,0,0,0,0,48.0,22.0,19,1,0,11,19,314.7916666666667,74.0,84.0,121.0,93.0,5,Business / office (weekday commute),0
TEST-03679,Kolfe,2025-11-11 19:00:00,17.2,0.2,67.0,9.7,1,0,0,0.1999999999999982,1,0,0,0,0,0,0,0,0,0,0,48.0,48.0,19,1,0,11,19,314.7916666666667,48.0,57.0,53.0,52.66666666666666,6,"Residential (evening peak, weekend >= weekday)",4
TEST-03480,Lideta,2025-11-11 19:00:00,17.2,0.2,67.0,9.7,1,0,0,0.1999999999999982,1,0,0,0,0,0,0,0,0,0,0,48.0,48.0,19,1,0,11,19,314.7916666666667,67.0,,73.0,70.0,7,Mixed hub (commute + busy midday),3
TEST-01373,Megenagna,2025-11-11 19:00:00,17.2,0.2,67.0,9.7,1,0,0,0.1999999999999982,1,0,0,0,0,0,0,0,0,0,0,48.0,21.0,19,1,0,11,19,314.7916666666667,87.0,66.0,62.0,71.66666666666667,8,Mixed hub (commute + busy midday),3
TEST-02589,Merkato,2025-11-11 19:00:00,17.2,0.2,67.0,9.7,1,0,0,0.1999999999999982,1,0,0,0,0,0,0,0,0,0,0,48.0,48.0,19,1,0,11,19,314.7916666666667,26.0,24.0,20.0,23.33333333333333,9,Market (midday peak),2
TEST-00953,Piassa,2025-11-11 19:00:00,17.2,0.2,67.0,9.7,1,0,0,0.1999999999999982,1,0,0,0,0,0,0,0,0,0,0,48.0,48.0,19,1,0,11,19,314.7916666666667,106.0,76.0,82.0,88.0,10,Business / office (weekday commute),0
TEST-00616,Sarbet,2025-11-11 19:00:00,17.2,0.2,67.0,9.7,1,0,0,0.1999999999999982,1,0,0,0,0,0,0,0,0,0,0,48.0,48.0,19,1,0,11,19,314.7916666666667,45.0,34.0,42.0,40.333333333333336,11,"Residential (evening peak, weekend >= weekday)",4
TEST-01175,Arat Kilo,2025-11-11 20:00:00,17.3,0.0,82.0,7.2,1,0,0,0.1999999999999982,0,0,0,0,0,0,0,0,0,0,0,48.0,48.0,20,1,0,11,19,314.8333333333333,39.0,44.0,26.0,36.333333333333336,0,Business / office (weekday commute),0
TEST-00281,Ayat,2025-11-11 20:00:00,17.3,0.0,82.0,7.2,1,0,0,0.1999999999999982,0,0,0,0,0,0,0,0,0,0,0,48.0,48.0,20,1,0,11,19,314.8333333333333,36.0,25.0,33.0,31.33333333333333,1,"Residential (evening peak, weekend >= weekday)",4
TEST-03059,Bole,2025-11-11 20:00:00,17.3,0.0,82.0,7.2,1,0,0,0.1999999999999982,0,0,0,0,0,0,0,0,0,0,0,48.0,48.0,20,1,0,11,19,314.8333333333333,50.0,59.0,37.0,48.66666666666666,2,"Leisure / nightlife (late, weekend-heavy)",1
TEST-02634,CMC,2025-11-11 20:00:00,17.3,0.0,82.0,7.2,1,0,0,0.1999999999999982,0,0,0,0,0,0,0,0,0,0,0,48.0,48.0,20,1,0,11,19,314.8333333333333,42.0,42.0,49.0,44.333333333333336,3,"Residential (evening peak, weekend >= weekday)",4
TEST-02817,Gerji,2025-11-11 20:00:00,17.3,0.0,82.0,7.2,1,0,0,0.1999999999999982,0,0,0,0,0,0,0,0,0,0,0,48.0,48.0,20,1,0,11,19,314.8333333333333,63.0,55.0,38.0,52.0,4,"Residential (evening peak, weekend >= weekday)",4
TEST-01151,Kazanchis,2025-11-11 20:00:00,17.3,0.0,82.0,7.2,1,0,0,0.1999999999999982,0,0,0,0,0,0,0,0,0,0,0,48.0,23.0,20,1,0,11,19,314.8333333333333,63.0,64.0,74.0,67.0,5,Business / office (weekday commute),0
TEST-03449,Kolfe,2025-11-11 20:00:00,17.3,0.0,82.0,7.2,1,0,0,0.1999999999999982,0,0,0,0,0,0,0,0,0,0,0,48.0,48.0,20,1,0,11,19,314.8333333333333,49.0,50.0,46.0,48.333333333333336,6,"Residential (evening peak, weekend >= weekday)",4
TEST-02137,Lideta,2025-11-11 20:00:00,17.3,0.0,82.0,7.2,1,0,0,0.1999999999999982,0,0,0,0,0,0,0,0,0,0,0,48.0,48.0,20,1,0,11,19,314.8333333333333,54.0,36.0,29.0,39.66666666666666,7,Mixed hub (commute + busy midday),3
TEST-00608,Megenagna,2025-11-11 20:00:00,17.3,0.0,82.0,7.2,1,0,0,0.1999999999999982,0,0,0,0,0,0,0,0,0,0,0,48.0,22.0,20,1,0,11,19,314.8333333333333,54.0,56.0,55.0,55.0,8,Mixed hub (commute + busy midday),3
TEST-01744,Merkato,2025-11-11 20:00:00,17.3,0.0,82.0,7.2,1,0,0,0.1999999999999982,0,0,0,0,0,0,0,0,0,0,0,48.0,48.0,20,1,0,11,19,314.8333333333333,12.0,13.0,12.0,12.333333333333334,9,Market (midday peak),2
TEST-00968,Piassa,2025-11-11 20:00:00,17.3,0.0,82.0,7.2,1,0,0,0.1999999999999982,0,0,0,0,0,0,0,0,0,0,0,48.0,48.0,20,1,0,11,19,314.8333333333333,63.0,89.0,47.0,66.33333333333333,10,Business / office (weekday commute),0
TEST-02219,Sarbet,2025-11-11 20:00:00,17.3,0.0,82.0,7.2,1,0,0,0.1999999999999982,0,0,0,0,0,0,0,0,0,0,0,48.0,48.0,20,1,0,11,19,314.8333333333333,55.0,20.0,34.0,36.333333333333336,11,"Residential (evening peak, weekend >= weekday)",4
TEST-00962,Arat Kilo,2025-11-11 21:00:00,13.7,0.0,85.0,11.7,1,0,0,0.1999999999999982,0,0,0,0,0,0,0,0,0,0,0,48.0,48.0,21,1,0,11,19,314.875,25.0,27.0,34.0,28.666666666666668,0,Business / office (weekday commute),0
TEST-01617,Ayat,2025-11-11 21:00:00,13.7,0.0,85.0,11.7,1,0,0,0.1999999999999982,0,0,0,0,0,0,0,0,0,0,0,48.0,48.0,21,1,0,11,19,314.875,32.0,20.0,26.0,26.0,1,"Residential (evening peak, weekend >= weekday)",4
TEST-01841,Bole,2025-11-11 21:00:00,13.7,0.0,85.0,11.7,1,0,0,0.1999999999999982,0,0,0,0,0,0,0,0,0,0,0,48.0,48.0,21,1,0,11,19,314.875,53.0,,46.0,49.5,2,"Leisure / nightlife (late, weekend-heavy)",1
TEST-01593,CMC,2025-11-11 21:00:00,13.7,0.0,85.0,11.7,1,0,0,0.1999999999999982,0,0,0,0,0,0,0,0,0,0,0,48.0,48.0,21,1,0,11,19,314.875,26.0,42.0,39.0,35.666666666666664,3,"Residential (evening peak, weekend >= weekday)",4
TEST-01475,Gerji,2025-11-11 21:00:00,13.7,0.0,85.0,11.7,1,0,0,0.1999999999999982,0,0,0,0,0,0,0,0,0,0,0,48.0,48.0,21,1,0,11,19,314.875,41.0,29.0,37.0,35.666666666666664,4,"Residential (evening peak, weekend >= weekday)",4
TEST-03568,Kazanchis,2025-11-11 21:00:00,13.7,0.0,85.0,11.7,1,0,0,0.1999999999999982,0,0,0,0,0,0,0,0,0,0,0,48.0,24.0,21,1,0,11,19,314.875,35.0,30.0,33.0,32.666666666666664,5,Business / office (weekday commute),0
TEST-00949,Kolfe,2025-11-11 21:00:00,13.7,0.0,85.0,11.7,1,0,0,0.1999999999999982,0,0,0,0,0,0,0,0,0,0,0,48.0,48.0,21,1,0,11,19,314.875,52.0,21.0,32.0,35.0,6,"Residential (evening peak, weekend >= weekday)",4
TEST-01303,Lideta,2025-11-11 21:00:00,13.7,0.0,85.0,11.7,1,0,0,0.1999999999999982,0,0,0,0,0,0,0,0,0,0,0,48.0,48.0,21,1,0,11,19,314.875,21.0,12.0,24.0,19.0,7,Mixed hub (commute + busy midday),3
TEST-02813,Megenagna,2025-11-11 21:00:00,13.7,0.0,85.0,11.7,1,0,0,0.1999999999999982,0,0,0,0,0,0,0,0,0,0,0,48.0,23.0,21,1,0,11,19,314.875,23.0,28.0,14.0,21.666666666666668,8,Mixed hub (commute + busy midday),3
TEST-02526,Merkato,2025-11-11 21:00:00,13.7,0.0,85.0,11.7,1,0,0,0.1999999999999982,0,0,0,0,0,0,0,0,0,0,0,48.0,48.0,21,1,0,11,19,314.875,7.0,8.0,12.0,9.0,9,Market (midday peak),2
TEST-01232,Piassa,2025-11-11 21:00:00,13.7,0.0,85.0,11.7,1,0,0,0.1999999999999982,0,0,0,0,0,0,0,0,0,0,0,48.0,48.0,21,1,0,11,19,314.875,28.0,32.0,29.0,29.666666666666668,10,Business / office (weekday commute),0
TEST-03428,Sarbet,2025-11-11 21:00:00,13.7,0.0,85.0,11.7,1,0,0,0.1999999999999982,0,0,0,0,0,0,0,0,0,0,0,48.0,48.0,21,1,0,11,19,314.875,29.0,22.0,19.0,23.33333333333333,11,"Residential (evening peak, weekend >= weekday)",4
TEST-03015,Arat Kilo,2025-11-11 22:00:00,12.6,0.0,86.0,4.0,1,0,0,0.0,0,0,0,0,0,0,0,0,0,0,0,48.0,48.0,22,1,0,11,19,314.9166666666667,10.0,10.0,12.0,10.666666666666666,0,Business / office (weekday commute),0
TEST-01221,Ayat,2025-11-11 22:00:00,12.6,0.0,86.0,4.0,1,0,0,0.0,0,0,0,0,0,0,0,0,0,0,0,48.0,48.0,22,1,0,11,19,314.9166666666667,25.0,14.0,17.0,18.666666666666668,1,"Residential (evening peak, weekend >= weekday)",4
TEST-03261,Bole,2025-11-11 22:00:00,12.6,0.0,86.0,4.0,1,0,0,0.0,0,0,0,0,0,0,0,0,0,0,0,48.0,48.0,22,1,0,11,19,314.9166666666667,25.0,36.0,24.0,28.33333333333333,2,"Leisure / nightlife (late, weekend-heavy)",1
TEST-03661,CMC,2025-11-11 22:00:00,12.6,0.0,86.0,4.0,1,0,0,0.0,0,0,0,0,0,0,0,0,0,0,0,48.0,48.0,22,1,0,11,19,314.9166666666667,18.0,20.0,25.0,21.0,3,"Residential (evening peak, weekend >= weekday)",4
TEST-03332,Gerji,2025-11-11 22:00:00,12.6,0.0,86.0,4.0,1,0,0,0.0,0,0,0,0,0,0,0,0,0,0,0,48.0,48.0,22,1,0,11,19,314.9166666666667,23.0,19.0,21.0,21.0,4,"Residential (evening peak, weekend >= weekday)",4
TEST-01362,Kazanchis,2025-11-11 22:00:00,12.6,0.0,86.0,4.0,1,0,0,0.0,0,0,0,0,0,0,0,0,0,0,0,48.0,25.0,22,1,0,11,19,314.9166666666667,28.0,21.0,20.0,23.0,5,Business / office (weekday commute),0
TEST-02542,Kolfe,2025-11-11 22:00:00,12.6,0.0,86.0,4.0,1,0,0,0.0,0,0,0,0,0,0,0,0,0,0,0,48.0,48.0,22,1,0,11,19,314.9166666666667,27.0,17.0,24.0,22.666666666666668,6,"Residential (evening peak, weekend >= weekday)",4
TEST-01466,Lideta,2025-11-11 22:00:00,12.6,0.0,86.0,4.0,1,0,0,0.0,0,0,0,0,0,0,0,0,0,0,0,48.0,48.0,22,1,0,11,19,314.9166666666667,13.0,6.0,5.0,8.0,7,Mixed hub (commute + busy midday),3
TEST-01672,Megenagna,2025-11-11 22:00:00,12.6,0.0,86.0,4.0,1,0,0,0.0,0,0,0,0,0,0,0,0,0,0,0,48.0,24.0,22,1,0,11,19,314.9166666666667,13.0,5.0,5.0,7.666666666666667,8,Mixed hub (commute + busy midday),3
TEST-00132,Merkato,2025-11-11 22:00:00,12.6,0.0,86.0,4.0,1,0,0,0.0,0,0,0,0,0,0,0,0,0,0,0,48.0,48.0,22,1,0,11,19,314.9166666666667,4.0,6.0,6.0,5.333333333333333,9,Market (midday peak),2
TEST-01519,Piassa,2025-11-11 22:00:00,12.6,0.0,86.0,4.0,1,0,0,0.0,0,0,0,0,0,0,0,0,0,0,0,48.0,48.0,22,1,0,11,19,314.9166666666667,20.0,16.0,18.0,18.0,10,Business / office (weekday commute),0
TEST-01747,Sarbet,2025-11-11 22:00:00,12.6,0.0,86.0,4.0,1,0,0,0.0,0,0,0,0,0,0,0,0,0,0,0,48.0,48.0,22,1,0,11,19,314.9166666666667,24.0,16.0,17.0,19.0,11,"Residential (evening peak, weekend >= weekday)",4
TEST-02734,Arat Kilo,2025-11-11 23:00:00,12.6,0.0,80.0,9.2,1,0,0,0.0,0,0,0,0,0,0,0,0,0,0,0,48.0,48.0,23,1,0,11,19,314.9583333333333,8.0,4.0,4.0,5.333333333333333,0,Business / office (weekday commute),0
TEST-02426,Ayat,2025-11-11 23:00:00,12.6,0.0,80.0,9.2,1,0,0,0.0,0,0,0,0,0,0,0,0,0,0,0,48.0,48.0,23,1,0,11,19,314.9583333333333,8.0,11.0,7.0,8.666666666666666,1,"Residential (evening peak, weekend >= weekday)",4
TEST-02680,Bole,2025-11-11 23:00:00,12.6,0.0,80.0,9.2,1,0,0,0.0,0,0,0,0,0,0,0,0,0,0,0,48.0,48.0,23,1,0,11,19,314.9583333333333,,14.0,13.0,13.5,2,"Leisure / nightlife (late, weekend-heavy)",1
TEST-01280,CMC,2025-11-11 23:00:00,12.6,0.0,80.0,9.2,1,0,0,0.0,0,0,0,0,0,0,0,0,0,0,0,48.0,48.0,23,1,0,11,19,314.9583333333333,11.0,15.0,10.0,12.0,3,"Residential (evening peak, weekend >= weekday)",4
TEST-03062,Gerji,2025-11-11 23:00:00,12.6,0.0,80.0,9.2,1,0,0,0.0,0,0,0,0,0,0,0,0,0,0,0,48.0,48.0,23,1,0,11,19,314.9583333333333,12.0,16.0,5.0,11.0,4,"Residential (evening peak, weekend >= weekday)",4
TEST-00030,Kazanchis,2025-11-11 23:00:00,12.6,0.0,80.0,9.2,1,0,0,0.0,0,0,0,0,0,0,0,0,0,0,0,48.0,26.0,23,1,0,11,19,314.9583333333333,18.0,12.0,8.0,12.666666666666666,5,Business / office (weekday commute),0
TEST-00817,Kolfe,2025-11-11 23:00:00,12.6,0.0,80.0,9.2,1,0,0,0.0,0,0,0,0,0,0,0,0,0,0,0,48.0,48.0,23,1,0,11,19,314.9583333333333,7.0,13.0,12.0,10.666666666666666,6,"Residential (evening peak, weekend >= weekday)",4
TEST-03083,Lideta,2025-11-11 23:00:00,12.6,0.0,80.0,9.2,1,0,0,0.0,0,0,0,0,0,0,0,0,0,0,0,48.0,48.0,23,1,0,11,19,314.9583333333333,9.0,8.0,3.0,6.666666666666667,7,Mixed hub (commute + busy midday),3
TEST-01047,Megenagna,2025-11-11 23:00:00,12.6,0.0,80.0,9.2,1,0,0,0.0,0,0,0,0,0,0,0,0,0,0,0,48.0,25.0,23,1,0,11,19,314.9583333333333,5.0,13.0,8.0,8.666666666666666,8,Mixed hub (commute + busy midday),3
TEST-03821,Merkato,2025-11-11 23:00:00,12.6,0.0,80.0,9.2,1,0,0,0.0,0,0,0,0,0,0,0,0,0,0,0,48.0,48.0,23,1,0,11,19,314.9583333333333,8.0,4.0,4.0,5.333333333333333,9,Market (midday peak),2
TEST-01911,Piassa,2025-11-11 23:00:00,12.6,0.0,80.0,9.2,1,0,0,0.0,0,0,0,0,0,0,0,0,0,0,0,48.0,48.0,23,1,0,11,19,314.9583333333333,11.0,7.0,4.0,7.333333333333333,10,Business / office (weekday commute),0
TEST-01625,Sarbet,2025-11-11 23:00:00,12.6,0.0,80.0,9.2,1,0,0,0.0,0,0,0,0,0,0,0,0,0,0,0,48.0,48.0,23,1,0,11,19,314.9583333333333,13.0,7.0,6.0,8.666666666666666,11,"Residential (evening peak, weekend >= weekday)",4
TEST-00929,Arat Kilo,2025-11-12 00:00:00,10.2,0.0,83.0,10.5,1,0,0,0.0,0,0,0,0,0,0,0,0,0,0,0,48.0,48.0,0,2,0,11,18,315.0,4.0,4.0,6.0,4.666666666666667,0,Business / office (weekday commute),0
TEST-01328,Ayat,2025-11-12 00:00:00,10.2,0.0,83.0,10.5,1,0,0,0.0,0,0,0,0,0,0,0,0,0,0,0,48.0,48.0,0,2,0,11,18,315.0,4.0,2.0,2.0,2.6666666666666665,1,"Residential (evening peak, weekend >= weekday)",4
TEST-02011,Bole,2025-11-12 00:00:00,10.2,0.0,83.0,10.5,1,0,0,0.0,0,0,0,0,0,0,0,0,0,0,0,48.0,48.0,0,2,0,11,18,315.0,7.0,12.0,8.0,9.0,2,"Leisure / nightlife (late, weekend-heavy)",1
TEST-03622,CMC,2025-11-12 00:00:00,10.2,0.0,83.0,10.5,1,0,0,0.0,0,0,0,0,0,0,0,0,0,0,0,48.0,48.0,0,2,0,11,18,315.0,5.0,6.0,,5.5,3,"Residential (evening peak, weekend >= weekday)",4
TEST-01626,Gerji,2025-11-12 00:00:00,10.2,0.0,83.0,10.5,1,0,0,0.0,0,0,0,0,0,0,0,0,0,0,0,48.0,48.0,0,2,0,11,18,315.0,10.0,10.0,5.0,8.333333333333334,4,"Residential (evening peak, weekend >= weekday)",4
TEST-02586,Kazanchis,2025-11-12 00:00:00,10.2,0.0,83.0,10.5,1,0,0,0.0,0,0,0,0,0,0,0,0,0,0,0,48.0,27.0,0,2,0,11,18,315.0,4.0,6.0,6.0,5.333333333333333,5,Business / office (weekday commute),0
TEST-01928,Kolfe,2025-11-12 00:00:00,10.2,0.0,83.0,10.5,1,0,0,0.0,0,0,0,0,0,0,0,0,0,0,0,48.0,48.0,0,2,0,11,18,315.0,10.0,8.0,1.0,6.333333333333333,6,"Residential (evening peak, weekend >= weekday)",4
TEST-03618,Lideta,2025-11-12 00:00:00,10.2,0.0,83.0,10.5,1,0,0,0.0,0,0,0,0,0,0,0,0,0,0,0,48.0,48.0,0,2,0,11,18,315.0,4.0,6.0,,5.0,7,Mixed hub (commute + busy midday),3
TEST-02253,Megenagna,2025-11-12 00:00:00,10.2,0.0,83.0,10.5,1,0,0,0.0,0,0,0,0,0,0,0,0,0,0,0,48.0,26.0,0,2,0,11,18,315.0,12.0,6.0,4.0,7.333333333333333,8,Mixed hub (commute + busy midday),3
TEST-03151,Merkato,2025-11-12 00:00:00,10.2,0.0,83.0,10.5,1,0,0,0.0,0,0,0,0,0,0,0,0,0,0,0,48.0,48.0,0,2,0,11,18,315.0,3.0,3.0,5.0,3.6666666666666665,9,Market (midday peak),2
TEST-03427,Piassa,2025-11-12 00:00:00,10.2,0.0,83.0,10.5,1,0,0,0.0,0,0,0,0,0,0,0,0,0,0,0,48.0,48.0,0,2,0,11,18,315.0,5.0,5.0,10.0,6.666666666666667,10,Business / office (weekday commute),0
TEST-02416,Sarbet,2025-11-12 00:00:00,10.2,0.0,83.0,10.5,1,0,0,0.0,0,0,0,0,0,0,0,0,0,0,0,48.0,48.0,0,2,0,11,18,315.0,10.0,8.0,7.0,8.333333333333334,11,"Residential (evening peak, weekend >= weekday)",4
TEST-01739,Arat Kilo,2025-11-12 01:00:00,10.3,0.0,83.0,11.7,1,0,0,0.0,0,0,0,0,0,0,0,0,0,0,0,48.0,48.0,1,2,0,11,18,315.0416666666667,5.0,2.0,3.0,3.333333333333333,0,Business / office (weekday commute),0
TEST-00299,Ayat,2025-11-12 01:00:00,10.3,0.0,83.0,11.7,1,0,0,0.0,0,0,0,0,0,0,0,0,0,0,0,48.0,48.0,1,2,0,11,18,315.0416666666667,3.0,5.0,4.0,4.0,1,"Residential (evening peak, weekend >= weekday)",4
TEST-01115,Bole,2025-11-12 01:00:00,10.3,0.0,83.0,11.7,1,0,0,0.0,0,0,0,0,0,0,0,0,0,0,0,48.0,48.0,1,2,0,11,18,315.0416666666667,15.0,17.0,11.0,14.333333333333334,2,"Leisure / nightlife (late, weekend-heavy)",1
TEST-03317,CMC,2025-11-12 01:00:00,10.3,0.0,83.0,11.7,1,0,0,0.0,0,0,0,0,0,0,0,0,0,0,0,48.0,48.0,1,2,0,11,18,315.0416666666667,4.0,4.0,4.0,4.0,3,"Residential (evening peak, weekend >= weekday)",4
TEST-03569,Gerji,2025-11-12 01:00:00,10.3,0.0,83.0,11.7,1,0,0,0.0,0,0,0,0,0,0,0,0,0,0,0,48.0,48.0,1,2,0,11,18,315.0416666666667,,5.0,4.0,4.5,4,"Residential (evening peak, weekend >= weekday)",4
TEST-00223,Kazanchis,2025-11-12 01:00:00,10.3,0.0,83.0,11.7,1,0,0,0.0,0,0,0,0,0,0,0,0,0,0,0,48.0,28.0,1,2,0,11,18,315.0416666666667,5.0,6.0,3.0,4.666666666666667,5,Business / office (weekday commute),0
TEST-00732,Kolfe,2025-11-12 01:00:00,10.3,0.0,83.0,11.7,1,0,0,0.0,0,0,0,0,0,0,0,0,0,0,0,48.0,48.0,1,2,0,11,18,315.0416666666667,7.0,1.0,7.0,5.0,6,"Residential (evening peak, weekend >= weekday)",4
TEST-00169,Lideta,2025-11-12 01:00:00,10.3,0.0,83.0,11.7,1,0,0,0.0,0,0,0,0,0,0,0,0,0,0,0,48.0,48.0,1,2,0,11,18,315.0416666666667,10.0,3.0,4.0,5.666666666666667,7,Mixed hub (commute + busy midday),3
TEST-01786,Megenagna,2025-11-12 01:00:00,10.3,0.0,83.0,11.7,1,0,0,0.0,0,0,0,0,0,0,0,0,0,0,0,48.0,27.0,1,2,0,11,18,315.0416666666667,12.0,11.0,9.0,10.666666666666666,8,Mixed hub (commute + busy midday),3
TEST-01052,Merkato,2025-11-12 01:00:00,10.3,0.0,83.0,11.7,1,0,0,0.0,0,0,0,0,0,0,0,0,0,0,0,48.0,48.0,1,2,0,11,18,315.0416666666667,6.0,5.0,4.0,5.0,9,Market (midday peak),2
TEST-00641,Piassa,2025-11-12 01:00:00,10.3,0.0,83.0,11.7,1,0,0,0.0,0,0,0,0,0,0,0,0,0,0,0,48.0,48.0,1,2,0,11,18,315.0416666666667,3.0,4.0,5.0,4.0,10,Business / office (weekday commute),0
TEST-02892,Sarbet,2025-11-12 01:00:00,10.3,0.0,83.0,11.7,1,0,0,0.0,0,0,0,0,0,0,0,0,0,0,0,48.0,48.0,1,2,0,11,18,315.0416666666667,3.0,2.0,6.0,3.6666666666666665,11,"Residential (evening peak, weekend >= weekday)",4
TEST-00252,Arat Kilo,2025-11-12 02:00:00,9.2,0.0,94.0,11.6,1,0,0,0.0,0,0,0,0,0,0,0,0,0,0,0,48.0,48.0,2,2,0,11,18,315.0833333333333,4.0,7.0,2.0,4.333333333333333,0,Business / office (weekday commute),0
TEST-01493,Ayat,2025-11-12 02:00:00,9.2,0.0,94.0,11.6,1,0,0,0.0,0,0,0,0,0,0,0,0,0,0,0,48.0,48.0,2,2,0,11,18,315.0833333333333,3.0,4.0,1.0,2.6666666666666665,1,"Residential (evening peak, weekend >= weekday)",4
TEST-01172,Bole,2025-11-12 02:00:00,9.2,0.0,94.0,11.6,1,0,0,0.0,0,0,0,0,0,0,0,0,0,0,0,48.0,48.0,2,2,0,11,18,315.0833333333333,8.0,12.0,3.0,7.666666666666667,2,"Leisure / nightlife (late, weekend-heavy)",1
TEST-00206,CMC,2025-11-12 02:00:00,9.2,0.0,94.0,11.6,1,0,0,0.0,0,0,0,0,0,0,0,0,0,0,0,48.0,48.0,2,2,0,11,18,315.0833333333333,3.0,5.0,,4.0,3,"Residential (evening peak, weekend >= weekday)",4
TEST-00142,Gerji,2025-11-12 02:00:00,9.2,0.0,94.0,11.6,1,0,0,0.0,0,0,0,0,0,0,0,0,0,0,0,48.0,48.0,2,2,0,11,18,315.0833333333333,6.0,4.0,0.0,3.333333333333333,4,"Residential (evening peak, weekend >= weekday)",4
TEST-00696,Kazanchis,2025-11-12 02:00:00,9.2,0.0,94.0,11.6,1,0,0,0.0,0,0,0,0,0,0,0,0,0,0,0,48.0,29.0,2,2,0,11,18,315.0833333333333,8.0,8.0,10.0,8.666666666666666,5,Business / office (weekday commute),0
TEST-01540,Kolfe,2025-11-12 02:00:00,9.2,0.0,94.0,11.6,1,0,0,0.0,0,0,0,0,0,0,0,0,0,0,0,48.0,48.0,2,2,0,11,18,315.0833333333333,6.0,4.0,1.0,3.6666666666666665,6,"Residential (evening peak, weekend >= weekday)",4
TEST-02733,Lideta,2025-11-12 02:00:00,9.2,0.0,94.0,11.6,1,0,0,0.0,0,0,0,0,0,0,0,0,0,0,0,48.0,48.0,2,2,0,11,18,315.0833333333333,5.0,3.0,6.0,4.666666666666667,7,Mixed hub (commute + busy midday),3
TEST-02747,Megenagna,2025-11-12 02:00:00,9.2,0.0,94.0,11.6,1,0,0,0.0,0,0,0,0,0,0,0,0,0,0,0,48.0,28.0,2,2,0,11,18,315.0833333333333,8.0,10.0,13.0,10.333333333333334,8,Mixed hub (commute + busy midday),3
TEST-01990,Merkato,2025-11-12 02:00:00,9.2,0.0,94.0,11.6,1,0,0,0.0,0,0,0,0,0,0,0,0,0,0,0,48.0,48.0,2,2,0,11,18,315.0833333333333,10.0,3.0,3.0,5.333333333333333,9,Market (midday peak),2
TEST-01143,Piassa,2025-11-12 02:00:00,9.2,0.0,94.0,11.6,1,0,0,0.0,0,0,0,0,0,0,0,0,0,0,0,48.0,48.0,2,2,0,11,18,315.0833333333333,2.0,2.0,3.0,2.333333333333333,10,Business / office (weekday commute),0
TEST-02751,Sarbet,2025-11-12 02:00:00,9.2,0.0,94.0,11.6,1,0,0,0.0,0,0,0,0,0,0,0,0,0,0,0,48.0,48.0,2,2,0,11,18,315.0833333333333,4.0,8.0,4.0,5.333333333333333,11,"Residential (evening peak, weekend >= weekday)",4
TEST-02178,Arat Kilo,2025-11-12 03:00:00,7.7,0.0,95.0,6.2,1,0,0,0.0,0,0,0,0,0,0,0,0,0,0,0,48.0,48.0,3,2,0,11,18,315.125,3.0,1.0,5.0,3.0,0,Business / office (weekday commute),0
TEST-02284,Ayat,2025-11-12 03:00:00,7.7,0.0,95.0,6.2,1,0,0,0.0,0,0,0,0,0,0,0,0,0,0,0,48.0,48.0,3,2,0,11,18,315.125,8.0,5.0,3.0,5.333333333333333,1,"Residential (evening peak, weekend >= weekday)",4
TEST-00466,Bole,2025-11-12 03:00:00,7.7,0.0,95.0,6.2,1,0,0,0.0,0,0,0,0,0,0,0,0,0,0,0,48.0,48.0,3,2,0,11,18,315.125,19.0,11.0,10.0,13.333333333333334,2,"Leisure / nightlife (late, weekend-heavy)",1
TEST-02652,CMC,2025-11-12 03:00:00,7.7,0.0,95.0,6.2,1,0,0,0.0,0,0,0,0,0,0,0,0,0,0,0,48.0,48.0,3,2,0,11,18,315.125,6.0,3.0,6.0,5.0,3,"Residential (evening peak, weekend >= weekday)",4
TEST-01814,Gerji,2025-11-12 03:00:00,7.7,0.0,95.0,6.2,1,0,0,0.0,0,0,0,0,0,0,0,0,0,0,0,48.0,48.0,3,2,0,11,18,315.125,3.0,2.0,5.0,3.333333333333333,4,"Residential (evening peak, weekend >= weekday)",4
TEST-01342,Kazanchis,2025-11-12 03:00:00,7.7,0.0,95.0,6.2,1,0,0,0.0,0,0,0,0,0,0,0,0,0,0,0,48.0,30.0,3,2,0,11,18,315.125,2.0,9.0,7.0,6.0,5,Business / office (weekday commute),0
TEST-01563,Kolfe,2025-11-12 03:00:00,7.7,0.0,95.0,6.2,1,0,0,0.0,0,0,0,0,0,0,0,0,0,0,0,48.0,48.0,3,2,0,11,18,315.125,4.0,3.0,6.0,4.333333333333333,6,"Residential (evening peak, weekend >= weekday)",4
TEST-00830,Lideta,2025-11-12 03:00:00,7.7,0.0,95.0,6.2,1,0,0,0.0,0,0,0,0,0,0,0,0,0,0,0,48.0,48.0,3,2,0,11,18,315.125,7.0,7.0,4.0,6.0,7,Mixed hub (commute + busy midday),3
TEST-03766,Megenagna,2025-11-12 03:00:00,7.7,0.0,95.0,6.2,1,0,0,0.0,0,0,0,0,0,0,0,0,0,0,0,48.0,29.0,3,2,0,11,18,315.125,12.0,13.0,7.0,10.666666666666666,8,Mixed hub (commute + busy midday),3
TEST-00373,Merkato,2025-11-12 03:00:00,7.7,0.0,95.0,6.2,1,0,0,0.0,0,0,0,0,0,0,0,0,0,0,0,48.0,48.0,3,2,0,11,18,315.125,9.0,4.0,9.0,7.333333333333333,9,Market (midday peak),2
TEST-03242,Piassa,2025-11-12 03:00:00,7.7,0.0,95.0,6.2,1,0,0,0.0,0,0,0,0,0,0,0,0,0,0,0,48.0,48.0,3,2,0,11,18,315.125,4.0,3.0,4.0,3.6666666666666665,10,Business / office (weekday commute),0
TEST-01695,Sarbet,2025-11-12 03:00:00,7.7,0.0,95.0,6.2,1,0,0,0.0,0,0,0,0,0,0,0,0,0,0,0,48.0,48.0,3,2,0,11,18,315.125,2.0,5.0,3.0,3.333333333333333,11,"Residential (evening peak, weekend >= weekday)",4
TEST-03118,Arat Kilo,2025-11-12 04:00:00,8.1,0.0,97.0,10.8,1,0,0,0.0,0,0,0,0,0,0,0,0,0,0,0,48.0,48.0,4,2,0,11,18,315.1666666666667,5.0,1.0,1.0,2.333333333333333,0,Business / office (weekday commute),0
TEST-00014,Ayat,2025-11-12 04:00:00,8.1,0.0,97.0,10.8,1,0,0,0.0,0,0,0,0,0,0,0,0,0,0,0,48.0,48.0,4,2,0,11,18,315.1666666666667,2.0,5.0,6.0,4.333333333333333,1,"Residential (evening peak, weekend >= weekday)",4
TEST-02598,Bole,2025-11-12 04:00:00,8.1,0.0,97.0,10.8,1,0,0,0.0,0,0,0,0,0,0,0,0,0,0,0,48.0,48.0,4,2,0,11,18,315.1666666666667,40.0,37.0,15.0,30.666666666666668,2,"Leisure / nightlife (late, weekend-heavy)",1
TEST-01145,CMC,2025-11-12 04:00:00,8.1,0.0,97.0,10.8,1,0,0,0.0,0,0,0,0,0,0,0,0,0,0,0,48.0,48.0,4,2,0,11,18,315.1666666666667,13.0,7.0,6.0,8.666666666666666,3,"Residential (evening peak, weekend >= weekday)",4
TEST-00148,Gerji,2025-11-12 04:00:00,8.1,0.0,97.0,10.8,1,0,0,0.0,0,0,0,0,0,0,0,0,0,0,0,48.0,48.0,4,2,0,11,18,315.1666666666667,,9.0,12.0,10.5,4,"Residential (evening peak, weekend >= weekday)",4
TEST-01222,Kazanchis,2025-11-12 04:00:00,8.1,0.0,97.0,10.8,1,0,0,0.0,0,0,0,0,0,0,0,0,0,0,0,48.0,31.0,4,2,0,11,18,315.1666666666667,11.0,3.0,9.0,7.666666666666667,5,Business / office (weekday commute),0
TEST-03818,Kolfe,2025-11-12 04:00:00,8.1,0.0,97.0,10.8,1,0,0,0.0,0,0,0,0,0,0,0,0,0,0,0,48.0,48.0,4,2,0,11,18,315.1666666666667,8.0,6.0,10.0,8.0,6,"Residential (evening peak, weekend >= weekday)",4
TEST-01276,Lideta,2025-11-12 04:00:00,8.1,0.0,97.0,10.8,1,0,0,0.0,0,0,0,0,0,0,0,0,0,0,0,48.0,48.0,4,2,0,11,18,315.1666666666667,17.0,11.0,8.0,12.0,7,Mixed hub (commute + busy midday),3
TEST-01171,Megenagna,2025-11-12 04:00:00,8.1,0.0,97.0,10.8,1,0,0,0.0,0,0,0,0,0,0,0,0,0,0,0,48.0,30.0,4,2,0,11,18,315.1666666666667,4.0,12.0,10.0,8.666666666666666,8,Mixed hub (commute + busy midday),3
TEST-03416,Merkato,2025-11-12 04:00:00,8.1,0.0,97.0,10.8,1,0,0,0.0,0,0,0,0,0,0,0,0,0,0,0,48.0,48.0,4,2,0,11,18,315.1666666666667,14.0,12.0,6.0,10.666666666666666,9,Market (midday peak),2
TEST-03570,Piassa,2025-11-12 04:00:00,8.1,0.0,97.0,10.8,1,0,0,0.0,0,0,0,0,0,0,0,0,0,0,0,48.0,48.0,4,2,0,11,18,315.1666666666667,6.0,9.0,4.0,6.333333333333333,10,Business / office (weekday commute),0
TEST-03523,Sarbet,2025-11-12 04:00:00,8.1,0.0,97.0,10.8,1,0,0,0.0,0,0,0,0,0,0,0,0,0,0,0,48.0,48.0,4,2,0,11,18,315.1666666666667,5.0,6.0,9.0,6.666666666666667,11,"Residential (evening peak, weekend >= weekday)",4
TEST-03227,Arat Kilo,2025-11-12 05:00:00,7.4,0.0,95.0,4.4,1,0,0,0.0,0,0,0,0,0,0,0,0,0,0,0,48.0,48.0,5,2,0,11,18,315.2083333333333,10.0,5.0,9.0,8.0,0,Business / office (weekday commute),0
TEST-01621,Ayat,2025-11-12 05:00:00,7.4,0.0,95.0,4.4,1,0,0,0.0,0,0,0,0,0,0,0,0,0,0,0,48.0,48.0,5,2,0,11,18,315.2083333333333,16.0,12.0,16.0,14.666666666666666,1,"Residential (evening peak, weekend >= weekday)",4
TEST-00649,Bole,2025-11-12 05:00:00,7.4,0.0,95.0,4.4,1,0,0,0.0,0,0,0,0,0,0,0,0,0,0,0,48.0,48.0,5,2,0,11,18,315.2083333333333,58.0,75.0,59.0,64.0,2,"Leisure / nightlife (late, weekend-heavy)",1
TEST-03272,CMC,2025-11-12 05:00:00,7.4,0.0,95.0,4.4,1,0,0,0.0,0,0,0,0,0,0,0,0,0,0,0,48.0,48.0,5,2,0,11,18,315.2083333333333,21.0,24.0,21.0,22.0,3,"Residential (evening peak, weekend >= weekday)",4
TEST-03586,Gerji,2025-11-12 05:00:00,7.4,0.0,95.0,4.4,1,0,0,0.0,0,0,0,0,0,0,0,0,0,0,0,48.0,48.0,5,2,0,11,18,315.2083333333333,,32.0,20.0,26.0,4,"Residential (evening peak, weekend >= weekday)",4
TEST-03668,Kazanchis,2025-11-12 05:00:00,7.4,0.0,95.0,4.4,1,0,0,0.0,0,0,0,0,0,0,0,0,0,0,0,48.0,32.0,5,2,0,11,18,315.2083333333333,8.0,5.0,12.0,8.333333333333334,5,Business / office (weekday commute),0
TEST-02345,Kolfe,2025-11-12 05:00:00,7.4,0.0,95.0,4.4,1,0,0,0.0,0,0,0,0,0,0,0,0,0,0,0,48.0,48.0,5,2,0,11,18,315.2083333333333,28.0,17.0,29.0,24.666666666666668,6,"Residential (evening peak, weekend >= weekday)",4
TEST-00453,Lideta,2025-11-12 05:00:00,7.4,0.0,95.0,4.4,1,0,0,0.0,0,0,0,0,0,0,0,0,0,0,0,48.0,48.0,5,2,0,11,18,315.2083333333333,11.0,18.0,20.0,16.333333333333332,7,Mixed hub (commute + busy midday),3
TEST-01830,Megenagna,2025-11-12 05:00:00,7.4,0.0,95.0,4.4,1,0,0,0.0,0,0,0,0,0,0,0,0,0,0,0,48.0,31.0,5,2,0,11,18,315.2083333333333,28.0,24.0,22.0,24.666666666666668,8,Mixed hub (commute + busy midday),3
TEST-03592,Merkato,2025-11-12 05:00:00,7.4,0.0,95.0,4.4,1,0,0,0.0,0,0,0,0,0,0,0,0,0,0,0,48.0,48.0,5,2,0,11,18,315.2083333333333,23.0,,18.0,20.5,9,Market (midday peak),2
TEST-01716,Piassa,2025-11-12 05:00:00,7.4,0.0,95.0,4.4,1,0,0,0.0,0,0,0,0,0,0,0,0,0,0,0,48.0,48.0,5,2,0,11,18,315.2083333333333,8.0,9.0,8.0,8.333333333333334,10,Business / office (weekday commute),0
TEST-00579,Sarbet,2025-11-12 05:00:00,7.4,0.0,95.0,4.4,1,0,0,0.0,0,0,0,0,0,0,0,0,0,0,0,48.0,48.0,5,2,0,11,18,315.2083333333333,31.0,17.0,23.0,23.666666666666668,11,"Residential (evening peak, weekend >= weekday)",4
TEST-00049,Arat Kilo,2025-11-12 06:00:00,11.2,0.0,88.0,9.0,1,0,0,0.0,0,0,0,0,0,0,0,0,0,0,0,48.0,48.0,6,2,0,11,18,315.25,12.0,16.0,18.0,15.333333333333334,0,Business / office (weekday commute),0
TEST-01380,Ayat,2025-11-12 06:00:00,11.2,0.0,88.0,9.0,1,0,0,0.0,0,0,0,0,0,0,0,0,0,0,0,48.0,48.0,6,2,0,11,18,315.25,47.0,25.0,48.0,40.0,1,"Residential (evening peak, weekend >= weekday)",4
TEST-00008,Bole,2025-11-12 06:00:00,11.2,0.0,88.0,9.0,1,0,0,0.0,0,0,0,0,0,0,0,0,0,0,0,48.0,48.0,6,2,0,11,18,315.25,61.0,64.0,29.0,51.333333333333336,2,"Leisure / nightlife (late, weekend-heavy)",1
TEST-00652,CMC,2025-11-12 06:00:00,11.2,0.0,88.0,9.0,1,0,0,0.0,0,0,0,0,0,0,0,0,0,0,0,48.0,48.0,6,2,0,11,18,315.25,56.0,42.0,,49.0,3,"Residential (evening peak, weekend >= weekday)",4
TEST-01319,Gerji,2025-11-12 06:00:00,11.2,0.0,88.0,9.0,1,0,0,0.0,0,0,0,0,0,0,0,0,0,0,0,48.0,48.0,6,2,0,11,18,315.25,60.0,40.0,53.0,51.0,4,"Residential (evening peak, weekend >= weekday)",4
TEST-02983,Kazanchis,2025-11-12 06:00:00,11.2,0.0,88.0,9.0,1,0,0,0.0,0,0,0,0,0,0,0,0,0,0,0,48.0,33.0,6,2,0,11,18,315.25,17.0,22.0,20.0,19.666666666666668,5,Business / office (weekday commute),0
TEST-01984,Kolfe,2025-11-12 06:00:00,11.2,0.0,88.0,9.0,1,0,0,0.0,0,0,0,0,0,0,0,0,0,0,0,48.0,48.0,6,2,0,11,18,315.25,47.0,39.0,67.0,51.0,6,"Residential (evening peak, weekend >= weekday)",4
TEST-02545,Lideta,2025-11-12 06:00:00,11.2,0.0,88.0,9.0,1,0,0,0.0,0,0,0,0,0,0,0,0,0,0,0,48.0,48.0,6,2,0,11,18,315.25,38.0,38.0,21.0,32.333333333333336,7,Mixed hub (commute + busy midday),3
TEST-02410,Megenagna,2025-11-12 06:00:00,11.2,0.0,88.0,9.0,1,0,0,0.0,0,0,0,0,0,0,0,0,0,0,0,48.0,32.0,6,2,0,11,18,315.25,38.0,33.0,58.0,43.0,8,Mixed hub (commute + busy midday),3
TEST-01053,Merkato,2025-11-12 06:00:00,11.2,0.0,88.0,9.0,1,0,0,0.0,0,0,0,0,0,0,0,0,0,0,0,48.0,48.0,6,2,0,11,18,315.25,52.0,54.0,40.0,48.66666666666666,9,Market (midday peak),2
TEST-01262,Piassa,2025-11-12 06:00:00,11.2,0.0,88.0,9.0,1,0,0,0.0,0,0,0,0,0,0,0,0,0,0,0,48.0,48.0,6,2,0,11,18,315.25,30.0,22.0,31.0,27.666666666666668,10,Business / office (weekday commute),0
TEST-01083,Sarbet,2025-11-12 06:00:00,11.2,0.0,88.0,9.0,1,0,0,0.0,0,0,0,0,0,0,0,0,0,0,0,48.0,48.0,6,2,0,11,18,315.25,41.0,29.0,37.0,35.666666666666664,11,"Residential (evening peak, weekend >= weekday)",4
TEST-00603,Arat Kilo,2025-11-12 07:00:00,10.5,0.0,79.0,18.7,1,0,0,0.0,0,0,0,0,0,0,0,0,0,0,0,48.0,48.0,7,2,0,11,18,315.2916666666667,42.0,59.0,27.0,42.66666666666666,0,Business / office (weekday commute),0
TEST-02467,Ayat,2025-11-12 07:00:00,10.5,0.0,79.0,18.7,1,0,0,0.0,0,0,0,0,0,0,0,0,0,0,0,48.0,48.0,7,2,0,11,18,315.2916666666667,28.0,48.0,54.0,43.333333333333336,1,"Residential (evening peak, weekend >= weekday)",4
TEST-01424,Bole,2025-11-12 07:00:00,10.5,0.0,79.0,18.7,1,0,0,0.0,0,0,0,0,0,0,0,0,0,0,0,48.0,48.0,7,2,0,11,18,315.2916666666667,53.0,37.0,27.0,39.0,2,"Leisure / nightlife (late, weekend-heavy)",1
TEST-01735,CMC,2025-11-12 07:00:00,10.5,0.0,79.0,18.7,1,0,0,0.0,0,0,0,0,0,0,0,0,0,0,0,48.0,48.0,7,2,0,11,18,315.2916666666667,72.0,,75.0,73.5,3,"Residential (evening peak, weekend >= weekday)",4
TEST-03188,Gerji,2025-11-12 07:00:00,10.5,0.0,79.0,18.7,1,0,0,0.0,0,0,0,0,0,0,0,0,0,0,0,48.0,48.0,7,2,0,11,18,315.2916666666667,78.0,57.0,65.0,66.66666666666667,4,"Residential (evening peak, weekend >= weekday)",4
TEST-01173,Kazanchis,2025-11-12 07:00:00,10.5,0.0,79.0,18.7,1,0,0,0.0,0,0,0,0,0,0,0,0,0,0,0,48.0,34.0,7,2,0,11,18,315.2916666666667,63.0,72.0,60.0,65.0,5,Business / office (weekday commute),0
TEST-01191,Kolfe,2025-11-12 07:00:00,10.5,0.0,79.0,18.7,1,0,0,0.0,0,0,0,0,0,0,0,0,0,0,0,48.0,48.0,7,2,0,11,18,315.2916666666667,61.0,83.0,,72.0,6,"Residential (evening peak, weekend >= weekday)",4
TEST-00791,Lideta,2025-11-12 07:00:00,10.5,0.0,79.0,18.7,1,0,0,0.0,0,0,0,0,0,0,0,0,0,0,0,48.0,48.0,7,2,0,11,18,315.2916666666667,60.0,60.0,55.0,58.333333333333336,7,Mixed hub (commute + busy midday),3
TEST-02319,Megenagna,2025-11-12 07:00:00,10.5,0.0,79.0,18.7,1,0,0,0.0,0,0,0,0,0,0,0,0,0,0,0,48.0,33.0,7,2,0,11,18,315.2916666666667,92.0,90.0,75.0,85.66666666666667,8,Mixed hub (commute + busy midday),3
TEST-02052,Merkato,2025-11-12 07:00:00,10.5,0.0,79.0,18.7,1,0,0,0.0,0,0,0,0,0,0,0,0,0,0,0,48.0,48.0,7,2,0,11,18,315.2916666666667,87.0,72.0,68.0,75.66666666666667,9,Market (midday peak),2
TEST-00423,Piassa,2025-11-12 07:00:00,10.5,0.0,79.0,18.7,1,0,0,0.0,0,0,0,0,0,0,0,0,0,0,0,48.0,48.0,7,2,0,11,18,315.2916666666667,61.0,60.0,47.0,56.0,10,Business / office (weekday commute),0
TEST-02719,Sarbet,2025-11-12 07:00:00,10.5,0.0,79.0,18.7,1,0,0,0.0,0,0,0,0,0,0,0,0,0,0,0,48.0,48.0,7,2,0,11,18,315.2916666666667,78.0,59.0,50.0,62.333333333333336,11,"Residential (evening peak, weekend >= weekday)",4
TEST-02697,Arat Kilo,2025-11-12 08:00:00,12.7,0.0,85.0,11.2,1,0,0,0.0,0,0,0,0,0,0,0,0,0,0,0,48.0,48.0,8,2,0,11,18,315.3333333333333,64.0,47.0,58.0,56.333333333333336,0,Business / office (weekday commute),0
TEST-01521,Ayat,2025-11-12 08:00:00,12.7,0.0,85.0,11.2,1,0,0,0.0,0,0,0,0,0,0,0,0,0,0,0,48.0,48.0,8,2,0,11,18,315.3333333333333,49.0,40.0,41.0,43.333333333333336,1,"Residential (evening peak, weekend >= weekday)",4
TEST-01255,Bole,2025-11-12 08:00:00,12.7,0.0,85.0,11.2,1,0,0,0.0,0,0,0,0,0,0,0,0,0,0,0,48.0,48.0,8,2,0,11,18,315.3333333333333,60.0,53.0,36.0,49.66666666666666,2,"Leisure / nightlife (late, weekend-heavy)",1
TEST-00485,CMC,2025-11-12 08:00:00,12.7,0.0,85.0,11.2,1,0,0,0.0,0,0,0,0,0,0,0,0,0,0,0,48.0,48.0,8,2,0,11,18,315.3333333333333,48.0,48.0,51.0,49.0,3,"Residential (evening peak, weekend >= weekday)",4
TEST-00114,Gerji,2025-11-12 08:00:00,12.7,0.0,85.0,11.2,1,0,0,0.0,0,0,0,0,0,0,0,0,0,0,0,48.0,48.0,8,2,0,11,18,315.3333333333333,68.0,42.0,51.0,53.66666666666666,4,"Residential (evening peak, weekend >= weekday)",4
TEST-01531,Kazanchis,2025-11-12 08:00:00,12.7,0.0,85.0,11.2,1,0,0,0.0,0,0,0,0,0,0,0,0,0,0,0,48.0,35.0,8,2,0,11,18,315.3333333333333,91.0,86.0,90.0,89.0,5,Business / office (weekday commute),0
TEST-00647,Kolfe,2025-11-12 08:00:00,12.7,0.0,85.0,11.2,1,0,0,0.0,0,0,0,0,0,0,0,0,0,0,0,48.0,48.0,8,2,0,11,18,315.3333333333333,58.0,52.0,44.0,51.333333333333336,6,"Residential (evening peak, weekend >= weekday)",4
TEST-01121,Lideta,2025-11-12 08:00:00,12.7,0.0,85.0,11.2,1,0,0,0.0,0,0,0,0,0,0,0,0,0,0,0,48.0,48.0,8,2,0,11,18,315.3333333333333,82.0,55.0,59.0,65.33333333333333,7,Mixed hub (commute + busy midday),3
TEST-02408,Megenagna,2025-11-12 08:00:00,12.7,0.0,85.0,11.2,1,0,0,0.0,0,0,0,0,0,0,0,0,0,0,0,48.0,34.0,8,2,0,11,18,315.3333333333333,91.0,79.0,107.0,92.33333333333331,8,Mixed hub (commute + busy midday),3
TEST-01030,Merkato,2025-11-12 08:00:00,12.7,0.0,85.0,11.2,1,0,0,0.0,0,0,0,0,0,0,0,0,0,0,0,48.0,48.0,8,2,0,11,18,315.3333333333333,78.0,83.0,81.0,80.66666666666667,9,Market (midday peak),2
TEST-02756,Piassa,2025-11-12 08:00:00,12.7,0.0,85.0,11.2,1,0,0,0.0,0,0,0,0,0,0,0,0,0,0,0,48.0,48.0,8,2,0,11,18,315.3333333333333,107.0,,67.0,87.0,10,Business / office (weekday commute),0
TEST-03979,Sarbet,2025-11-12 08:00:00,12.7,0.0,85.0,11.2,1,0,0,0.0,0,0,0,0,0,0,0,0,0,0,0,48.0,48.0,8,2,0,11,18,315.3333333333333,50.0,46.0,45.0,47.0,11,"Residential (evening peak, weekend >= weekday)",4
TEST-01082,Arat Kilo,2025-11-12 09:00:00,13.1,2.6,82.0,10.4,1,0,0,2.5999999999999983,2,0,0,0,0,0,0,0,0,0,0,48.0,48.0,9,2,0,11,18,315.375,59.0,40.0,37.0,45.333333333333336,0,Business / office (weekday commute),0
TEST-02417,Ayat,2025-11-12 09:00:00,13.1,2.6,82.0,10.4,1,0,0,2.5999999999999983,2,0,0,0,0,0,0,0,0,0,0,48.0,48.0,9,2,0,11,18,315.375,26.0,37.0,15.0,26.0,1,"Residential (evening peak, weekend >= weekday)",4
TEST-01414,Bole,2025-11-12 09:00:00,13.1,2.6,82.0,10.4,1,0,0,2.5999999999999983,2,0,0,0,0,0,0,0,0,0,0,48.0,48.0,9,2,0,11,18,315.375,43.0,37.0,28.0,36.0,2,"Leisure / nightlife (late, weekend-heavy)",1
TEST-03239,CMC,2025-11-12 09:00:00,13.1,2.6,82.0,10.4,1,0,0,2.5999999999999983,2,0,0,0,0,0,0,0,0,0,0,48.0,48.0,9,2,0,11,18,315.375,32.0,33.0,28.0,31.0,3,"Residential (evening peak, weekend >= weekday)",4
TEST-03752,Gerji,2025-11-12 09:00:00,13.1,2.6,82.0,10.4,1,0,0,2.5999999999999983,2,0,0,0,0,0,0,0,0,0,0,48.0,48.0,9,2,0,11,18,315.375,32.0,36.0,23.0,30.33333333333333,4,"Residential (evening peak, weekend >= weekday)",4
TEST-03575,Kazanchis,2025-11-12 09:00:00,13.1,2.6,82.0,10.4,1,0,0,2.5999999999999983,2,0,0,0,0,0,0,0,0,0,0,48.0,36.0,9,2,0,11,18,315.375,72.0,61.0,41.0,58.0,5,Business / office (weekday commute),0
TEST-00594,Kolfe,2025-11-12 09:00:00,13.1,2.6,82.0,10.4,1,0,0,2.5999999999999983,2,0,0,0,0,0,0,0,0,0,0,48.0,48.0,9,2,0,11,18,315.375,26.0,33.0,28.0,29.0,6,"Residential (evening peak, weekend >= weekday)",4
TEST-00102,Lideta,2025-11-12 09:00:00,13.1,2.6,82.0,10.4,1,0,0,2.5999999999999983,2,0,0,0,0,0,0,0,0,0,0,48.0,48.0,9,2,0,11,18,315.375,65.0,57.0,,61.0,7,Mixed hub (commute + busy midday),3
TEST-02430,Megenagna,2025-11-12 09:00:00,13.1,2.6,82.0,10.4,1,0,0,2.5999999999999983,2,0,0,0,0,0,0,0,0,0,0,48.0,35.0,9,2,0,11,18,315.375,,57.0,77.0,67.0,8,Mixed hub (commute + busy midday),3
TEST-00066,Merkato,2025-11-12 09:00:00,13.1,2.6,82.0,10.4,1,0,0,2.5999999999999983,2,0,0,0,0,0,0,0,0,0,0,48.0,48.0,9,2,0,11,18,315.375,89.0,100.0,83.0,90.66666666666669,9,Market (midday peak),2
TEST-03663,Piassa,2025-11-12 09:00:00,13.1,2.6,82.0,10.4,1,0,0,2.5999999999999983,2,0,0,0,0,0,0,0,0,0,0,48.0,48.0,9,2,0,11,18,315.375,56.0,53.0,52.0,53.66666666666666,10,Business / office (weekday commute),0
TEST-00320,Sarbet,2025-11-12 09:00:00,13.1,2.6,82.0,10.4,1,0,0,2.5999999999999983,2,0,0,0,0,0,0,0,0,0,0,48.0,48.0,9,2,0,11,18,315.375,24.0,32.0,30.0,28.666666666666668,11,"Residential (evening peak, weekend >= weekday)",4
TEST-01005,Arat Kilo,2025-11-12 10:00:00,16.7,0.0,71.0,12.3,1,0,0,2.5999999999999983,0,0,0,0,0,0,0,0,0,0,0,48.0,48.0,10,2,0,11,18,315.4166666666667,11.0,23.0,16.0,16.666666666666668,0,Business / office (weekday commute),0
TEST-00702,Ayat,2025-11-12 10:00:00,16.7,0.0,71.0,12.3,1,0,0,2.5999999999999983,0,0,0,0,0,0,0,0,0,0,0,48.0,48.0,10,2,0,11,18,315.4166666666667,15.0,15.0,15.0,15.0,1,"Residential (evening peak, weekend >= weekday)",4
TEST-03116,Bole,2025-11-12 10:00:00,16.7,0.0,71.0,12.3,1,0,0,2.5999999999999983,0,0,0,0,0,0,0,0,0,0,0,48.0,48.0,10,2,0,11,18,315.4166666666667,52.0,36.0,,44.0,2,"Leisure / nightlife (late, weekend-heavy)",1
TEST-00852,CMC,2025-11-12 10:00:00,16.7,0.0,71.0,12.3,1,0,0,2.5999999999999983,0,0,0,0,0,0,0,0,0,0,0,48.0,48.0,10,2,0,11,18,315.4166666666667,23.0,21.0,14.0,19.33333333333333,3,"Residential (evening peak, weekend >= weekday)",4
TEST-00250,Gerji,2025-11-12 10:00:00,16.7,0.0,71.0,12.3,1,0,0,2.5999999999999983,0,0,0,0,0,0,0,0,0,0,0,48.0,48.0,10,2,0,11,18,315.4166666666667,23.0,15.0,16.0,18.0,4,"Residential (evening peak, weekend >= weekday)",4
TEST-01855,Kazanchis,2025-11-12 10:00:00,16.7,0.0,71.0,12.3,1,0,0,2.5999999999999983,0,0,0,0,0,0,0,0,0,0,0,48.0,37.0,10,2,0,11,18,315.4166666666667,32.0,23.0,30.0,28.33333333333333,5,Business / office (weekday commute),0
TEST-03724,Kolfe,2025-11-12 10:00:00,16.7,0.0,71.0,12.3,1,0,0,2.5999999999999983,0,0,0,0,0,0,0,0,0,0,0,48.0,48.0,10,2,0,11,18,315.4166666666667,24.0,22.0,22.0,22.666666666666668,6,"Residential (evening peak, weekend >= weekday)",4
TEST-02922,Lideta,2025-11-12 10:00:00,16.7,0.0,71.0,12.3,1,0,0,2.5999999999999983,0,0,0,0,0,0,0,0,0,0,0,48.0,48.0,10,2,0,11,18,315.4166666666667,52.0,41.0,49.0,47.333333333333336,7,Mixed hub (commute + busy midday),3
TEST-02648,Megenagna,2025-11-12 10:00:00,16.7,0.0,71.0,12.3,1,0,0,2.5999999999999983,0,0,0,0,0,0,0,0,0,0,0,48.0,36.0,10,2,0,11,18,315.4166666666667,61.0,39.0,53.0,51.0,8,Mixed hub (commute + busy midday),3
TEST-01204,Merkato,2025-11-12 10:00:00,16.7,0.0,71.0,12.3,1,0,0,2.5999999999999983,0,0,0,0,0,0,0,0,0,0,0,48.0,48.0,10,2,0,11,18,315.4166666666667,106.0,87.0,74.0,89.0,9,Market (midday peak),2
TEST-04023,Piassa,2025-11-12 10:00:00,16.7,0.0,71.0,12.3,1,0,0,2.5999999999999983,0,0,0,0,0,0,0,0,0,0,0,48.0,48.0,10,2,0,11,18,315.4166666666667,42.0,30.0,24.0,32.0,10,Business / office (weekday commute),0
TEST-01324,Sarbet,2025-11-12 10:00:00,16.7,0.0,71.0,12.3,1,0,0,2.5999999999999983,0,0,0,0,0,0,0,0,0,0,0,48.0,48.0,10,2,0,11,18,315.4166666666667,20.0,23.0,16.0,19.666666666666668,11,"Residential (evening peak, weekend >= weekday)",4
TEST-03457,Arat Kilo,2025-11-12 11:00:00,18.4,0.2,67.0,5.5,1,0,0,2.7999999999999985,1,0,0,0,0,0,0,0,0,0,0,48.0,48.0,11,2,0,11,18,315.4583333333333,20.0,13.0,,16.5,0,Business / office (weekday commute),0
TEST-02435,Ayat,2025-11-12 11:00:00,18.4,0.2,67.0,5.5,1,0,0,2.7999999999999985,1,0,0,0,0,0,0,0,0,0,0,48.0,48.0,11,2,0,11,18,315.4583333333333,17.0,17.0,13.0,15.666666666666666,1,"Residential (evening peak, weekend >= weekday)",4
TEST-01074,Bole,2025-11-12 11:00:00,18.4,0.2,67.0,5.5,1,0,0,2.7999999999999985,1,0,0,0,0,0,0,0,0,0,0,48.0,48.0,11,2,0,11,18,315.4583333333333,33.0,31.0,26.0,30.0,2,"Leisure / nightlife (late, weekend-heavy)",1
TEST-01509,CMC,2025-11-12 11:00:00,18.4,0.2,67.0,5.5,1,0,0,2.7999999999999985,1,0,0,0,0,0,0,0,0,0,0,48.0,48.0,11,2,0,11,18,315.4583333333333,17.0,19.0,31.0,22.33333333333333,3,"Residential (evening peak, weekend >= weekday)",4
TEST-03040,Gerji,2025-11-12 11:00:00,18.4,0.2,67.0,5.5,1,0,0,2.7999999999999985,1,0,0,0,0,0,0,0,0,0,0,48.0,48.0,11,2,0,11,18,315.4583333333333,23.0,20.0,21.0,21.33333333333333,4,"Residential (evening peak, weekend >= weekday)",4
TEST-02675,Kazanchis,2025-11-12 11:00:00,18.4,0.2,67.0,5.5,1,0,0,2.7999999999999985,1,0,0,0,0,0,0,0,0,0,0,48.0,38.0,11,2,0,11,18,315.4583333333333,26.0,21.0,34.0,27.0,5,Business / office (weekday commute),0
TEST-01078,Kolfe,2025-11-12 11:00:00,18.4,0.2,67.0,5.5,1,0,0,2.7999999999999985,1,0,0,0,0,0,0,0,0,0,0,48.0,48.0,11,2,0,11,18,315.4583333333333,23.0,17.0,,20.0,6,"Residential (evening peak, weekend >= weekday)",4
TEST-02812,Lideta,2025-11-12 11:00:00,18.4,0.2,67.0,5.5,1,0,0,2.7999999999999985,1,0,0,0,0,0,0,0,0,0,0,48.0,48.0,11,2,0,11,18,315.4583333333333,44.0,33.0,32.0,36.333333333333336,7,Mixed hub (commute + busy midday),3
TEST-03763,Megenagna,2025-11-12 11:00:00,18.4,0.2,67.0,5.5,1,0,0,2.7999999999999985,1,0,0,0,0,0,0,0,0,0,0,48.0,37.0,11,2,0,11,18,315.4583333333333,49.0,53.0,64.0,55.333333333333336,8,Mixed hub (commute + busy midday),3
TEST-01321,Merkato,2025-11-12 11:00:00,18.4,0.2,67.0,5.5,1,0,0,2.7999999999999985,1,0,0,0,0,0,0,0,0,0,0,48.0,48.0,11,2,0,11,18,315.4583333333333,112.0,107.0,111.0,110.0,9,Market (midday peak),2
TEST-00787,Piassa,2025-11-12 11:00:00,18.4,0.2,67.0,5.5,1,0,0,2.7999999999999985,1,0,0,0,0,0,0,0,0,0,0,48.0,48.0,11,2,0,11,18,315.4583333333333,41.0,17.0,20.0,26.0,10,Business / office (weekday commute),0
TEST-03174,Sarbet,2025-11-12 11:00:00,18.4,0.2,67.0,5.5,1,0,0,2.7999999999999985,1,0,0,0,0,0,0,0,0,0,0,48.0,48.0,11,2,0,11,18,315.4583333333333,22.0,20.0,21.0,21.0,11,"Residential (evening peak, weekend >= weekday)",4
TEST-00464,Arat Kilo,2025-11-12 12:00:00,18.0,0.0,62.0,13.0,1,0,0,0.1999999999999982,0,0,0,0,0,0,0,0,0,0,0,48.0,48.0,12,2,0,11,18,315.5,20.0,27.0,,23.5,0,Business / office (weekday commute),0
TEST-01706,Ayat,2025-11-12 12:00:00,18.0,0.0,62.0,13.0,1,0,0,0.1999999999999982,0,0,0,0,0,0,0,0,0,0,0,48.0,48.0,12,2,0,11,18,315.5,16.0,14.0,9.0,13.0,1,"Residential (evening peak, weekend >= weekday)",4
TEST-02038,Bole,2025-11-12 12:00:00,18.0,0.0,62.0,13.0,1,0,0,0.1999999999999982,0,0,0,0,0,0,0,0,0,0,0,48.0,48.0,12,2,0,11,18,315.5,38.0,42.0,24.0,34.666666666666664,2,"Leisure / nightlife (late, weekend-heavy)",1
TEST-02978,CMC,2025-11-12 12:00:00,18.0,0.0,62.0,13.0,1,0,0,0.1999999999999982,0,0,0,0,0,0,0,0,0,0,0,48.0,48.0,12,2,0,11,18,315.5,25.0,24.0,37.0,28.666666666666668,3,"Residential (evening peak, weekend >= weekday)",4
TEST-03370,Gerji,2025-11-12 12:00:00,18.0,0.0,62.0,13.0,1,0,0,0.1999999999999982,0,0,0,0,0,0,0,0,0,0,0,48.0,48.0,12,2,0,11,18,315.5,28.0,19.0,27.0,24.666666666666668,4,"Residential (evening peak, weekend >= weekday)",4
TEST-02803,Kazanchis,2025-11-12 12:00:00,18.0,0.0,62.0,13.0,1,0,0,0.1999999999999982,0,0,0,0,0,0,0,0,0,0,0,48.0,39.0,12,2,0,11,18,315.5,69.0,54.0,44.0,55.66666666666666,5,Business / office (weekday commute),0
TEST-01496,Kolfe,2025-11-12 12:00:00,18.0,0.0,62.0,13.0,1,0,0,0.1999999999999982,0,0,0,0,0,0,0,0,0,0,0,48.0,48.0,12,2,0,11,18,315.5,27.0,21.0,21.0,23.0,6,"Residential (evening peak, weekend >= weekday)",4
TEST-03222,Lideta,2025-11-12 12:00:00,18.0,0.0,62.0,13.0,1,0,0,0.1999999999999982,0,0,0,0,0,0,0,0,0,0,0,48.0,48.0,12,2,0,11,18,315.5,42.0,43.0,,42.5,7,Mixed hub (commute + busy midday),3
TEST-03535,Megenagna,2025-11-12 12:00:00,18.0,0.0,62.0,13.0,1,0,0,0.1999999999999982,0,0,0,0,0,0,0,0,0,0,0,48.0,38.0,12,2,0,11,18,315.5,53.0,45.0,47.0,48.333333333333336,8,Mixed hub (commute + busy midday),3
TEST-00185,Merkato,2025-11-12 12:00:00,18.0,0.0,62.0,13.0,1,0,0,0.1999999999999982,0,0,0,0,0,0,0,0,0,0,0,48.0,48.0,12,2,0,11,18,315.5,,138.0,99.0,118.5,9,Market (midday peak),2
TEST-03780,Piassa,2025-11-12 12:00:00,18.0,0.0,62.0,13.0,1,0,0,0.1999999999999982,0,0,0,0,0,0,0,0,0,0,0,48.0,48.0,12,2,0,11,18,315.5,46.0,41.0,30.0,39.0,10,Business / office (weekday commute),0
TEST-02695,Sarbet,2025-11-12 12:00:00,18.0,0.0,62.0,13.0,1,0,0,0.1999999999999982,0,0,0,0,0,0,0,0,0,0,0,48.0,48.0,12,2,0,11,18,315.5,19.0,14.0,16.0,16.333333333333332,11,"Residential (evening peak, weekend >= weekday)",4
TEST-02239,Arat Kilo,2025-11-12 13:00:00,21.7,0.0,60.0,6.5,1,0,0,0.1999999999999982,0,0,0,0,0,0,0,0,0,0,0,48.0,48.0,13,2,0,11,18,315.5416666666667,28.0,37.0,40.0,35.0,0,Business / office (weekday commute),0
TEST-03657,Ayat,2025-11-12 13:00:00,21.7,0.0,60.0,6.5,1,0,0,0.1999999999999982,0,0,0,0,0,0,0,0,0,0,0,48.0,48.0,13,2,0,11,18,315.5416666666667,17.0,13.0,15.0,15.0,1,"Residential (evening peak, weekend >= weekday)",4
TEST-01823,Bole,2025-11-12 13:00:00,21.7,0.0,60.0,6.5,1,0,0,0.1999999999999982,0,0,0,0,0,0,0,0,0,0,0,48.0,48.0,13,2,0,11,18,315.5416666666667,46.0,44.0,23.0,37.66666666666666,2,"Leisure / nightlife (late, weekend-heavy)",1
TEST-01559,CMC,2025-11-12 13:00:00,21.7,0.0,60.0,6.5,1,0,0,0.1999999999999982,0,0,0,0,0,0,0,0,0,0,0,48.0,48.0,13,2,0,11,18,315.5416666666667,25.0,24.0,24.0,24.33333333333333,3,"Residential (evening peak, weekend >= weekday)",4
TEST-01257,Gerji,2025-11-12 13:00:00,21.7,0.0,60.0,6.5,1,0,0,0.1999999999999982,0,0,0,0,0,0,0,0,0,0,0,48.0,48.0,13,2,0,11,18,315.5416666666667,26.0,34.0,,30.0,4,"Residential (evening peak, weekend >= weekday)",4
TEST-03420,Kazanchis,2025-11-12 13:00:00,21.7,0.0,60.0,6.5,1,0,0,0.1999999999999982,0,0,0,0,0,0,0,0,0,0,0,48.0,40.0,13,2,0,11,18,315.5416666666667,45.0,57.0,60.0,54.0,5,Business / office (weekday commute),0
TEST-01711,Kolfe,2025-11-12 13:00:00,21.7,0.0,60.0,6.5,1,0,0,0.1999999999999982,0,0,0,0,0,0,0,0,0,0,0,48.0,48.0,13,2,0,11,18,315.5416666666667,26.0,24.0,26.0,25.33333333333333,6,"Residential (evening peak, weekend >= weekday)",4
TEST-00522,Lideta,2025-11-12 13:00:00,21.7,0.0,60.0,6.5,1,0,0,0.1999999999999982,0,0,0,0,0,0,0,0,0,0,0,48.0,48.0,13,2,0,11,18,315.5416666666667,58.0,42.0,44.0,48.0,7,Mixed hub (commute + busy midday),3
TEST-03496,Megenagna,2025-11-12 13:00:00,21.7,0.0,60.0,6.5,1,0,0,0.1999999999999982,0,0,0,0,0,0,0,0,0,0,0,48.0,39.0,13,2,0,11,18,315.5416666666667,47.0,36.0,63.0,48.66666666666666,8,Mixed hub (commute + busy midday),3
TEST-00289,Merkato,2025-11-12 13:00:00,21.7,0.0,60.0,6.5,1,0,0,0.1999999999999982,0,0,0,0,0,0,0,0,0,0,0,48.0,48.0,13,2,0,11,18,315.5416666666667,119.0,96.0,91.0,102.0,9,Market (midday peak),2
TEST-03716,Piassa,2025-11-12 13:00:00,21.7,0.0,60.0,6.5,1,0,0,0.1999999999999982,0,0,0,0,0,0,0,0,0,0,0,48.0,48.0,13,2,0,11,18,315.5416666666667,59.0,58.0,45.0,54.0,10,Business / office (weekday commute),0
TEST-03269,Sarbet,2025-11-12 13:00:00,21.7,0.0,60.0,6.5,1,0,0,0.1999999999999982,0,0,0,0,0,0,0,0,0,0,0,48.0,48.0,13,2,0,11,18,315.5416666666667,24.0,13.0,14.0,17.0,11,"Residential (evening peak, weekend >= weekday)",4
TEST-03976,Arat Kilo,2025-11-12 14:00:00,21.6,0.0,75.0,12.5,1,0,0,0.0,0,0,0,0,0,0,0,0,0,0,0,48.0,48.0,14,2,0,11,18,315.5833333333333,23.0,37.0,35.0,31.666666666666668,0,Business / office (weekday commute),0
TEST-03707,Ayat,2025-11-12 14:00:00,21.6,0.0,75.0,12.5,1,0,0,0.0,0,0,0,0,0,0,0,0,0,0,0,48.0,48.0,14,2,0,11,18,315.5833333333333,21.0,12.0,5.0,12.666666666666666,1,"Residential (evening peak, weekend >= weekday)",4
TEST-00617,Bole,2025-11-12 14:00:00,21.6,0.0,75.0,12.5,1,0,0,0.0,0,0,0,0,0,0,0,0,0,0,0,48.0,48.0,14,2,0,11,18,315.5833333333333,52.0,46.0,21.0,39.66666666666666,2,"Leisure / nightlife (late, weekend-heavy)",1
TEST-03703,CMC,2025-11-12 14:00:00,21.6,0.0,75.0,12.5,1,0,0,0.0,0,0,0,0,0,0,0,0,0,0,0,48.0,48.0,14,2,0,11,18,315.5833333333333,28.0,34.0,14.0,25.33333333333333,3,"Residential (evening peak, weekend >= weekday)",4
TEST-00083,Gerji,2025-11-12 14:00:00,21.6,0.0,75.0,12.5,1,0,0,0.0,0,0,0,0,0,0,0,0,0,0,0,48.0,48.0,14,2,0,11,18,315.5833333333333,20.0,17.0,22.0,19.666666666666668,4,"Residential (evening peak, weekend >= weekday)",4
TEST-03307,Kazanchis,2025-11-12 14:00:00,21.6,0.0,75.0,12.5,1,0,0,0.0,0,0,0,0,0,0,0,0,0,0,0,48.0,41.0,14,2,0,11,18,315.5833333333333,59.0,42.0,44.0,48.333333333333336,5,Business / office (weekday commute),0
TEST-03507,Kolfe,2025-11-12 14:00:00,21.6,0.0,75.0,12.5,1,0,0,0.0,0,0,0,0,0,0,0,0,0,0,0,48.0,48.0,14,2,0,11,18,315.5833333333333,22.0,20.0,22.0,21.33333333333333,6,"Residential (evening peak, weekend >= weekday)",4
TEST-02886,Lideta,2025-11-12 14:00:00,21.6,0.0,75.0,12.5,1,0,0,0.0,0,0,0,0,0,0,0,0,0,0,0,48.0,48.0,14,2,0,11,18,315.5833333333333,25.0,37.0,45.0,35.666666666666664,7,Mixed hub (commute + busy midday),3
TEST-03359,Megenagna,2025-11-12 14:00:00,21.6,0.0,75.0,12.5,1,0,0,0.0,0,0,0,0,0,0,0,0,0,0,0,48.0,40.0,14,2,0,11,18,315.5833333333333,54.0,44.0,58.0,52.0,8,Mixed hub (commute + busy midday),3
TEST-00583,Merkato,2025-11-12 14:00:00,21.6,0.0,75.0,12.5,1,0,0,0.0,0,0,0,0,0,0,0,0,0,0,0,48.0,48.0,14,2,0,11,18,315.5833333333333,120.0,90.0,78.0,96.0,9,Market (midday peak),2
TEST-03394,Piassa,2025-11-12 14:00:00,21.6,0.0,75.0,12.5,1,0,0,0.0,0,0,0,0,0,0,0,0,0,0,0,48.0,48.0,14,2,0,11,18,315.5833333333333,53.0,41.0,36.0,43.333333333333336,10,Business / office (weekday commute),0
TEST-01580,Sarbet,2025-11-12 14:00:00,21.6,0.0,75.0,12.5,1,0,0,0.0,0,0,0,0,0,0,0,0,0,0,0,48.0,48.0,14,2,0,11,18,315.5833333333333,22.0,9.0,14.0,15.0,11,"Residential (evening peak, weekend >= weekday)",4
TEST-03452,Arat Kilo,2025-11-12 15:00:00,21.4,0.1,71.0,10.6,1,0,0,0.0999999999999982,1,0,0,0,0,0,0,0,0,0,0,48.0,48.0,15,2,0,11,18,315.625,39.0,44.0,27.0,36.66666666666666,0,Business / office (weekday commute),0
TEST-00505,Ayat,2025-11-12 15:00:00,21.4,0.1,71.0,10.6,1,0,0,0.0999999999999982,1,0,0,0,0,0,0,0,0,0,0,48.0,48.0,15,2,0,11,18,315.625,16.0,19.0,10.0,15.0,1,"Residential (evening peak, weekend >= weekday)",4
TEST-01177,Bole,2025-11-12 15:00:00,21.4,0.1,71.0,10.6,1,0,0,0.0999999999999982,1,0,0,0,0,0,0,0,0,0,0,48.0,48.0,15,2,0,11,18,315.625,43.0,47.0,20.0,36.66666666666666,2,"Leisure / nightlife (late, weekend-heavy)",1
TEST-02900,CMC,2025-11-12 15:00:00,21.4,0.1,71.0,10.6,1,0,0,0.0999999999999982,1,0,0,0,0,0,0,0,0,0,0,48.0,48.0,15,2,0,11,18,315.625,19.0,17.0,24.0,20.0,3,"Residential (evening peak, weekend >= weekday)",4
TEST-03583,Gerji,2025-11-12 15:00:00,21.4,0.1,71.0,10.6,1,0,0,0.0999999999999982,1,0,0,0,0,0,0,0,0,0,0,48.0,48.0,15,2,0,11,18,315.625,18.0,17.0,22.0,19.0,4,"Residential (evening peak, weekend >= weekday)",4
TEST-03832,Kazanchis,2025-11-12 15:00:00,21.4,0.1,71.0,10.6,1,0,0,0.0999999999999982,1,0,0,0,0,0,0,0,0,0,0,48.0,42.0,15,2,0,11,18,315.625,48.0,40.0,51.0,46.333333333333336,5,Business / office (weekday commute),0
TEST-03234,Kolfe,2025-11-12 15:00:00,21.4,0.1,71.0,10.6,1,0,0,0.0999999999999982,1,0,0,0,0,0,0,0,0,0,0,48.0,48.0,15,2,0,11,18,315.625,23.0,21.0,21.0,21.666666666666668,6,"Residential (evening peak, weekend >= weekday)",4
TEST-03942,Lideta,2025-11-12 15:00:00,21.4,0.1,71.0,10.6,1,0,0,0.0999999999999982,1,0,0,0,0,0,0,0,0,0,0,48.0,48.0,15,2,0,11,18,315.625,,39.0,31.0,35.0,7,Mixed hub (commute + busy midday),3
TEST-02263,Megenagna,2025-11-12 15:00:00,21.4,0.1,71.0,10.6,1,0,0,0.0999999999999982,1,0,0,0,0,0,0,0,0,0,0,48.0,41.0,15,2,0,11,18,315.625,74.0,43.0,60.0,59.0,8,Mixed hub (commute + busy midday),3
TEST-02915,Merkato,2025-11-12 15:00:00,21.4,0.1,71.0,10.6,1,0,0,0.0999999999999982,1,0,0,0,0,0,0,0,0,0,0,48.0,48.0,15,2,0,11,18,315.625,97.0,118.0,99.0,104.66666666666669,9,Market (midday peak),2
TEST-00606,Piassa,2025-11-12 15:00:00,21.4,0.1,71.0,10.6,1,0,0,0.0999999999999982,1,0,0,0,0,0,0,0,0,0,0,48.0,48.0,15,2,0,11,18,315.625,45.0,42.0,33.0,40.0,10,Business / office (weekday commute),0
TEST-00820,Sarbet,2025-11-12 15:00:00,21.4,0.1,71.0,10.6,1,0,0,0.0999999999999982,1,0,0,0,0,0,0,0,0,0,0,48.0,48.0,15,2,0,11,18,315.625,15.0,18.0,15.0,16.0,11,"Residential (evening peak, weekend >= weekday)",4
TEST-01044,Arat Kilo,2025-11-12 16:00:00,21.9,0.0,59.0,5.2,1,0,0,0.0999999999999982,0,0,0,0,0,0,0,0,0,0,0,48.0,48.0,16,2,0,11,18,315.6666666666667,47.0,46.0,38.0,43.66666666666666,0,Business / office (weekday commute),0
TEST-00525,Ayat,2025-11-12 16:00:00,21.9,0.0,59.0,5.2,1,0,0,0.0999999999999982,0,0,0,0,0,0,0,0,0,0,0,48.0,48.0,16,2,0,11,18,315.6666666666667,29.0,12.0,17.0,19.33333333333333,1,"Residential (evening peak, weekend >= weekday)",4
TEST-03157,Bole,2025-11-12 16:00:00,21.9,0.0,59.0,5.2,1,0,0,0.0999999999999982,0,0,0,0,0,0,0,0,0,0,0,48.0,48.0,16,2,0,11,18,315.6666666666667,43.0,23.0,28.0,31.33333333333333,2,"Leisure / nightlife (late, weekend-heavy)",1
TEST-02951,CMC,2025-11-12 16:00:00,21.9,0.0,59.0,5.2,1,0,0,0.0999999999999982,0,0,0,0,0,0,0,0,0,0,0,48.0,48.0,16,2,0,11,18,315.6666666666667,30.0,22.0,23.0,25.0,3,"Residential (evening peak, weekend >= weekday)",4
TEST-02257,Gerji,2025-11-12 16:00:00,21.9,0.0,59.0,5.2,1,0,0,0.0999999999999982,0,0,0,0,0,0,0,0,0,0,0,48.0,48.0,16,2,0,11,18,315.6666666666667,49.0,33.0,34.0,38.66666666666666,4,"Residential (evening peak, weekend >= weekday)",4
TEST-03180,Kazanchis,2025-11-12 16:00:00,21.9,0.0,59.0,5.2,1,0,0,0.0999999999999982,0,0,0,0,0,0,0,0,0,0,0,48.0,43.0,16,2,0,11,18,315.6666666666667,80.0,63.0,62.0,68.33333333333333,5,Business / office (weekday commute),0
TEST-00816,Kolfe,2025-11-12 16:00:00,21.9,0.0,59.0,5.2,1,0,0,0.0999999999999982,0,0,0,0,0,0,0,0,0,0,0,48.0,48.0,16,2,0,11,18,315.6666666666667,32.0,33.0,27.0,30.666666666666668,6,"Residential (evening peak, weekend >= weekday)",4
TEST-03557,Lideta,2025-11-12 16:00:00,21.9,0.0,59.0,5.2,1,0,0,0.0999999999999982,0,0,0,0,0,0,0,0,0,0,0,48.0,48.0,16,2,0,11,18,315.6666666666667,76.0,50.0,51.0,59.0,7,Mixed hub (commute + busy midday),3
TEST-02807,Megenagna,2025-11-12 16:00:00,21.9,0.0,59.0,5.2,1,0,0,0.0999999999999982,0,0,0,0,0,0,0,0,0,0,0,48.0,42.0,16,2,0,11,18,315.6666666666667,112.0,61.0,60.0,77.66666666666667,8,Mixed hub (commute + busy midday),3
TEST-03992,Merkato,2025-11-12 16:00:00,21.9,0.0,59.0,5.2,1,0,0,0.0999999999999982,0,0,0,0,0,0,0,0,0,0,0,48.0,48.0,16,2,0,11,18,315.6666666666667,76.0,,,76.0,9,Market (midday peak),2
TEST-00681,Piassa,2025-11-12 16:00:00,21.9,0.0,59.0,5.2,1,0,0,0.0999999999999982,0,0,0,0,0,0,0,0,0,0,0,48.0,48.0,16,2,0,11,18,315.6666666666667,103.0,68.0,51.0,74.0,10,Business / office (weekday commute),0
TEST-03983,Sarbet,2025-11-12 16:00:00,21.9,0.0,59.0,5.2,1,0,0,0.0999999999999982,0,0,0,0,0,0,0,0,0,0,0,48.0,48.0,16,2,0,11,18,315.6666666666667,37.0,19.0,17.0,24.33333333333333,11,"Residential (evening peak, weekend >= weekday)",4
TEST-01594,Arat Kilo,2025-11-12 17:00:00,18.9,0.0,66.0,14.0,1,0,0,0.0999999999999982,0,0,0,0,0,0,0,0,0,0,0,48.0,48.0,17,2,0,11,18,315.7083333333333,65.0,,64.0,64.5,0,Business / office (weekday commute),0
TEST-00543,Ayat,2025-11-12 17:00:00,18.9,0.0,66.0,14.0,1,0,0,0.0999999999999982,0,0,0,0,0,0,0,0,0,0,0,48.0,48.0,17,2,0,11,18,315.7083333333333,17.0,28.0,30.0,25.0,1,"Residential (evening peak, weekend >= weekday)",4
TEST-03111,Bole,2025-11-12 17:00:00,18.9,0.0,66.0,14.0,1,0,0,0.0999999999999982,0,0,0,0,0,0,0,0,0,0,0,48.0,48.0,17,2,0,11,18,315.7083333333333,47.0,30.0,,38.5,2,"Leisure / nightlife (late, weekend-heavy)",1
TEST-03309,CMC,2025-11-12 17:00:00,18.9,0.0,66.0,14.0,1,0,0,0.0999999999999982,0,0,0,0,0,0,0,0,0,0,0,48.0,48.0,17,2,0,11,18,315.7083333333333,58.0,32.0,28.0,39.333333333333336,3,"Residential (evening peak, weekend >= weekday)",4
TEST-00870,Gerji,2025-11-12 17:00:00,18.9,0.0,66.0,14.0,1,0,0,0.0999999999999982,0,0,0,0,0,0,0,0,0,0,0,48.0,48.0,17,2,0,11,18,315.7083333333333,44.0,40.0,29.0,37.66666666666666,4,"Residential (evening peak, weekend >= weekday)",4
TEST-03485,Kazanchis,2025-11-12 17:00:00,18.9,0.0,66.0,14.0,1,0,0,0.0999999999999982,0,0,0,0,0,0,0,0,0,0,0,48.0,44.0,17,2,0,11,18,315.7083333333333,118.0,114.0,82.0,104.66666666666669,5,Business / office (weekday commute),0
TEST-03956,Kolfe,2025-11-12 17:00:00,18.9,0.0,66.0,14.0,1,0,0,0.0999999999999982,0,0,0,0,0,0,0,0,0,0,0,48.0,48.0,17,2,0,11,18,315.7083333333333,39.0,22.0,30.0,30.33333333333333,6,"Residential (evening peak, weekend >= weekday)",4
TEST-02357,Lideta,2025-11-12 17:00:00,18.9,0.0,66.0,14.0,1,0,0,0.0999999999999982,0,0,0,0,0,0,0,0,0,0,0,48.0,48.0,17,2,0,11,18,315.7083333333333,71.0,59.0,70.0,66.66666666666667,7,Mixed hub (commute + busy midday),3
TEST-01762,Megenagna,2025-11-12 17:00:00,18.9,0.0,66.0,14.0,1,0,0,0.0999999999999982,0,0,0,0,0,0,0,0,0,0,0,48.0,43.0,17,2,0,11,18,315.7083333333333,104.0,120.0,85.0,103.0,8,Mixed hub (commute + busy midday),3
TEST-02176,Merkato,2025-11-12 17:00:00,18.9,0.0,66.0,14.0,1,0,0,0.0999999999999982,0,0,0,0,0,0,0,0,0,0,0,48.0,48.0,17,2,0,11,18,315.7083333333333,63.0,42.0,47.0,50.66666666666666,9,Market (midday peak),2
TEST-01481,Piassa,2025-11-12 17:00:00,18.9,0.0,66.0,14.0,1,0,0,0.0999999999999982,0,0,0,0,0,0,0,0,0,0,0,48.0,48.0,17,2,0,11,18,315.7083333333333,,78.0,103.0,90.5,10,Business / office (weekday commute),0
TEST-01409,Sarbet,2025-11-12 17:00:00,18.9,0.0,66.0,14.0,1,0,0,0.0999999999999982,0,0,0,0,0,0,0,0,0,0,0,48.0,48.0,17,2,0,11,18,315.7083333333333,39.0,35.0,47.0,40.333333333333336,11,"Residential (evening peak, weekend >= weekday)",4
TEST-00486,Arat Kilo,2025-11-12 18:00:00,17.4,0.0,68.0,6.8,1,0,0,0.0,0,0,0,0,0,0,0,0,0,0,0,48.0,48.0,18,2,0,11,18,315.75,109.0,54.0,66.0,76.33333333333333,0,Business / office (weekday commute),0
TEST-03939,Ayat,2025-11-12 18:00:00,17.4,0.0,68.0,6.8,1,0,0,0.0,0,0,0,0,0,0,0,0,0,0,0,48.0,48.0,18,2,0,11,18,315.75,50.0,36.0,25.0,37.0,1,"Residential (evening peak, weekend >= weekday)",4
TEST-00020,Bole,2025-11-12 18:00:00,17.4,0.0,68.0,6.8,1,0,0,0.0,0,0,0,0,0,0,0,0,0,0,0,48.0,48.0,18,2,0,11,18,315.75,64.0,43.0,27.0,44.66666666666666,2,"Leisure / nightlife (late, weekend-heavy)",1
TEST-00104,CMC,2025-11-12 18:00:00,17.4,0.0,68.0,6.8,1,0,0,0.0,0,0,0,0,0,0,0,0,0,0,0,48.0,48.0,18,2,0,11,18,315.75,75.0,41.0,46.0,54.0,3,"Residential (evening peak, weekend >= weekday)",4
TEST-01226,Gerji,2025-11-12 18:00:00,17.4,0.0,68.0,6.8,1,0,0,0.0,0,0,0,0,0,0,0,0,0,0,0,48.0,48.0,18,2,0,11,18,315.75,83.0,43.0,48.0,58.0,4,"Residential (evening peak, weekend >= weekday)",4
TEST-00835,Kazanchis,2025-11-12 18:00:00,17.4,0.0,68.0,6.8,1,0,0,0.0,0,0,0,0,0,0,0,0,0,0,0,48.0,45.0,18,2,0,11,18,315.75,123.0,131.0,93.0,115.66666666666669,5,Business / office (weekday commute),0
TEST-03715,Kolfe,2025-11-12 18:00:00,17.4,0.0,68.0,6.8,1,0,0,0.0,0,0,0,0,0,0,0,0,0,0,0,48.0,48.0,18,2,0,11,18,315.75,63.0,40.0,41.0,48.0,6,"Residential (evening peak, weekend >= weekday)",4
TEST-03738,Lideta,2025-11-12 18:00:00,17.4,0.0,68.0,6.8,1,0,0,0.0,0,0,0,0,0,0,0,0,0,0,0,48.0,48.0,18,2,0,11,18,315.75,121.0,61.0,67.0,83.0,7,Mixed hub (commute + busy midday),3
TEST-01875,Megenagna,2025-11-12 18:00:00,17.4,0.0,68.0,6.8,1,0,0,0.0,0,0,0,0,0,0,0,0,0,0,0,48.0,44.0,18,2,0,11,18,315.75,183.0,115.0,98.0,132.0,8,Mixed hub (commute + busy midday),3
TEST-02975,Merkato,2025-11-12 18:00:00,17.4,0.0,68.0,6.8,1,0,0,0.0,0,0,0,0,0,0,0,0,0,0,0,48.0,48.0,18,2,0,11,18,315.75,33.0,45.0,35.0,37.66666666666666,9,Market (midday peak),2
TEST-01719,Piassa,2025-11-12 18:00:00,17.4,0.0,68.0,6.8,1,0,0,0.0,0,0,0,0,0,0,0,0,0,0,0,48.0,48.0,18,2,0,11,18,315.75,129.0,97.0,110.0,112.0,10,Business / office (weekday commute),0
TEST-03782,Sarbet,2025-11-12 18:00:00,17.4,0.0,68.0,6.8,1,0,0,0.0,0,0,0,0,0,0,0,0,0,0,0,48.0,48.0,18,2,0,11,18,315.75,57.0,28.0,44.0,43.0,11,"Residential (evening peak, weekend >= weekday)",4
TEST-01889,Arat Kilo,2025-11-12 19:00:00,16.5,0.0,61.0,10.2,1,0,0,0.0,0,0,0,0,0,0,0,0,0,0,0,48.0,48.0,19,2,0,11,18,315.7916666666667,54.0,41.0,57.0,50.66666666666666,0,Business / office (weekday commute),0
TEST-02094,Ayat,2025-11-12 19:00:00,16.5,0.0,61.0,10.2,1,0,0,0.0,0,0,0,0,0,0,0,0,0,0,0,48.0,48.0,19,2,0,11,18,315.7916666666667,38.0,41.0,34.0,37.66666666666666,1,"Residential (evening peak, weekend >= weekday)",4
TEST-01799,Bole,2025-11-12 19:00:00,16.5,0.0,61.0,10.2,1,0,0,0.0,0,0,0,0,0,0,0,0,0,0,0,48.0,48.0,19,2,0,11,18,315.7916666666667,54.0,46.0,37.0,45.66666666666666,2,"Leisure / nightlife (late, weekend-heavy)",1
TEST-01654,CMC,2025-11-12 19:00:00,16.5,0.0,61.0,10.2,1,0,0,0.0,0,0,0,0,0,0,0,0,0,0,0,48.0,48.0,19,2,0,11,18,315.7916666666667,60.0,64.0,74.0,66.0,3,"Residential (evening peak, weekend >= weekday)",4
TEST-00845,Gerji,2025-11-12 19:00:00,16.5,0.0,61.0,10.2,1,0,0,0.0,0,0,0,0,0,0,0,0,0,0,0,48.0,48.0,19,2,0,11,18,315.7916666666667,59.0,53.0,51.0,54.333333333333336,4,"Residential (evening peak, weekend >= weekday)",4
TEST-02364,Kazanchis,2025-11-12 19:00:00,16.5,0.0,61.0,10.2,1,0,0,0.0,0,0,0,0,0,0,0,0,0,0,0,48.0,46.0,19,2,0,11,18,315.7916666666667,91.0,85.0,86.0,87.33333333333333,5,Business / office (weekday commute),0
TEST-01777,Kolfe,2025-11-12 19:00:00,16.5,0.0,61.0,10.2,1,0,0,0.0,0,0,0,0,0,0,0,0,0,0,0,48.0,48.0,19,2,0,11,18,315.7916666666667,45.0,50.0,42.0,45.66666666666666,6,"Residential (evening peak, weekend >= weekday)",4
TEST-01948,Lideta,2025-11-12 19:00:00,16.5,0.0,61.0,10.2,1,0,0,0.0,0,0,0,0,0,0,0,0,0,0,0,48.0,48.0,19,2,0,11,18,315.7916666666667,48.0,51.0,47.0,48.66666666666666,7,Mixed hub (commute + busy midday),3
TEST-00725,Megenagna,2025-11-12 19:00:00,16.5,0.0,61.0,10.2,1,0,0,0.0,0,0,0,0,0,0,0,0,0,0,0,48.0,45.0,19,2,0,11,18,315.7916666666667,104.0,67.0,93.0,88.0,8,Mixed hub (commute + busy midday),3
TEST-03319,Merkato,2025-11-12 19:00:00,16.5,0.0,61.0,10.2,1,0,0,0.0,0,0,0,0,0,0,0,0,0,0,0,48.0,48.0,19,2,0,11,18,315.7916666666667,23.0,17.0,22.0,20.666666666666668,9,Market (midday peak),2
TEST-03932,Piassa,2025-11-12 19:00:00,16.5,0.0,61.0,10.2,1,0,0,0.0,0,0,0,0,0,0,0,0,0,0,0,48.0,48.0,19,2,0,11,18,315.7916666666667,76.0,64.0,83.0,74.33333333333333,10,Business / office (weekday commute),0
TEST-01773,Sarbet,2025-11-12 19:00:00,16.5,0.0,61.0,10.2,1,0,0,0.0,0,0,0,0,0,0,0,0,0,0,0,48.0,48.0,19,2,0,11,18,315.7916666666667,42.0,40.0,71.0,51.0,11,"Residential (evening peak, weekend >= weekday)",4
TEST-03421,Arat Kilo,2025-11-12 20:00:00,16.7,0.0,64.0,8.7,1,0,0,0.0,0,0,0,0,0,0,0,0,0,0,0,48.0,48.0,20,2,0,11,18,315.8333333333333,71.0,30.0,23.0,41.333333333333336,0,Business / office (weekday commute),0
TEST-00495,Ayat,2025-11-12 20:00:00,16.7,0.0,64.0,8.7,1,0,0,0.0,0,0,0,0,0,0,0,0,0,0,0,48.0,48.0,20,2,0,11,18,315.8333333333333,60.0,30.0,36.0,42.0,1,"Residential (evening peak, weekend >= weekday)",4
TEST-01073,Bole,2025-11-12 20:00:00,16.7,0.0,64.0,8.7,1,0,0,0.0,0,0,0,0,0,0,0,0,0,0,0,48.0,48.0,20,2,0,11,18,315.8333333333333,64.0,54.0,39.0,52.333333333333336,2,"Leisure / nightlife (late, weekend-heavy)",1
TEST-03802,CMC,2025-11-12 20:00:00,16.7,0.0,64.0,8.7,1,0,0,0.0,0,0,0,0,0,0,0,0,0,0,0,48.0,48.0,20,2,0,11,18,315.8333333333333,83.0,52.0,39.0,58.0,3,"Residential (evening peak, weekend >= weekday)",4
TEST-01952,Gerji,2025-11-12 20:00:00,16.7,0.0,64.0,8.7,1,0,0,0.0,0,0,0,0,0,0,0,0,0,0,0,48.0,48.0,20,2,0,11,18,315.8333333333333,56.0,50.0,61.0,55.66666666666666,4,"Residential (evening peak, weekend >= weekday)",4
TEST-02966,Kazanchis,2025-11-12 20:00:00,16.7,0.0,64.0,8.7,1,0,0,0.0,0,0,0,0,0,0,0,0,0,0,0,48.0,47.0,20,2,0,11,18,315.8333333333333,82.0,75.0,53.0,70.0,5,Business / office (weekday commute),0
TEST-03677,Kolfe,2025-11-12 20:00:00,16.7,0.0,64.0,8.7,1,0,0,0.0,0,0,0,0,0,0,0,0,0,0,0,48.0,48.0,20,2,0,11,18,315.8333333333333,58.0,37.0,37.0,44.0,6,"Residential (evening peak, weekend >= weekday)",4
TEST-03641,Lideta,2025-11-12 20:00:00,16.7,0.0,64.0,8.7,1,0,0,0.0,0,0,0,0,0,0,0,0,0,0,0,48.0,48.0,20,2,0,11,18,315.8333333333333,59.0,31.0,42.0,44.0,7,Mixed hub (commute + busy midday),3
TEST-00315,Megenagna,2025-11-12 20:00:00,16.7,0.0,64.0,8.7,1,0,0,0.0,0,0,0,0,0,0,0,0,0,0,0,48.0,46.0,20,2,0,11,18,315.8333333333333,89.0,56.0,58.0,67.66666666666667,8,Mixed hub (commute + busy midday),3
TEST-01261,Merkato,2025-11-12 20:00:00,16.7,0.0,64.0,8.7,1,0,0,0.0,0,0,0,0,0,0,0,0,0,0,0,48.0,48.0,20,2,0,11,18,315.8333333333333,11.0,17.0,20.0,16.0,9,Market (midday peak),2
TEST-02409,Piassa,2025-11-12 20:00:00,16.7,0.0,64.0,8.7,1,0,0,0.0,0,0,0,0,0,0,0,0,0,0,0,48.0,48.0,20,2,0,11,18,315.8333333333333,110.0,25.0,54.0,63.0,10,Business / office (weekday commute),0
TEST-02218,Sarbet,2025-11-12 20:00:00,16.7,0.0,64.0,8.7,1,0,0,0.0,0,0,0,0,0,0,0,0,0,0,0,48.0,48.0,20,2,0,11,18,315.8333333333333,61.0,36.0,30.0,42.333333333333336,11,"Residential (evening peak, weekend >= weekday)",4
TEST-03634,Arat Kilo,2025-11-12 21:00:00,16.1,0.0,74.0,13.8,1,0,0,0.0,0,0,0,0,0,0,0,0,0,0,0,48.0,48.0,21,2,0,11,18,315.875,21.0,28.0,25.0,24.666666666666668,0,Business / office (weekday commute),0
TEST-01895,Ayat,2025-11-12 21:00:00,16.1,0.0,74.0,13.8,1,0,0,0.0,0,0,0,0,0,0,0,0,0,0,0,48.0,48.0,21,2,0,11,18,315.875,,18.0,22.0,20.0,1,"Residential (evening peak, weekend >= weekday)",4
TEST-02118,Bole,2025-11-12 21:00:00,16.1,0.0,74.0,13.8,1,0,0,0.0,0,0,0,0,0,0,0,0,0,0,0,48.0,48.0,21,2,0,11,18,315.875,47.0,,32.0,39.5,2,"Leisure / nightlife (late, weekend-heavy)",1
TEST-03287,CMC,2025-11-12 21:00:00,16.1,0.0,74.0,13.8,1,0,0,0.0,0,0,0,0,0,0,0,0,0,0,0,48.0,48.0,21,2,0,11,18,315.875,27.0,32.0,32.0,30.33333333333333,3,"Residential (evening peak, weekend >= weekday)",4
TEST-03859,Gerji,2025-11-12 21:00:00,16.1,0.0,74.0,13.8,1,0,0,0.0,0,0,0,0,0,0,0,0,0,0,0,48.0,48.0,21,2,0,11,18,315.875,35.0,34.0,35.0,34.666666666666664,4,"Residential (evening peak, weekend >= weekday)",4
TEST-00515,Kazanchis,2025-11-12 21:00:00,16.1,0.0,74.0,13.8,1,0,0,0.0,0,0,0,0,0,0,0,0,0,0,0,48.0,48.0,21,2,0,11,18,315.875,38.0,57.0,35.0,43.333333333333336,5,Business / office (weekday commute),0
TEST-03548,Kolfe,2025-11-12 21:00:00,16.1,0.0,74.0,13.8,1,0,0,0.0,0,0,0,0,0,0,0,0,0,0,0,48.0,48.0,21,2,0,11,18,315.875,31.0,34.0,33.0,32.666666666666664,6,"Residential (evening peak, weekend >= weekday)",4
TEST-01651,Lideta,2025-11-12 21:00:00,16.1,0.0,74.0,13.8,1,0,0,0.0,0,0,0,0,0,0,0,0,0,0,0,48.0,48.0,21,2,0,11,18,315.875,18.0,22.0,26.0,22.0,7,Mixed hub (commute + busy midday),3
TEST-00623,Megenagna,2025-11-12 21:00:00,16.1,0.0,74.0,13.8,1,0,0,0.0,0,0,0,0,0,0,0,0,0,0,0,48.0,47.0,21,2,0,11,18,315.875,23.0,22.0,17.0,20.666666666666668,8,Mixed hub (commute + busy midday),3
TEST-00891,Merkato,2025-11-12 21:00:00,16.1,0.0,74.0,13.8,1,0,0,0.0,0,0,0,0,0,0,0,0,0,0,0,48.0,48.0,21,2,0,11,18,315.875,12.0,7.0,8.0,9.0,9,Market (midday peak),2
TEST-00799,Piassa,2025-11-12 21:00:00,16.1,0.0,74.0,13.8,1,0,0,0.0,0,0,0,0,0,0,0,0,0,0,0,48.0,48.0,21,2,0,11,18,315.875,40.0,32.0,32.0,34.666666666666664,10,Business / office (weekday commute),0
TEST-01148,Sarbet,2025-11-12 21:00:00,16.1,0.0,74.0,13.8,1,0,0,0.0,0,0,0,0,0,0,0,0,0,0,0,48.0,48.0,21,2,0,11,18,315.875,36.0,31.0,25.0,30.666666666666668,11,"Residential (evening peak, weekend >= weekday)",4
TEST-02910,Arat Kilo,2025-11-12 22:00:00,13.2,1.2,71.0,14.1,1,0,0,1.1999999999999982,2,0,0,0,0,0,0,0,0,0,0,48.0,48.0,22,2,0,11,18,315.9166666666667,8.0,18.0,10.0,12.0,0,Business / office (weekday commute),0
TEST-01205,Ayat,2025-11-12 22:00:00,13.2,1.2,71.0,14.1,1,0,0,1.1999999999999982,2,0,0,0,0,0,0,0,0,0,0,48.0,48.0,22,2,0,11,18,315.9166666666667,15.0,19.0,9.0,14.333333333333334,1,"Residential (evening peak, weekend >= weekday)",4
TEST-00465,Bole,2025-11-12 22:00:00,13.2,1.2,71.0,14.1,1,0,0,1.1999999999999982,2,0,0,0,0,0,0,0,0,0,0,48.0,48.0,22,2,0,11,18,315.9166666666667,38.0,,27.0,32.5,2,"Leisure / nightlife (late, weekend-heavy)",1
TEST-03869,CMC,2025-11-12 22:00:00,13.2,1.2,71.0,14.1,1,0,0,1.1999999999999982,2,0,0,0,0,0,0,0,0,0,0,48.0,48.0,22,2,0,11,18,315.9166666666667,18.0,25.0,25.0,22.666666666666668,3,"Residential (evening peak, weekend >= weekday)",4
TEST-04008,Gerji,2025-11-12 22:00:00,13.2,1.2,71.0,14.1,1,0,0,1.1999999999999982,2,0,0,0,0,0,0,0,0,0,0,48.0,48.0,22,2,0,11,18,315.9166666666667,24.0,24.0,24.0,24.0,4,"Residential (evening peak, weekend >= weekday)",4
TEST-01346,Kazanchis,2025-11-12 22:00:00,13.2,1.2,71.0,14.1,1,0,0,1.1999999999999982,2,0,0,0,0,0,0,0,0,0,0,48.0,48.0,22,2,0,11,18,315.9166666666667,17.0,38.0,15.0,23.33333333333333,5,Business / office (weekday commute),0
TEST-03497,Kolfe,2025-11-12 22:00:00,13.2,1.2,71.0,14.1,1,0,0,1.1999999999999982,2,0,0,0,0,0,0,0,0,0,0,48.0,48.0,22,2,0,11,18,315.9166666666667,31.0,13.0,19.0,21.0,6,"Residential (evening peak, weekend >= weekday)",4
TEST-01536,Lideta,2025-11-12 22:00:00,13.2,1.2,71.0,14.1,1,0,0,1.1999999999999982,2,0,0,0,0,0,0,0,0,0,0,48.0,48.0,22,2,0,11,18,315.9166666666667,9.0,,8.0,8.5,7,Mixed hub (commute + busy midday),3
TEST-03596,Megenagna,2025-11-12 22:00:00,13.2,1.2,71.0,14.1,1,0,0,1.1999999999999982,2,0,0,0,0,0,0,0,0,0,0,48.0,48.0,22,2,0,11,18,315.9166666666667,13.0,14.0,20.0,15.666666666666666,8,Mixed hub (commute + busy midday),3
TEST-01865,Merkato,2025-11-12 22:00:00,13.2,1.2,71.0,14.1,1,0,0,1.1999999999999982,2,0,0,0,0,0,0,0,0,0,0,48.0,48.0,22,2,0,11,18,315.9166666666667,4.0,3.0,8.0,5.0,9,Market (midday peak),2
TEST-00615,Piassa,2025-11-12 22:00:00,13.2,1.2,71.0,14.1,1,0,0,1.1999999999999982,2,0,0,0,0,0,0,0,0,0,0,48.0,48.0,22,2,0,11,18,315.9166666666667,19.0,15.0,13.0,15.666666666666666,10,Business / office (weekday commute),0
TEST-01741,Sarbet,2025-11-12 22:00:00,13.2,1.2,71.0,14.1,1,0,0,1.1999999999999982,2,0,0,0,0,0,0,0,0,0,0,48.0,48.0,22,2,0,11,18,315.9166666666667,22.0,20.0,21.0,21.0,11,"Residential (evening peak, weekend >= weekday)",4
TEST-00704,Arat Kilo,2025-11-12 23:00:00,10.6,0.0,90.0,21.8,1,0,0,1.1999999999999982,0,0,0,0,0,0,0,0,0,0,0,48.0,48.0,23,2,0,11,18,315.9583333333333,8.0,5.0,6.0,6.333333333333333,0,Business / office (weekday commute),0
TEST-00872,Ayat,2025-11-12 23:00:00,10.6,0.0,90.0,21.8,1,0,0,1.1999999999999982,0,0,0,0,0,0,0,0,0,0,0,48.0,48.0,23,2,0,11,18,315.9583333333333,7.0,10.0,8.0,8.333333333333334,1,"Residential (evening peak, weekend >= weekday)",4
TEST-01093,Bole,2025-11-12 23:00:00,10.6,0.0,90.0,21.8,1,0,0,1.1999999999999982,0,0,0,0,0,0,0,0,0,0,0,48.0,48.0,23,2,0,11,18,315.9583333333333,18.0,11.0,7.0,12.0,2,"Leisure / nightlife (late, weekend-heavy)",1
TEST-02664,CMC,2025-11-12 23:00:00,10.6,0.0,90.0,21.8,1,0,0,1.1999999999999982,0,0,0,0,0,0,0,0,0,0,0,48.0,48.0,23,2,0,11,18,315.9583333333333,10.0,13.0,15.0,12.666666666666666,3,"Residential (evening peak, weekend >= weekday)",4
TEST-00296,Gerji,2025-11-12 23:00:00,10.6,0.0,90.0,21.8,1,0,0,1.1999999999999982,0,0,0,0,0,0,0,0,0,0,0,48.0,48.0,23,2,0,11,18,315.9583333333333,10.0,10.0,10.0,10.0,4,"Residential (evening peak, weekend >= weekday)",4
TEST-02265,Kazanchis,2025-11-12 23:00:00,10.6,0.0,90.0,21.8,1,0,0,1.1999999999999982,0,0,0,0,0,0,0,0,0,0,0,48.0,48.0,23,2,0,11,18,315.9583333333333,7.0,13.0,10.0,10.0,5,Business / office (weekday commute),0
TEST-02681,Kolfe,2025-11-12 23:00:00,10.6,0.0,90.0,21.8,1,0,0,1.1999999999999982,0,0,0,0,0,0,0,0,0,0,0,48.0,48.0,23,2,0,11,18,315.9583333333333,13.0,7.0,12.0,10.666666666666666,6,"Residential (evening peak, weekend >= weekday)",4
TEST-02944,Lideta,2025-11-12 23:00:00,10.6,0.0,90.0,21.8,1,0,0,1.1999999999999982,0,0,0,0,0,0,0,0,0,0,0,48.0,48.0,23,2,0,11,18,315.9583333333333,9.0,7.0,10.0,8.666666666666666,7,Mixed hub (commute + busy midday),3
TEST-00093,Megenagna,2025-11-12 23:00:00,10.6,0.0,90.0,21.8,1,0,0,1.1999999999999982,0,0,0,0,0,0,0,0,0,0,0,48.0,48.0,23,2,0,11,18,315.9583333333333,10.0,9.0,7.0,8.666666666666666,8,Mixed hub (commute + busy midday),3
TEST-03013,Merkato,2025-11-12 23:00:00,10.6,0.0,90.0,21.8,1,0,0,1.1999999999999982,0,0,0,0,0,0,0,0,0,0,0,48.0,48.0,23,2,0,11,18,315.9583333333333,4.0,5.0,12.0,7.0,9,Market (midday peak),2
TEST-00801,Piassa,2025-11-12 23:00:00,10.6,0.0,90.0,21.8,1,0,0,1.1999999999999982,0,0,0,0,0,0,0,0,0,0,0,48.0,48.0,23,2,0,11,18,315.9583333333333,9.0,7.0,4.0,6.666666666666667,10,Business / office (weekday commute),0
TEST-03069,Sarbet,2025-11-12 23:00:00,10.6,0.0,90.0,21.8,1,0,0,1.1999999999999982,0,0,0,0,0,0,0,0,0,0,0,48.0,48.0,23,2,0,11,18,315.9583333333333,13.0,6.0,6.0,8.333333333333334,11,"Residential (evening peak, weekend >= weekday)",4
TEST-01771,Arat Kilo,2025-11-13 00:00:00,10.5,0.8,88.5,8.8,1,0,1,1.9999999999999984,1,0,0,0,0,0,0,0,0,0,0,48.0,48.0,0,3,0,11,17,316.0,3.0,2.0,2.0,2.333333333333333,0,Business / office (weekday commute),0
TEST-02373,Ayat,2025-11-13 00:00:00,10.5,0.8,88.5,8.8,1,0,1,1.9999999999999984,1,0,0,0,0,0,0,0,0,0,0,48.0,48.0,0,3,0,11,17,316.0,9.0,7.0,1.0,5.666666666666667,1,"Residential (evening peak, weekend >= weekday)",4
TEST-03725,Bole,2025-11-13 00:00:00,10.5,0.8,88.5,8.8,1,0,1,1.9999999999999984,1,0,0,0,0,0,0,0,0,0,0,48.0,48.0,0,3,0,11,17,316.0,12.0,11.0,16.0,13.0,2,"Leisure / nightlife (late, weekend-heavy)",1
TEST-00313,CMC,2025-11-13 00:00:00,10.5,0.8,88.5,8.8,1,0,1,1.9999999999999984,1,0,0,0,0,0,0,0,0,0,0,48.0,48.0,0,3,0,11,17,316.0,2.0,9.0,3.0,4.666666666666667,3,"Residential (evening peak, weekend >= weekday)",4
TEST-02125,Gerji,2025-11-13 00:00:00,10.5,0.8,88.5,8.8,1,0,1,1.9999999999999984,1,0,0,0,0,0,0,0,0,0,0,48.0,48.0,0,3,0,11,17,316.0,6.0,9.0,7.0,7.333333333333333,4,"Residential (evening peak, weekend >= weekday)",4
TEST-00376,Kazanchis,2025-11-13 00:00:00,10.5,0.8,88.5,8.8,1,0,1,1.9999999999999984,1,0,0,0,0,0,0,0,0,0,0,48.0,48.0,0,3,0,11,17,316.0,5.0,7.0,5.0,5.666666666666667,5,Business / office (weekday commute),0
TEST-01461,Kolfe,2025-11-13 00:00:00,10.5,0.8,88.5,8.8,1,0,1,1.9999999999999984,1,0,0,0,0,0,0,0,0,0,0,48.0,48.0,0,3,0,11,17,316.0,11.0,9.0,2.0,7.333333333333333,6,"Residential (evening peak, weekend >= weekday)",4
TEST-03758,Lideta,2025-11-13 00:00:00,10.5,0.8,88.5,8.8,1,0,1,1.9999999999999984,1,0,0,0,0,0,0,0,0,0,0,48.0,48.0,0,3,0,11,17,316.0,7.0,,11.0,9.0,7,Mixed hub (commute + busy midday),3
TEST-03313,Megenagna,2025-11-13 00:00:00,10.5,0.8,88.5,8.8,1,0,1,1.9999999999999984,1,0,0,0,0,0,0,0,0,0,0,48.0,48.0,0,3,0,11,17,316.0,7.0,10.0,9.0,8.666666666666666,8,Mixed hub (commute + busy midday),3
TEST-00126,Merkato,2025-11-13 00:00:00,10.5,0.8,88.5,8.8,1,0,1,1.9999999999999984,1,0,0,0,0,0,0,0,0,0,0,48.0,48.0,0,3,0,11,17,316.0,4.0,6.0,6.0,5.333333333333333,9,Market (midday peak),2
TEST-01284,Piassa,2025-11-13 00:00:00,10.5,0.8,88.5,8.8,1,0,1,1.9999999999999984,1,0,0,0,0,0,0,0,0,0,0,48.0,48.0,0,3,0,11,17,316.0,7.0,6.0,4.0,5.666666666666667,10,Business / office (weekday commute),0
TEST-00463,Sarbet,2025-11-13 00:00:00,10.5,0.8,88.5,8.8,1,0,1,1.9999999999999984,1,0,0,0,0,0,0,0,0,0,0,48.0,48.0,0,3,0,11,17,316.0,4.0,5.0,6.0,5.0,11,"Residential (evening peak, weekend >= weekday)",4
TEST-03862,Arat Kilo,2025-11-13 01:00:00,11.2,0.0,87.0,14.0,1,0,0,0.7999999999999983,0,0,0,0,0,0,0,0,0,0,0,48.0,48.0,1,3,0,11,17,316.0416666666667,6.0,1.0,0.0,2.333333333333333,0,Business / office (weekday commute),0
TEST-03603,Ayat,2025-11-13 01:00:00,11.2,0.0,87.0,14.0,1,0,0,0.7999999999999983,0,0,0,0,0,0,0,0,0,0,0,48.0,48.0,1,3,0,11,17,316.0416666666667,6.0,4.0,2.0,4.0,1,"Residential (evening peak, weekend >= weekday)",4
TEST-03516,Bole,2025-11-13 01:00:00,11.2,0.0,87.0,14.0,1,0,0,0.7999999999999983,0,0,0,0,0,0,0,0,0,0,0,48.0,48.0,1,3,0,11,17,316.0416666666667,12.0,7.0,12.0,10.333333333333334,2,"Leisure / nightlife (late, weekend-heavy)",1
TEST-01365,CMC,2025-11-13 01:00:00,11.2,0.0,87.0,14.0,1,0,0,0.7999999999999983,0,0,0,0,0,0,0,0,0,0,0,48.0,48.0,1,3,0,11,17,316.0416666666667,6.0,5.0,5.0,5.333333333333333,3,"Residential (evening peak, weekend >= weekday)",4
TEST-02206,Gerji,2025-11-13 01:00:00,11.2,0.0,87.0,14.0,1,0,0,0.7999999999999983,0,0,0,0,0,0,0,0,0,0,0,48.0,48.0,1,3,0,11,17,316.0416666666667,4.0,5.0,6.0,5.0,4,"Residential (evening peak, weekend >= weekday)",4
TEST-01432,Kazanchis,2025-11-13 01:00:00,11.2,0.0,87.0,14.0,1,0,0,0.7999999999999983,0,0,0,0,0,0,0,0,0,0,0,48.0,48.0,1,3,0,11,17,316.0416666666667,7.0,8.0,5.0,6.666666666666667,5,Business / office (weekday commute),0
TEST-00224,Kolfe,2025-11-13 01:00:00,11.2,0.0,87.0,14.0,1,0,0,0.7999999999999983,0,0,0,0,0,0,0,0,0,0,0,48.0,48.0,1,3,0,11,17,316.0416666666667,1.0,6.0,4.0,3.6666666666666665,6,"Residential (evening peak, weekend >= weekday)",4
TEST-00450,Lideta,2025-11-13 01:00:00,11.2,0.0,87.0,14.0,1,0,0,0.7999999999999983,0,0,0,0,0,0,0,0,0,0,0,48.0,48.0,1,3,0,11,17,316.0416666666667,11.0,3.0,,7.0,7,Mixed hub (commute + busy midday),3
TEST-00586,Megenagna,2025-11-13 01:00:00,11.2,0.0,87.0,14.0,1,0,0,0.7999999999999983,0,0,0,0,0,0,0,0,0,0,0,48.0,48.0,1,3,0,11,17,316.0416666666667,8.0,3.0,8.0,6.333333333333333,8,Mixed hub (commute + busy midday),3
TEST-02919,Merkato,2025-11-13 01:00:00,11.2,0.0,87.0,14.0,1,0,0,0.7999999999999983,0,0,0,0,0,0,0,0,0,0,0,48.0,48.0,1,3,0,11,17,316.0416666666667,7.0,8.0,6.0,7.0,9,Market (midday peak),2
TEST-03130,Piassa,2025-11-13 01:00:00,11.2,0.0,87.0,14.0,1,0,0,0.7999999999999983,0,0,0,0,0,0,0,0,0,0,0,48.0,48.0,1,3,0,11,17,316.0416666666667,3.0,3.0,7.0,4.333333333333333,10,Business / office (weekday commute),0
TEST-02196,Sarbet,2025-11-13 01:00:00,11.2,0.0,87.0,14.0,1,0,0,0.7999999999999983,0,0,0,0,0,0,0,0,0,0,0,48.0,48.0,1,3,0,11,17,316.0416666666667,7.0,3.0,7.0,5.666666666666667,11,"Residential (evening peak, weekend >= weekday)",4
TEST-00610,Arat Kilo,2025-11-13 02:00:00,9.0,0.0,99.0,14.4,1,0,0,0.7999999999999983,0,0,0,0,0,0,0,0,0,0,0,48.0,48.0,2,3,0,11,17,316.0833333333333,4.0,3.0,2.0,3.0,0,Business / office (weekday commute),0
TEST-02669,Ayat,2025-11-13 02:00:00,9.0,0.0,99.0,14.4,1,0,0,0.7999999999999983,0,0,0,0,0,0,0,0,0,0,0,48.0,48.0,2,3,0,11,17,316.0833333333333,2.0,3.0,5.0,3.333333333333333,1,"Residential (evening peak, weekend >= weekday)",4
TEST-02833,Bole,2025-11-13 02:00:00,9.0,0.0,99.0,14.4,1,0,0,0.7999999999999983,0,0,0,0,0,0,0,0,0,0,0,48.0,48.0,2,3,0,11,17,316.0833333333333,,10.0,12.0,11.0,2,"Leisure / nightlife (late, weekend-heavy)",1
TEST-03088,CMC,2025-11-13 02:00:00,9.0,0.0,99.0,14.4,1,0,0,0.7999999999999983,0,0,0,0,0,0,0,0,0,0,0,48.0,48.0,2,3,0,11,17,316.0833333333333,8.0,5.0,3.0,5.333333333333333,3,"Residential (evening peak, weekend >= weekday)",4
TEST-03068,Gerji,2025-11-13 02:00:00,9.0,0.0,99.0,14.4,1,0,0,0.7999999999999983,0,0,0,0,0,0,0,0,0,0,0,48.0,48.0,2,3,0,11,17,316.0833333333333,2.0,7.0,6.0,5.0,4,"Residential (evening peak, weekend >= weekday)",4
TEST-02015,Kazanchis,2025-11-13 02:00:00,9.0,0.0,99.0,14.4,1,0,0,0.7999999999999983,0,0,0,0,0,0,0,0,0,0,0,48.0,48.0,2,3,0,11,17,316.0833333333333,10.0,6.0,5.0,7.0,5,Business / office (weekday commute),0
TEST-02909,Kolfe,2025-11-13 02:00:00,9.0,0.0,99.0,14.4,1,0,0,0.7999999999999983,0,0,0,0,0,0,0,0,0,0,0,48.0,48.0,2,3,0,11,17,316.0833333333333,3.0,3.0,4.0,3.333333333333333,6,"Residential (evening peak, weekend >= weekday)",4
TEST-00947,Lideta,2025-11-13 02:00:00,9.0,0.0,99.0,14.4,1,0,0,0.7999999999999983,0,0,0,0,0,0,0,0,0,0,0,48.0,48.0,2,3,0,11,17,316.0833333333333,9.0,5.0,6.0,6.666666666666667,7,Mixed hub (commute + busy midday),3
TEST-00364,Megenagna,2025-11-13 02:00:00,9.0,0.0,99.0,14.4,1,0,0,0.7999999999999983,0,0,0,0,0,0,0,0,0,0,0,48.0,48.0,2,3,0,11,17,316.0833333333333,8.0,10.0,6.0,8.0,8,Mixed hub (commute + busy midday),3
TEST-02524,Merkato,2025-11-13 02:00:00,9.0,0.0,99.0,14.4,1,0,0,0.7999999999999983,0,0,0,0,0,0,0,0,0,0,0,48.0,48.0,2,3,0,11,17,316.0833333333333,3.0,9.0,6.0,6.0,9,Market (midday peak),2
TEST-02964,Piassa,2025-11-13 02:00:00,9.0,0.0,99.0,14.4,1,0,0,0.7999999999999983,0,0,0,0,0,0,0,0,0,0,0,48.0,48.0,2,3,0,11,17,316.0833333333333,5.0,2.0,1.0,2.6666666666666665,10,Business / office (weekday commute),0
TEST-01459,Sarbet,2025-11-13 02:00:00,9.0,0.0,99.0,14.4,1,0,0,0.7999999999999983,0,0,0,0,0,0,0,0,0,0,0,48.0,48.0,2,3,0,11,17,316.0833333333333,2.0,6.0,5.0,4.333333333333333,11,"Residential (evening peak, weekend >= weekday)",4
TEST-03354,Arat Kilo,2025-11-13 03:00:00,8.9,0.0,86.0,12.7,1,0,0,0.0,0,0,0,0,0,0,0,0,0,0,0,48.0,48.0,3,3,0,11,17,316.125,5.0,2.0,2.0,3.0,0,Business / office (weekday commute),0
TEST-01033,Ayat,2025-11-13 03:00:00,8.9,0.0,86.0,12.7,1,0,0,0.0,0,0,0,0,0,0,0,0,0,0,0,48.0,48.0,3,3,0,11,17,316.125,3.0,3.0,2.0,2.6666666666666665,1,"Residential (evening peak, weekend >= weekday)",4
TEST-02076,Bole,2025-11-13 03:00:00,8.9,0.0,86.0,12.7,1,0,0,0.0,0,0,0,0,0,0,0,0,0,0,0,48.0,48.0,3,3,0,11,17,316.125,19.0,20.0,9.0,16.0,2,"Leisure / nightlife (late, weekend-heavy)",1
TEST-02718,CMC,2025-11-13 03:00:00,8.9,0.0,86.0,12.7,1,0,0,0.0,0,0,0,0,0,0,0,0,0,0,0,48.0,48.0,3,3,0,11,17,316.125,4.0,3.0,3.0,3.333333333333333,3,"Residential (evening peak, weekend >= weekday)",4
TEST-03382,Gerji,2025-11-13 03:00:00,8.9,0.0,86.0,12.7,1,0,0,0.0,0,0,0,0,0,0,0,0,0,0,0,48.0,48.0,3,3,0,11,17,316.125,4.0,6.0,6.0,5.333333333333333,4,"Residential (evening peak, weekend >= weekday)",4
TEST-00347,Kazanchis,2025-11-13 03:00:00,8.9,0.0,86.0,12.7,1,0,0,0.0,0,0,0,0,0,0,0,0,0,0,0,48.0,48.0,3,3,0,11,17,316.125,8.0,5.0,4.0,5.666666666666667,5,Business / office (weekday commute),0
TEST-03294,Kolfe,2025-11-13 03:00:00,8.9,0.0,86.0,12.7,1,0,0,0.0,0,0,0,0,0,0,0,0,0,0,0,48.0,48.0,3,3,0,11,17,316.125,3.0,4.0,4.0,3.6666666666666665,6,"Residential (evening peak, weekend >= weekday)",4
TEST-02822,Lideta,2025-11-13 03:00:00,8.9,0.0,86.0,12.7,1,0,0,0.0,0,0,0,0,0,0,0,0,0,0,0,48.0,48.0,3,3,0,11,17,316.125,4.0,7.0,11.0,7.333333333333333,7,Mixed hub (commute + busy midday),3
TEST-00634,Megenagna,2025-11-13 03:00:00,8.9,0.0,86.0,12.7,1,0,0,0.0,0,0,0,0,0,0,0,0,0,0,0,48.0,48.0,3,3,0,11,17,316.125,9.0,10.0,9.0,9.333333333333334,8,Mixed hub (commute + busy midday),3
TEST-01665,Merkato,2025-11-13 03:00:00,8.9,0.0,86.0,12.7,1,0,0,0.0,0,0,0,0,0,0,0,0,0,0,0,48.0,48.0,3,3,0,11,17,316.125,8.0,4.0,4.0,5.333333333333333,9,Market (midday peak),2
TEST-02533,Piassa,2025-11-13 03:00:00,8.9,0.0,86.0,12.7,1,0,0,0.0,0,0,0,0,0,0,0,0,0,0,0,48.0,48.0,3,3,0,11,17,316.125,5.0,2.0,,3.5,10,Business / office (weekday commute),0
TEST-03834,Sarbet,2025-11-13 03:00:00,8.9,0.0,86.0,12.7,1,0,0,0.0,0,0,0,0,0,0,0,0,0,0,0,48.0,48.0,3,3,0,11,17,316.125,5.0,3.0,5.0,4.333333333333333,11,"Residential (evening peak, weekend >= weekday)",4
TEST-02108,Arat Kilo,2025-11-13 04:00:00,7.9,1.2,96.0,5.7,1,0,0,1.1999999999999982,2,0,0,0,0,0,0,0,0,0,0,48.0,48.0,4,3,0,11,17,316.1666666666667,7.0,5.0,,6.0,0,Business / office (weekday commute),0
TEST-00325,Ayat,2025-11-13 04:00:00,7.9,1.2,96.0,5.7,1,0,0,1.1999999999999982,2,0,0,0,0,0,0,0,0,0,0,48.0,48.0,4,3,0,11,17,316.1666666666667,12.0,7.0,5.0,8.0,1,"Residential (evening peak, weekend >= weekday)",4
TEST-02035,Bole,2025-11-13 04:00:00,7.9,1.2,96.0,5.7,1,0,0,1.1999999999999982,2,0,0,0,0,0,0,0,0,0,0,48.0,48.0,4,3,0,11,17,316.1666666666667,34.0,18.0,24.0,25.33333333333333,2,"Leisure / nightlife (late, weekend-heavy)",1
TEST-00396,CMC,2025-11-13 04:00:00,7.9,1.2,96.0,5.7,1,0,0,1.1999999999999982,2,0,0,0,0,0,0,0,0,0,0,48.0,48.0,4,3,0,11,17,316.1666666666667,7.0,6.0,7.0,6.666666666666667,3,"Residential (evening peak, weekend >= weekday)",4
TEST-01734,Gerji,2025-11-13 04:00:00,7.9,1.2,96.0,5.7,1,0,0,1.1999999999999982,2,0,0,0,0,0,0,0,0,0,0,48.0,48.0,4,3,0,11,17,316.1666666666667,7.0,5.0,12.0,8.0,4,"Residential (evening peak, weekend >= weekday)",4
TEST-01286,Kazanchis,2025-11-13 04:00:00,7.9,1.2,96.0,5.7,1,0,0,1.1999999999999982,2,0,0,0,0,0,0,0,0,0,0,48.0,48.0,4,3,0,11,17,316.1666666666667,4.0,6.0,4.0,4.666666666666667,5,Business / office (weekday commute),0
TEST-01693,Kolfe,2025-11-13 04:00:00,7.9,1.2,96.0,5.7,1,0,0,1.1999999999999982,2,0,0,0,0,0,0,0,0,0,0,48.0,48.0,4,3,0,11,17,316.1666666666667,6.0,6.0,5.0,5.666666666666667,6,"Residential (evening peak, weekend >= weekday)",4
TEST-04005,Lideta,2025-11-13 04:00:00,7.9,1.2,96.0,5.7,1,0,0,1.1999999999999982,2,0,0,0,0,0,0,0,0,0,0,48.0,48.0,4,3,0,11,17,316.1666666666667,11.0,5.0,11.0,9.0,7,Mixed hub (commute + busy midday),3
TEST-00360,Megenagna,2025-11-13 04:00:00,7.9,1.2,96.0,5.7,1,0,0,1.1999999999999982,2,0,0,0,0,0,0,0,0,0,0,48.0,48.0,4,3,0,11,17,316.1666666666667,19.0,8.0,10.0,12.333333333333334,8,Mixed hub (commute + busy midday),3
TEST-00907,Merkato,2025-11-13 04:00:00,7.9,1.2,96.0,5.7,1,0,0,1.1999999999999982,2,0,0,0,0,0,0,0,0,0,0,48.0,48.0,4,3,0,11,17,316.1666666666667,16.0,6.0,,11.0,9,Market (midday peak),2
TEST-03176,Piassa,2025-11-13 04:00:00,7.9,1.2,96.0,5.7,1,0,0,1.1999999999999982,2,0,0,0,0,0,0,0,0,0,0,48.0,48.0,4,3,0,11,17,316.1666666666667,3.0,4.0,5.0,4.0,10,Business / office (weekday commute),0
TEST-01834,Sarbet,2025-11-13 04:00:00,7.9,1.2,96.0,5.7,1,0,0,1.1999999999999982,2,0,0,0,0,0,0,0,0,0,0,48.0,48.0,4,3,0,11,17,316.1666666666667,10.0,6.0,6.0,7.333333333333333,11,"Residential (evening peak, weekend >= weekday)",4
TEST-01183,Arat Kilo,2025-11-13 05:00:00,9.1,0.0,91.0,8.1,1,0,0,1.1999999999999982,0,0,0,0,0,0,0,0,0,0,0,48.0,48.0,5,3,0,11,17,316.2083333333333,6.0,4.0,,5.0,0,Business / office (weekday commute),0
TEST-01581,Ayat,2025-11-13 05:00:00,9.1,0.0,91.0,8.1,1,0,0,1.1999999999999982,0,0,0,0,0,0,0,0,0,0,0,48.0,48.0,5,3,0,11,17,316.2083333333333,10.0,20.0,14.0,14.666666666666666,1,"Residential (evening peak, weekend >= weekday)",4
TEST-01012,Bole,2025-11-13 05:00:00,9.1,0.0,91.0,8.1,1,0,0,1.1999999999999982,0,0,0,0,0,0,0,0,0,0,0,48.0,48.0,5,3,0,11,17,316.2083333333333,58.0,57.0,49.0,54.66666666666666,2,"Leisure / nightlife (late, weekend-heavy)",1
TEST-02267,CMC,2025-11-13 05:00:00,9.1,0.0,91.0,8.1,1,0,0,1.1999999999999982,0,0,0,0,0,0,0,0,0,0,0,48.0,48.0,5,3,0,11,17,316.2083333333333,9.0,15.0,,12.0,3,"Residential (evening peak, weekend >= weekday)",4
TEST-02434,Gerji,2025-11-13 05:00:00,9.1,0.0,91.0,8.1,1,0,0,1.1999999999999982,0,0,0,0,0,0,0,0,0,0,0,48.0,48.0,5,3,0,11,17,316.2083333333333,,20.0,22.0,21.0,4,"Residential (evening peak, weekend >= weekday)",4
TEST-02530,Kazanchis,2025-11-13 05:00:00,9.1,0.0,91.0,8.1,1,0,0,1.1999999999999982,0,0,0,0,0,0,0,0,0,0,0,48.0,48.0,5,3,0,11,17,316.2083333333333,7.0,9.0,,8.0,5,Business / office (weekday commute),0
TEST-03393,Kolfe,2025-11-13 05:00:00,9.1,0.0,91.0,8.1,1,0,0,1.1999999999999982,0,0,0,0,0,0,0,0,0,0,0,48.0,48.0,5,3,0,11,17,316.2083333333333,19.0,16.0,25.0,20.0,6,"Residential (evening peak, weekend >= weekday)",4
TEST-00272,Lideta,2025-11-13 05:00:00,9.1,0.0,91.0,8.1,1,0,0,1.1999999999999982,0,0,0,0,0,0,0,0,0,0,0,48.0,48.0,5,3,0,11,17,316.2083333333333,21.0,13.0,21.0,18.33333333333333,7,Mixed hub (commute + busy midday),3
TEST-03142,Megenagna,2025-11-13 05:00:00,9.1,0.0,91.0,8.1,1,0,0,1.1999999999999982,0,0,0,0,0,0,0,0,0,0,0,48.0,48.0,5,3,0,11,17,316.2083333333333,20.0,19.0,18.0,19.0,8,Mixed hub (commute + busy midday),3
TEST-00040,Merkato,2025-11-13 05:00:00,9.1,0.0,91.0,8.1,1,0,0,1.1999999999999982,0,0,0,0,0,0,0,0,0,0,0,48.0,48.0,5,3,0,11,17,316.2083333333333,22.0,15.0,31.0,22.666666666666668,9,Market (midday peak),2
TEST-03411,Piassa,2025-11-13 05:00:00,9.1,0.0,91.0,8.1,1,0,0,1.1999999999999982,0,0,0,0,0,0,0,0,0,0,0,48.0,48.0,5,3,0,11,17,316.2083333333333,9.0,8.0,7.0,8.0,10,Business / office (weekday commute),0
TEST-03017,Sarbet,2025-11-13 05:00:00,9.1,0.0,91.0,8.1,1,0,0,1.1999999999999982,0,0,0,0,0,0,0,0,0,0,0,48.0,48.0,5,3,0,11,17,316.2083333333333,19.0,16.0,26.0,20.33333333333333,11,"Residential (evening peak, weekend >= weekday)",4
TEST-03817,Arat Kilo,2025-11-13 06:00:00,9.1,0.0,99.0,5.5,1,0,0,1.1999999999999982,0,0,0,0,0,0,0,0,0,0,0,48.0,48.0,6,3,0,11,17,316.25,24.0,16.0,13.0,17.666666666666668,0,Business / office (weekday commute),0
TEST-00552,Ayat,2025-11-13 06:00:00,9.1,0.0,99.0,5.5,1,0,0,1.1999999999999982,0,0,0,0,0,0,0,0,0,0,0,48.0,48.0,6,3,0,11,17,316.25,43.0,31.0,30.0,34.666666666666664,1,"Residential (evening peak, weekend >= weekday)",4
TEST-00978,Bole,2025-11-13 06:00:00,9.1,0.0,99.0,5.5,1,0,0,1.1999999999999982,0,0,0,0,0,0,0,0,0,0,0,48.0,48.0,6,3,0,11,17,316.25,76.0,67.0,49.0,64.0,2,"Leisure / nightlife (late, weekend-heavy)",1
TEST-01675,CMC,2025-11-13 06:00:00,9.1,0.0,99.0,5.5,1,0,0,1.1999999999999982,0,0,0,0,0,0,0,0,0,0,0,48.0,48.0,6,3,0,11,17,316.25,67.0,37.0,51.0,51.66666666666666,3,"Residential (evening peak, weekend >= weekday)",4
TEST-00935,Gerji,2025-11-13 06:00:00,9.1,0.0,99.0,5.5,1,0,0,1.1999999999999982,0,0,0,0,0,0,0,0,0,0,0,48.0,48.0,6,3,0,11,17,316.25,38.0,35.0,51.0,41.333333333333336,4,"Residential (evening peak, weekend >= weekday)",4
TEST-00328,Kazanchis,2025-11-13 06:00:00,9.1,0.0,99.0,5.5,1,0,0,1.1999999999999982,0,0,0,0,0,0,0,0,0,0,0,48.0,48.0,6,3,0,11,17,316.25,32.0,36.0,24.0,30.666666666666668,5,Business / office (weekday commute),0
TEST-01244,Kolfe,2025-11-13 06:00:00,9.1,0.0,99.0,5.5,1,0,0,1.1999999999999982,0,0,0,0,0,0,0,0,0,0,0,48.0,48.0,6,3,0,11,17,316.25,35.0,50.0,52.0,45.66666666666666,6,"Residential (evening peak, weekend >= weekday)",4
TEST-02878,Lideta,2025-11-13 06:00:00,9.1,0.0,99.0,5.5,1,0,0,1.1999999999999982,0,0,0,0,0,0,0,0,0,0,0,48.0,48.0,6,3,0,11,17,316.25,36.0,45.0,28.0,36.333333333333336,7,Mixed hub (commute + busy midday),3
TEST-00404,Megenagna,2025-11-13 06:00:00,9.1,0.0,99.0,5.5,1,0,0,1.1999999999999982,0,0,0,0,0,0,0,0,0,0,0,48.0,48.0,6,3,0,11,17,316.25,54.0,63.0,48.0,55.0,8,Mixed hub (commute + busy midday),3
TEST-00676,Merkato,2025-11-13 06:00:00,9.1,0.0,99.0,5.5,1,0,0,1.1999999999999982,0,0,0,0,0,0,0,0,0,0,0,48.0,48.0,6,3,0,11,17,316.25,37.0,59.0,62.0,52.66666666666666,9,Market (midday peak),2
TEST-03840,Piassa,2025-11-13 06:00:00,9.1,0.0,99.0,5.5,1,0,0,1.1999999999999982,0,0,0,0,0,0,0,0,0,0,0,48.0,48.0,6,3,0,11,17,316.25,18.0,13.0,37.0,22.666666666666668,10,Business / office (weekday commute),0
TEST-03446,Sarbet,2025-11-13 06:00:00,9.1,0.0,99.0,5.5,1,0,0,1.1999999999999982,0,0,0,0,0,0,0,0,0,0,0,48.0,48.0,6,3,0,11,17,316.25,47.0,59.0,54.0,53.333333333333336,11,"Residential (evening peak, weekend >= weekday)",4
TEST-02420,Arat Kilo,2025-11-13 07:00:00,13.4,0.0,85.0,4.7,1,0,0,0.0,0,0,0,0,0,0,0,0,0,0,0,48.0,48.0,7,3,0,11,17,316.2916666666667,53.0,41.0,40.0,44.66666666666666,0,Business / office (weekday commute),0
TEST-03212,Ayat,2025-11-13 07:00:00,13.4,0.0,85.0,4.7,1,0,0,0.0,0,0,0,0,0,0,0,0,0,0,0,48.0,48.0,7,3,0,11,17,316.2916666666667,63.0,53.0,50.0,55.333333333333336,1,"Residential (evening peak, weekend >= weekday)",4
TEST-00859,Bole,2025-11-13 07:00:00,13.4,0.0,85.0,4.7,1,0,0,0.0,0,0,0,0,0,0,0,0,0,0,0,48.0,48.0,7,3,0,11,17,316.2916666666667,59.0,57.0,43.0,53.0,2,"Leisure / nightlife (late, weekend-heavy)",1
TEST-02615,CMC,2025-11-13 07:00:00,13.4,0.0,85.0,4.7,1,0,0,0.0,0,0,0,0,0,0,0,0,0,0,0,48.0,48.0,7,3,0,11,17,316.2916666666667,60.0,85.0,65.0,70.0,3,"Residential (evening peak, weekend >= weekday)",4
TEST-02188,Gerji,2025-11-13 07:00:00,13.4,0.0,85.0,4.7,1,0,0,0.0,0,0,0,0,0,0,0,0,0,0,0,48.0,48.0,7,3,0,11,17,316.2916666666667,53.0,52.0,54.0,53.0,4,"Residential (evening peak, weekend >= weekday)",4
TEST-02441,Kazanchis,2025-11-13 07:00:00,13.4,0.0,85.0,4.7,1,0,0,0.0,0,0,0,0,0,0,0,0,0,0,0,48.0,48.0,7,3,0,11,17,316.2916666666667,66.0,66.0,64.0,65.33333333333333,5,Business / office (weekday commute),0
TEST-03926,Kolfe,2025-11-13 07:00:00,13.4,0.0,85.0,4.7,1,0,0,0.0,0,0,0,0,0,0,0,0,0,0,0,48.0,48.0,7,3,0,11,17,316.2916666666667,71.0,71.0,62.0,68.0,6,"Residential (evening peak, weekend >= weekday)",4
TEST-01412,Lideta,2025-11-13 07:00:00,13.4,0.0,85.0,4.7,1,0,0,0.0,0,0,0,0,0,0,0,0,0,0,0,48.0,48.0,7,3,0,11,17,316.2916666666667,81.0,59.0,53.0,64.33333333333333,7,Mixed hub (commute + busy midday),3
TEST-00886,Megenagna,2025-11-13 07:00:00,13.4,0.0,85.0,4.7,1,0,0,0.0,0,0,0,0,0,0,0,0,0,0,0,48.0,48.0,7,3,0,11,17,316.2916666666667,64.0,81.0,100.0,81.66666666666667,8,Mixed hub (commute + busy midday),3
TEST-03433,Merkato,2025-11-13 07:00:00,13.4,0.0,85.0,4.7,1,0,0,0.0,0,0,0,0,0,0,0,0,0,0,0,48.0,48.0,7,3,0,11,17,316.2916666666667,80.0,98.0,84.0,87.33333333333333,9,Market (midday peak),2
TEST-02295,Piassa,2025-11-13 07:00:00,13.4,0.0,85.0,4.7,1,0,0,0.0,0,0,0,0,0,0,0,0,0,0,0,48.0,48.0,7,3,0,11,17,316.2916666666667,77.0,58.0,61.0,65.33333333333333,10,Business / office (weekday commute),0
TEST-02275,Sarbet,2025-11-13 07:00:00,13.4,0.0,85.0,4.7,1,0,0,0.0,0,0,0,0,0,0,0,0,0,0,0,48.0,48.0,7,3,0,11,17,316.2916666666667,55.0,59.0,40.0,51.333333333333336,11,"Residential (evening peak, weekend >= weekday)",4
TEST-00035,Arat Kilo,2025-11-13 08:00:00,15.0,0.0,77.0,14.1,1,0,0,0.0,0,0,0,0,0,0,0,0,0,0,0,48.0,48.0,8,3,0,11,17,316.3333333333333,64.0,53.0,53.0,56.66666666666666,0,Business / office (weekday commute),0
TEST-02386,Ayat,2025-11-13 08:00:00,15.0,0.0,77.0,14.1,1,0,0,0.0,0,0,0,0,0,0,0,0,0,0,0,48.0,48.0,8,3,0,11,17,316.3333333333333,33.0,24.0,34.0,30.33333333333333,1,"Residential (evening peak, weekend >= weekday)",4
TEST-01955,Bole,2025-11-13 08:00:00,15.0,0.0,77.0,14.1,1,0,0,0.0,0,0,0,0,0,0,0,0,0,0,0,48.0,48.0,8,3,0,11,17,316.3333333333333,72.0,31.0,46.0,49.66666666666666,2,"Leisure / nightlife (late, weekend-heavy)",1
TEST-02949,CMC,2025-11-13 08:00:00,15.0,0.0,77.0,14.1,1,0,0,0.0,0,0,0,0,0,0,0,0,0,0,0,48.0,48.0,8,3,0,11,17,316.3333333333333,63.0,58.0,53.0,58.0,3,"Residential (evening peak, weekend >= weekday)",4
TEST-02470,Gerji,2025-11-13 08:00:00,15.0,0.0,77.0,14.1,1,0,0,0.0,0,0,0,0,0,0,0,0,0,0,0,48.0,48.0,8,3,0,11,17,316.3333333333333,,57.0,44.0,50.5,4,"Residential (evening peak, weekend >= weekday)",4
TEST-02346,Kazanchis,2025-11-13 08:00:00,15.0,0.0,77.0,14.1,1,0,0,0.0,0,0,0,0,0,0,0,0,0,0,0,48.0,48.0,8,3,0,11,17,316.3333333333333,81.0,71.0,,76.0,5,Business / office (weekday commute),0
TEST-03686,Kolfe,2025-11-13 08:00:00,15.0,0.0,77.0,14.1,1,0,0,0.0,0,0,0,0,0,0,0,0,0,0,0,48.0,48.0,8,3,0,11,17,316.3333333333333,44.0,45.0,50.0,46.333333333333336,6,"Residential (evening peak, weekend >= weekday)",4
TEST-03200,Lideta,2025-11-13 08:00:00,15.0,0.0,77.0,14.1,1,0,0,0.0,0,0,0,0,0,0,0,0,0,0,0,48.0,48.0,8,3,0,11,17,316.3333333333333,58.0,48.0,56.0,54.0,7,Mixed hub (commute + busy midday),3
TEST-01908,Megenagna,2025-11-13 08:00:00,15.0,0.0,77.0,14.1,1,0,0,0.0,0,0,0,0,0,0,0,0,0,0,0,48.0,48.0,8,3,0,11,17,316.3333333333333,113.0,96.0,90.0,99.66666666666669,8,Mixed hub (commute + busy midday),3
TEST-01182,Merkato,2025-11-13 08:00:00,15.0,0.0,77.0,14.1,1,0,0,0.0,0,0,0,0,0,0,0,0,0,0,0,48.0,48.0,8,3,0,11,17,316.3333333333333,95.0,105.0,79.0,93.0,9,Market (midday peak),2
TEST-01025,Piassa,2025-11-13 08:00:00,15.0,0.0,77.0,14.1,1,0,0,0.0,0,0,0,0,0,0,0,0,0,0,0,48.0,48.0,8,3,0,11,17,316.3333333333333,87.0,63.0,61.0,70.33333333333333,10,Business / office (weekday commute),0
TEST-01825,Sarbet,2025-11-13 08:00:00,15.0,0.0,77.0,14.1,1,0,0,0.0,0,0,0,0,0,0,0,0,0,0,0,48.0,48.0,8,3,0,11,17,316.3333333333333,50.0,42.0,46.0,46.0,11,"Residential (evening peak, weekend >= weekday)",4
TEST-01368,Arat Kilo,2025-11-13 09:00:00,15.1,0.0,73.0,4.6,1,0,0,0.0,0,0,0,0,0,0,0,0,0,0,0,48.0,48.0,9,3,0,11,17,316.375,28.0,33.0,33.0,31.33333333333333,0,Business / office (weekday commute),0
TEST-02053,Ayat,2025-11-13 09:00:00,15.1,0.0,73.0,4.6,1,0,0,0.0,0,0,0,0,0,0,0,0,0,0,0,48.0,48.0,9,3,0,11,17,316.375,18.0,19.0,17.0,18.0,1,"Residential (evening peak, weekend >= weekday)",4
TEST-00397,Bole,2025-11-13 09:00:00,15.1,0.0,73.0,4.6,1,0,0,0.0,0,0,0,0,0,0,0,0,0,0,0,48.0,48.0,9,3,0,11,17,316.375,50.0,27.0,45.0,40.66666666666666,2,"Leisure / nightlife (late, weekend-heavy)",1
TEST-02477,CMC,2025-11-13 09:00:00,15.1,0.0,73.0,4.6,1,0,0,0.0,0,0,0,0,0,0,0,0,0,0,0,48.0,48.0,9,3,0,11,17,316.375,42.0,41.0,33.0,38.66666666666666,3,"Residential (evening peak, weekend >= weekday)",4
TEST-00074,Gerji,2025-11-13 09:00:00,15.1,0.0,73.0,4.6,1,0,0,0.0,0,0,0,0,0,0,0,0,0,0,0,48.0,48.0,9,3,0,11,17,316.375,25.0,,32.0,28.5,4,"Residential (evening peak, weekend >= weekday)",4
TEST-03934,Kazanchis,2025-11-13 09:00:00,15.1,0.0,73.0,4.6,1,0,0,0.0,0,0,0,0,0,0,0,0,0,0,0,48.0,48.0,9,3,0,11,17,316.375,88.0,79.0,65.0,77.33333333333333,5,Business / office (weekday commute),0
TEST-02947,Kolfe,2025-11-13 09:00:00,15.1,0.0,73.0,4.6,1,0,0,0.0,0,0,0,0,0,0,0,0,0,0,0,48.0,48.0,9,3,0,11,17,316.375,18.0,31.0,29.0,26.0,6,"Residential (evening peak, weekend >= weekday)",4
TEST-02548,Lideta,2025-11-13 09:00:00,15.1,0.0,73.0,4.6,1,0,0,0.0,0,0,0,0,0,0,0,0,0,0,0,48.0,48.0,9,3,0,11,17,316.375,49.0,41.0,59.0,49.66666666666666,7,Mixed hub (commute + busy midday),3
TEST-00804,Megenagna,2025-11-13 09:00:00,15.1,0.0,73.0,4.6,1,0,0,0.0,0,0,0,0,0,0,0,0,0,0,0,48.0,48.0,9,3,0,11,17,316.375,91.0,74.0,52.0,72.33333333333333,8,Mixed hub (commute + busy midday),3
TEST-01290,Merkato,2025-11-13 09:00:00,15.1,0.0,73.0,4.6,1,0,0,0.0,0,0,0,0,0,0,0,0,0,0,0,48.0,48.0,9,3,0,11,17,316.375,102.0,78.0,83.0,87.66666666666667,9,Market (midday peak),2
TEST-01170,Piassa,2025-11-13 09:00:00,15.1,0.0,73.0,4.6,1,0,0,0.0,0,0,0,0,0,0,0,0,0,0,0,48.0,48.0,9,3,0,11,17,316.375,71.0,76.0,50.0,65.66666666666667,10,Business / office (weekday commute),0
TEST-00232,Sarbet,2025-11-13 09:00:00,15.1,0.0,73.0,4.6,1,0,0,0.0,0,0,0,0,0,0,0,0,0,0,0,48.0,48.0,9,3,0,11,17,316.375,29.0,30.0,37.0,32.0,11,"Residential (evening peak, weekend >= weekday)",4
TEST-02111,Arat Kilo,2025-11-13 10:00:00,18.3,0.0,62.0,8.9,1,0,0,0.0,0,0,0,0,0,0,0,0,0,0,0,48.0,48.0,10,3,0,11,17,316.4166666666667,28.0,13.0,26.0,22.33333333333333,0,Business / office (weekday commute),0
TEST-00021,Ayat,2025-11-13 10:00:00,18.3,0.0,62.0,8.9,1,0,0,0.0,0,0,0,0,0,0,0,0,0,0,0,48.0,48.0,10,3,0,11,17,316.4166666666667,12.0,18.0,9.0,13.0,1,"Residential (evening peak, weekend >= weekday)",4
TEST-02891,Bole,2025-11-13 10:00:00,18.3,0.0,62.0,8.9,1,0,0,0.0,0,0,0,0,0,0,0,0,0,0,0,48.0,48.0,10,3,0,11,17,316.4166666666667,40.0,34.0,48.0,40.66666666666666,2,"Leisure / nightlife (late, weekend-heavy)",1
TEST-00171,CMC,2025-11-13 10:00:00,18.3,0.0,62.0,8.9,1,0,0,0.0,0,0,0,0,0,0,0,0,0,0,0,48.0,48.0,10,3,0,11,17,316.4166666666667,28.0,21.0,30.0,26.33333333333333,3,"Residential (evening peak, weekend >= weekday)",4
TEST-01517,Gerji,2025-11-13 10:00:00,18.3,0.0,62.0,8.9,1,0,0,0.0,0,0,0,0,0,0,0,0,0,0,0,48.0,48.0,10,3,0,11,17,316.4166666666667,23.0,26.0,15.0,21.33333333333333,4,"Residential (evening peak, weekend >= weekday)",4
TEST-03580,Kazanchis,2025-11-13 10:00:00,18.3,0.0,62.0,8.9,1,0,0,0.0,0,0,0,0,0,0,0,0,0,0,0,48.0,48.0,10,3,0,11,17,316.4166666666667,25.0,30.0,31.0,28.666666666666668,5,Business / office (weekday commute),0
TEST-01195,Kolfe,2025-11-13 10:00:00,18.3,0.0,62.0,8.9,1,0,0,0.0,0,0,0,0,0,0,0,0,0,0,0,48.0,48.0,10,3,0,11,17,316.4166666666667,25.0,20.0,22.0,22.33333333333333,6,"Residential (evening peak, weekend >= weekday)",4
TEST-01978,Lideta,2025-11-13 10:00:00,18.3,0.0,62.0,8.9,1,0,0,0.0,0,0,0,0,0,0,0,0,0,0,0,48.0,48.0,10,3,0,11,17,316.4166666666667,47.0,41.0,41.0,43.0,7,Mixed hub (commute + busy midday),3
TEST-03323,Megenagna,2025-11-13 10:00:00,18.3,0.0,62.0,8.9,1,0,0,0.0,0,0,0,0,0,0,0,0,0,0,0,48.0,48.0,10,3,0,11,17,316.4166666666667,54.0,61.0,59.0,58.0,8,Mixed hub (commute + busy midday),3
TEST-02455,Merkato,2025-11-13 10:00:00,18.3,0.0,62.0,8.9,1,0,0,0.0,0,0,0,0,0,0,0,0,0,0,0,48.0,48.0,10,3,0,11,17,316.4166666666667,109.0,58.0,92.0,86.33333333333333,9,Market (midday peak),2
TEST-03626,Piassa,2025-11-13 10:00:00,18.3,0.0,62.0,8.9,1,0,0,0.0,0,0,0,0,0,0,0,0,0,0,0,48.0,48.0,10,3,0,11,17,316.4166666666667,33.0,26.0,40.0,33.0,10,Business / office (weekday commute),0
TEST-02293,Sarbet,2025-11-13 10:00:00,18.3,0.0,62.0,8.9,1,0,0,0.0,0,0,0,0,0,0,0,0,0,0,0,48.0,48.0,10,3,0,11,17,316.4166666666667,22.0,16.0,37.0,25.0,11,"Residential (evening peak, weekend >= weekday)",4
TEST-02593,Arat Kilo,2025-11-13 11:00:00,17.4,0.0,72.0,7.7,1,0,0,0.0,0,0,0,0,0,0,0,0,0,0,0,48.0,48.0,11,3,0,11,17,316.4583333333333,11.0,12.0,7.0,10.0,0,Business / office (weekday commute),0
TEST-01887,Ayat,2025-11-13 11:00:00,17.4,0.0,72.0,7.7,1,0,0,0.0,0,0,0,0,0,0,0,0,0,0,0,48.0,48.0,11,3,0,11,17,316.4583333333333,12.0,22.0,18.0,17.333333333333332,1,"Residential (evening peak, weekend >= weekday)",4
TEST-03779,Bole,2025-11-13 11:00:00,17.4,0.0,72.0,7.7,1,0,0,0.0,0,0,0,0,0,0,0,0,0,0,0,48.0,48.0,11,3,0,11,17,316.4583333333333,30.0,36.0,35.0,33.666666666666664,2,"Leisure / nightlife (late, weekend-heavy)",1
TEST-00419,CMC,2025-11-13 11:00:00,17.4,0.0,72.0,7.7,1,0,0,0.0,0,0,0,0,0,0,0,0,0,0,0,48.0,48.0,11,3,0,11,17,316.4583333333333,23.0,21.0,26.0,23.33333333333333,3,"Residential (evening peak, weekend >= weekday)",4
TEST-00117,Gerji,2025-11-13 11:00:00,17.4,0.0,72.0,7.7,1,0,0,0.0,0,0,0,0,0,0,0,0,0,0,0,48.0,48.0,11,3,0,11,17,316.4583333333333,21.0,24.0,15.0,20.0,4,"Residential (evening peak, weekend >= weekday)",4
TEST-01805,Kazanchis,2025-11-13 11:00:00,17.4,0.0,72.0,7.7,1,0,0,0.0,0,0,0,0,0,0,0,0,0,0,0,48.0,48.0,11,3,0,11,17,316.4583333333333,25.0,19.0,26.0,23.33333333333333,5,Business / office (weekday commute),0
TEST-00550,Kolfe,2025-11-13 11:00:00,17.4,0.0,72.0,7.7,1,0,0,0.0,0,0,0,0,0,0,0,0,0,0,0,48.0,48.0,11,3,0,11,17,316.4583333333333,26.0,25.0,13.0,21.33333333333333,6,"Residential (evening peak, weekend >= weekday)",4
TEST-03000,Lideta,2025-11-13 11:00:00,17.4,0.0,72.0,7.7,1,0,0,0.0,0,0,0,0,0,0,0,0,0,0,0,48.0,48.0,11,3,0,11,17,316.4583333333333,45.0,32.0,38.0,38.333333333333336,7,Mixed hub (commute + busy midday),3
TEST-00535,Megenagna,2025-11-13 11:00:00,17.4,0.0,72.0,7.7,1,0,0,0.0,0,0,0,0,0,0,0,0,0,0,0,48.0,48.0,11,3,0,11,17,316.4583333333333,45.0,36.0,57.0,46.0,8,Mixed hub (commute + busy midday),3
TEST-00956,Merkato,2025-11-13 11:00:00,17.4,0.0,72.0,7.7,1,0,0,0.0,0,0,0,0,0,0,0,0,0,0,0,48.0,48.0,11,3,0,11,17,316.4583333333333,95.0,94.0,72.0,87.0,9,Market (midday peak),2
TEST-01391,Piassa,2025-11-13 11:00:00,17.4,0.0,72.0,7.7,1,0,0,0.0,0,0,0,0,0,0,0,0,0,0,0,48.0,48.0,11,3,0,11,17,316.4583333333333,27.0,24.0,26.0,25.666666666666668,10,Business / office (weekday commute),0
TEST-03887,Sarbet,2025-11-13 11:00:00,17.4,0.0,72.0,7.7,1,0,0,0.0,0,0,0,0,0,0,0,0,0,0,0,48.0,48.0,11,3,0,11,17,316.4583333333333,20.0,23.0,29.0,24.0,11,"Residential (evening peak, weekend >= weekday)",4
TEST-00881,Arat Kilo,2025-11-13 12:00:00,18.2,0.0,64.0,13.1,1,0,1,0.0,0,0,0,0,0,0,0,0,0,0,0,48.0,48.0,12,3,0,11,17,316.5,16.0,31.0,35.0,27.33333333333333,0,Business / office (weekday commute),0
TEST-02251,Ayat,2025-11-13 12:00:00,18.2,0.0,64.0,13.1,1,0,1,0.0,0,0,0,0,0,0,0,0,0,0,0,48.0,48.0,12,3,0,11,17,316.5,18.0,23.0,19.0,20.0,1,"Residential (evening peak, weekend >= weekday)",4
TEST-01591,Bole,2025-11-13 12:00:00,18.2,0.0,64.0,13.1,1,0,1,0.0,0,0,0,0,0,0,0,0,0,0,0,48.0,48.0,12,3,0,11,17,316.5,31.0,38.0,41.0,36.66666666666666,2,"Leisure / nightlife (late, weekend-heavy)",1
TEST-02020,CMC,2025-11-13 12:00:00,18.2,0.0,64.0,13.1,1,0,1,0.0,0,0,0,0,0,0,0,0,0,0,0,48.0,48.0,12,3,0,11,17,316.5,29.0,28.0,23.0,26.666666666666668,3,"Residential (evening peak, weekend >= weekday)",4
TEST-00922,Gerji,2025-11-13 12:00:00,18.2,0.0,64.0,13.1,1,0,1,0.0,0,0,0,0,0,0,0,0,0,0,0,48.0,48.0,12,3,0,11,17,316.5,25.0,10.0,23.0,19.33333333333333,4,"Residential (evening peak, weekend >= weekday)",4
TEST-01740,Kazanchis,2025-11-13 12:00:00,18.2,0.0,64.0,13.1,1,0,1,0.0,0,0,0,0,0,0,0,0,0,0,0,48.0,48.0,12,3,0,11,17,316.5,40.0,40.0,47.0,42.333333333333336,5,Business / office (weekday commute),0
TEST-03364,Kolfe,2025-11-13 12:00:00,18.2,0.0,64.0,13.1,1,0,1,0.0,0,0,0,0,0,0,0,0,0,0,0,48.0,48.0,12,3,0,11,17,316.5,25.0,18.0,17.0,20.0,6,"Residential (evening peak, weekend >= weekday)",4
TEST-00094,Lideta,2025-11-13 12:00:00,18.2,0.0,64.0,13.1,1,0,1,0.0,0,0,0,0,0,0,0,0,0,0,0,48.0,48.0,12,3,0,11,17,316.5,36.0,42.0,42.0,40.0,7,Mixed hub (commute + busy midday),3
TEST-02379,Megenagna,2025-11-13 12:00:00,18.2,0.0,64.0,13.1,1,0,1,0.0,0,0,0,0,0,0,0,0,0,0,0,48.0,48.0,12,3,0,11,17,316.5,37.0,45.0,57.0,46.333333333333336,8,Mixed hub (commute + busy midday),3
TEST-03139,Merkato,2025-11-13 12:00:00,18.2,0.0,64.0,13.1,1,0,1,0.0,0,0,0,0,0,0,0,0,0,0,0,48.0,48.0,12,3,0,11,17,316.5,119.0,108.0,93.0,106.66666666666669,9,Market (midday peak),2
TEST-03682,Piassa,2025-11-13 12:00:00,18.2,0.0,64.0,13.1,1,0,1,0.0,0,0,0,0,0,0,0,0,0,0,0,48.0,48.0,12,3,0,11,17,316.5,40.0,33.0,47.0,40.0,10,Business / office (weekday commute),0
TEST-03800,Sarbet,2025-11-13 12:00:00,18.2,0.0,64.0,13.1,1,0,1,0.0,0,0,0,0,0,0,0,0,0,0,0,48.0,48.0,12,3,0,11,17,316.5,20.0,27.0,24.0,23.666666666666668,11,"Residential (evening peak, weekend >= weekday)",4
TEST-03790,Arat Kilo,2025-11-13 13:00:00,19.0,0.8,86.0,14.7,1,0,0,0.7999999999999983,1,0,0,0,0,0,0,0,0,0,0,48.0,48.0,13,3,0,11,17,316.5416666666667,29.0,31.0,37.0,32.333333333333336,0,Business / office (weekday commute),0
TEST-03043,Ayat,2025-11-13 13:00:00,19.0,0.8,86.0,14.7,1,0,0,0.7999999999999983,1,0,0,0,0,0,0,0,0,0,0,48.0,48.0,13,3,0,11,17,316.5416666666667,14.0,18.0,10.0,14.0,1,"Residential (evening peak, weekend >= weekday)",4
TEST-02274,Bole,2025-11-13 13:00:00,19.0,0.8,86.0,14.7,1,0,0,0.7999999999999983,1,0,0,0,0,0,0,0,0,0,0,48.0,48.0,13,3,0,11,17,316.5416666666667,49.0,35.0,39.0,41.0,2,"Leisure / nightlife (late, weekend-heavy)",1
TEST-03837,CMC,2025-11-13 13:00:00,19.0,0.8,86.0,14.7,1,0,0,0.7999999999999983,1,0,0,0,0,0,0,0,0,0,0,48.0,48.0,13,3,0,11,17,316.5416666666667,17.0,23.0,23.0,21.0,3,"Residential (evening peak, weekend >= weekday)",4
TEST-04014,Gerji,2025-11-13 13:00:00,19.0,0.8,86.0,14.7,1,0,0,0.7999999999999983,1,0,0,0,0,0,0,0,0,0,0,48.0,48.0,13,3,0,11,17,316.5416666666667,20.0,30.0,18.0,22.666666666666668,4,"Residential (evening peak, weekend >= weekday)",4
TEST-03876,Kazanchis,2025-11-13 13:00:00,19.0,0.8,86.0,14.7,1,0,0,0.7999999999999983,1,0,0,0,0,0,0,0,0,0,0,48.0,48.0,13,3,0,11,17,316.5416666666667,56.0,69.0,,62.5,5,Business / office (weekday commute),0
TEST-01056,Kolfe,2025-11-13 13:00:00,19.0,0.8,86.0,14.7,1,0,0,0.7999999999999983,1,0,0,0,0,0,0,0,0,0,0,48.0,48.0,13,3,0,11,17,316.5416666666667,17.0,25.0,22.0,21.33333333333333,6,"Residential (evening peak, weekend >= weekday)",4
TEST-02365,Lideta,2025-11-13 13:00:00,19.0,0.8,86.0,14.7,1,0,0,0.7999999999999983,1,0,0,0,0,0,0,0,0,0,0,48.0,48.0,13,3,0,11,17,316.5416666666667,36.0,34.0,44.0,38.0,7,Mixed hub (commute + busy midday),3
TEST-03168,Megenagna,2025-11-13 13:00:00,19.0,0.8,86.0,14.7,1,0,0,0.7999999999999983,1,0,0,0,0,0,0,0,0,0,0,48.0,48.0,13,3,0,11,17,316.5416666666667,41.0,54.0,56.0,50.333333333333336,8,Mixed hub (commute + busy midday),3
TEST-03691,Merkato,2025-11-13 13:00:00,19.0,0.8,86.0,14.7,1,0,0,0.7999999999999983,1,0,0,0,0,0,0,0,0,0,0,48.0,48.0,13,3,0,11,17,316.5416666666667,116.0,92.0,114.0,107.33333333333331,9,Market (midday peak),2
TEST-00776,Piassa,2025-11-13 13:00:00,19.0,0.8,86.0,14.7,1,0,0,0.7999999999999983,1,0,0,0,0,0,0,0,0,0,0,48.0,48.0,13,3,0,11,17,316.5416666666667,62.0,70.0,54.0,62.0,10,Business / office (weekday commute),0
TEST-03266,Sarbet,2025-11-13 13:00:00,19.0,0.8,86.0,14.7,1,0,0,0.7999999999999983,1,0,0,0,0,0,0,0,0,0,0,48.0,48.0,13,3,0,11,17,316.5416666666667,19.0,17.0,24.0,20.0,11,"Residential (evening peak, weekend >= weekday)",4
TEST-02307,Arat Kilo,2025-11-13 14:00:00,19.0,3.6,75.0,4.4,1,0,0,4.399999999999999,2,0,0,0,0,0,0,0,0,0,0,48.0,48.0,14,3,0,11,17,316.5833333333333,30.0,30.0,38.0,32.666666666666664,0,Business / office (weekday commute),0
TEST-00344,Ayat,2025-11-13 14:00:00,19.0,3.6,75.0,4.4,1,0,0,4.399999999999999,2,0,0,0,0,0,0,0,0,0,0,48.0,48.0,14,3,0,11,17,316.5833333333333,32.0,16.0,12.0,20.0,1,"Residential (evening peak, weekend >= weekday)",4
TEST-03435,Bole,2025-11-13 14:00:00,19.0,3.6,75.0,4.4,1,0,0,4.399999999999999,2,0,0,0,0,0,0,0,0,0,0,48.0,48.0,14,3,0,11,17,316.5833333333333,51.0,44.0,41.0,45.333333333333336,2,"Leisure / nightlife (late, weekend-heavy)",1
TEST-00873,CMC,2025-11-13 14:00:00,19.0,3.6,75.0,4.4,1,0,0,4.399999999999999,2,0,0,0,0,0,0,0,0,0,0,48.0,48.0,14,3,0,11,17,316.5833333333333,33.0,27.0,28.0,29.33333333333333,3,"Residential (evening peak, weekend >= weekday)",4
TEST-00904,Gerji,2025-11-13 14:00:00,19.0,3.6,75.0,4.4,1,0,0,4.399999999999999,2,0,0,0,0,0,0,0,0,0,0,48.0,48.0,14,3,0,11,17,316.5833333333333,25.0,24.0,28.0,25.666666666666668,4,"Residential (evening peak, weekend >= weekday)",4
TEST-03960,Kazanchis,2025-11-13 14:00:00,19.0,3.6,75.0,4.4,1,0,0,4.399999999999999,2,0,0,0,0,0,0,0,0,0,0,48.0,48.0,14,3,0,11,17,316.5833333333333,59.0,49.0,52.0,53.333333333333336,5,Business / office (weekday commute),0
TEST-02370,Kolfe,2025-11-13 14:00:00,19.0,3.6,75.0,4.4,1,0,0,4.399999999999999,2,0,0,0,0,0,0,0,0,0,0,48.0,48.0,14,3,0,11,17,316.5833333333333,25.0,20.0,29.0,24.666666666666668,6,"Residential (evening peak, weekend >= weekday)",4
TEST-03871,Lideta,2025-11-13 14:00:00,19.0,3.6,75.0,4.4,1,0,0,4.399999999999999,2,0,0,0,0,0,0,0,0,0,0,48.0,48.0,14,3,0,11,17,316.5833333333333,31.0,43.0,34.0,36.0,7,Mixed hub (commute + busy midday),3
TEST-04018,Megenagna,2025-11-13 14:00:00,19.0,3.6,75.0,4.4,1,0,0,4.399999999999999,2,0,0,0,0,0,0,0,0,0,0,48.0,48.0,14,3,0,11,17,316.5833333333333,48.0,47.0,46.0,47.0,8,Mixed hub (commute + busy midday),3
TEST-01962,Merkato,2025-11-13 14:00:00,19.0,3.6,75.0,4.4,1,0,0,4.399999999999999,2,0,0,0,0,0,0,0,0,0,0,48.0,48.0,14,3,0,11,17,316.5833333333333,117.0,104.0,122.0,114.33333333333331,9,Market (midday peak),2
TEST-02768,Piassa,2025-11-13 14:00:00,19.0,3.6,75.0,4.4,1,0,0,4.399999999999999,2,0,0,0,0,0,0,0,0,0,0,48.0,48.0,14,3,0,11,17,316.5833333333333,45.0,55.0,46.0,48.66666666666666,10,Business / office (weekday commute),0
TEST-01513,Sarbet,2025-11-13 14:00:00,19.0,3.6,75.0,4.4,1,0,0,4.399999999999999,2,0,0,0,0,0,0,0,0,0,0,48.0,48.0,14,3,0,11,17,316.5833333333333,27.0,20.0,27.0,24.666666666666668,11,"Residential (evening peak, weekend >= weekday)",4
TEST-03847,Arat Kilo,2025-11-13 15:00:00,21.2,25.7,84.0,9.8,1,0,0,30.1,3,0,0,0,0,0,0,0,0,0,0,48.0,48.0,15,3,0,11,17,316.625,24.0,34.0,33.0,30.33333333333333,0,Business / office (weekday commute),0
TEST-02246,Ayat,2025-11-13 15:00:00,21.2,25.7,84.0,9.8,1,0,0,30.1,3,0,0,0,0,0,0,0,0,0,0,48.0,48.0,15,3,0,11,17,316.625,16.0,13.0,10.0,13.0,1,"Residential (evening peak, weekend >= weekday)",4
TEST-00985,Bole,2025-11-13 15:00:00,21.2,25.7,84.0,9.8,1,0,0,30.1,3,0,0,0,0,0,0,0,0,0,0,48.0,48.0,15,3,0,11,17,316.625,32.0,43.0,29.0,34.666666666666664,2,"Leisure / nightlife (late, weekend-heavy)",1
TEST-00564,CMC,2025-11-13 15:00:00,21.2,25.7,84.0,9.8,1,0,0,30.1,3,0,0,0,0,0,0,0,0,0,0,48.0,48.0,15,3,0,11,17,316.625,25.0,16.0,,20.5,3,"Residential (evening peak, weekend >= weekday)",4
TEST-00939,Gerji,2025-11-13 15:00:00,21.2,25.7,84.0,9.8,1,0,0,30.1,3,0,0,0,0,0,0,0,0,0,0,48.0,48.0,15,3,0,11,17,316.625,18.0,21.0,18.0,19.0,4,"Residential (evening peak, weekend >= weekday)",4
TEST-01787,Kazanchis,2025-11-13 15:00:00,21.2,25.7,84.0,9.8,1,0,0,30.1,3,0,0,0,0,0,0,0,0,0,0,48.0,48.0,15,3,0,11,17,316.625,47.0,55.0,41.0,47.66666666666666,5,Business / office (weekday commute),0
TEST-00054,Kolfe,2025-11-13 15:00:00,21.2,25.7,84.0,9.8,1,0,0,30.1,3,0,0,0,0,0,0,0,0,0,0,48.0,48.0,15,3,0,11,17,316.625,25.0,19.0,20.0,21.33333333333333,6,"Residential (evening peak, weekend >= weekday)",4
TEST-01283,Lideta,2025-11-13 15:00:00,21.2,25.7,84.0,9.8,1,0,0,30.1,3,0,0,0,0,0,0,0,0,0,0,48.0,48.0,15,3,0,11,17,316.625,41.0,39.0,30.0,36.66666666666666,7,Mixed hub (commute + busy midday),3
TEST-00803,Megenagna,2025-11-13 15:00:00,21.2,25.7,84.0,9.8,1,0,0,30.1,3,0,0,0,0,0,0,0,0,0,0,48.0,48.0,15,3,0,11,17,316.625,50.0,,58.0,54.0,8,Mixed hub (commute + busy midday),3
TEST-03811,Merkato,2025-11-13 15:00:00,21.2,25.7,84.0,9.8,1,0,0,30.1,3,0,0,0,0,0,0,0,0,0,0,48.0,48.0,15,3,0,11,17,316.625,83.0,111.0,128.0,107.33333333333331,9,Market (midday peak),2
TEST-03472,Piassa,2025-11-13 15:00:00,21.2,25.7,84.0,9.8,1,0,0,30.1,3,0,0,0,0,0,0,0,0,0,0,48.0,48.0,15,3,0,11,17,316.625,50.0,48.0,37.0,45.0,10,Business / office (weekday commute),0
TEST-03977,Sarbet,2025-11-13 15:00:00,21.2,25.7,84.0,9.8,1,0,0,30.1,3,0,0,0,0,0,0,0,0,0,0,48.0,48.0,15,3,0,11,17,316.625,19.0,23.0,9.0,17.0,11,"Residential (evening peak, weekend >= weekday)",4
TEST-02124,Arat Kilo,2025-11-13 16:00:00,19.3,3.0,85.0,9.6,1,0,0,32.3,2,0,0,0,0,0,0,0,0,0,0,48.0,48.0,16,3,0,11,17,316.6666666666667,54.0,42.0,36.0,44.0,0,Business / office (weekday commute),0
TEST-03229,Ayat,2025-11-13 16:00:00,19.3,3.0,85.0,9.6,1,0,0,32.3,2,0,0,0,0,0,0,0,0,0,0,48.0,48.0,16,3,0,11,17,316.6666666666667,31.0,11.0,17.0,19.666666666666668,1,"Residential (evening peak, weekend >= weekday)",4
TEST-00345,Bole,2025-11-13 16:00:00,19.3,3.0,85.0,9.6,1,0,0,32.3,2,0,0,0,0,0,0,0,0,0,0,48.0,48.0,16,3,0,11,17,316.6666666666667,33.0,38.0,29.0,33.333333333333336,2,"Leisure / nightlife (late, weekend-heavy)",1
TEST-00678,CMC,2025-11-13 16:00:00,19.3,3.0,85.0,9.6,1,0,0,32.3,2,0,0,0,0,0,0,0,0,0,0,48.0,48.0,16,3,0,11,17,316.6666666666667,25.0,24.0,25.0,24.666666666666668,3,"Residential (evening peak, weekend >= weekday)",4
TEST-03504,Gerji,2025-11-13 16:00:00,19.3,3.0,85.0,9.6,1,0,0,32.3,2,0,0,0,0,0,0,0,0,0,0,48.0,48.0,16,3,0,11,17,316.6666666666667,32.0,37.0,24.0,31.0,4,"Residential (evening peak, weekend >= weekday)",4
TEST-00812,Kazanchis,2025-11-13 16:00:00,19.3,3.0,85.0,9.6,1,0,0,32.3,2,0,0,0,0,0,0,0,0,0,0,48.0,48.0,16,3,0,11,17,316.6666666666667,82.0,54.0,60.0,65.33333333333333,5,Business / office (weekday commute),0
TEST-03178,Kolfe,2025-11-13 16:00:00,19.3,3.0,85.0,9.6,1,0,0,32.3,2,0,0,0,0,0,0,0,0,0,0,48.0,48.0,16,3,0,11,17,316.6666666666667,27.0,17.0,27.0,23.666666666666668,6,"Residential (evening peak, weekend >= weekday)",4
TEST-02708,Lideta,2025-11-13 16:00:00,19.3,3.0,85.0,9.6,1,0,0,32.3,2,0,0,0,0,0,0,0,0,0,0,48.0,48.0,16,3,0,11,17,316.6666666666667,40.0,53.0,46.0,46.333333333333336,7,Mixed hub (commute + busy midday),3
TEST-00871,Megenagna,2025-11-13 16:00:00,19.3,3.0,85.0,9.6,1,0,0,32.3,2,0,0,0,0,0,0,0,0,0,0,48.0,48.0,16,3,0,11,17,316.6666666666667,70.0,75.0,74.0,73.0,8,Mixed hub (commute + busy midday),3
TEST-00199,Merkato,2025-11-13 16:00:00,19.3,3.0,85.0,9.6,1,0,0,32.3,2,0,0,0,0,0,0,0,0,0,0,48.0,48.0,16,3,0,11,17,316.6666666666667,71.0,92.0,92.0,85.0,9,Market (midday peak),2
TEST-02881,Piassa,2025-11-13 16:00:00,19.3,3.0,85.0,9.6,1,0,0,32.3,2,0,0,0,0,0,0,0,0,0,0,48.0,48.0,16,3,0,11,17,316.6666666666667,66.0,76.0,51.0,64.33333333333333,10,Business / office (weekday commute),0
TEST-01266,Sarbet,2025-11-13 16:00:00,19.3,3.0,85.0,9.6,1,0,0,32.3,2,0,0,0,0,0,0,0,0,0,0,48.0,48.0,16,3,0,11,17,316.6666666666667,19.0,15.0,20.0,18.0,11,"Residential (evening peak, weekend >= weekday)",4
TEST-02841,Arat Kilo,2025-11-13 17:00:00,19.3,3.6,82.0,15.5,1,0,0,32.3,2,0,0,0,0,0,0,0,0,0,0,48.0,48.0,17,3,0,11,17,316.7083333333333,75.0,61.0,62.0,66.0,0,Business / office (weekday commute),0
TEST-00857,Ayat,2025-11-13 17:00:00,19.3,3.6,82.0,15.5,1,0,0,32.3,2,0,0,0,0,0,0,0,0,0,0,48.0,48.0,17,3,0,11,17,316.7083333333333,28.0,23.0,25.0,25.33333333333333,1,"Residential (evening peak, weekend >= weekday)",4
TEST-01313,Bole,2025-11-13 17:00:00,19.3,3.6,82.0,15.5,1,0,0,32.3,2,0,0,0,0,0,0,0,0,0,0,48.0,48.0,17,3,0,11,17,316.7083333333333,,33.0,55.0,44.0,2,"Leisure / nightlife (late, weekend-heavy)",1
TEST-01557,CMC,2025-11-13 17:00:00,19.3,3.6,82.0,15.5,1,0,0,32.3,2,0,0,0,0,0,0,0,0,0,0,48.0,48.0,17,3,0,11,17,316.7083333333333,43.0,36.0,36.0,38.333333333333336,3,"Residential (evening peak, weekend >= weekday)",4
TEST-03743,Gerji,2025-11-13 17:00:00,19.3,3.6,82.0,15.5,1,0,0,32.3,2,0,0,0,0,0,0,0,0,0,0,48.0,48.0,17,3,0,11,17,316.7083333333333,41.0,39.0,39.0,39.66666666666666,4,"Residential (evening peak, weekend >= weekday)",4
TEST-01263,Kazanchis,2025-11-13 17:00:00,19.3,3.6,82.0,15.5,1,0,0,32.3,2,0,0,0,0,0,0,0,0,0,0,48.0,48.0,17,3,0,11,17,316.7083333333333,111.0,70.0,75.0,85.33333333333333,5,Business / office (weekday commute),0
TEST-00211,Kolfe,2025-11-13 17:00:00,19.3,3.6,82.0,15.5,1,0,0,32.3,2,0,0,0,0,0,0,0,0,0,0,48.0,48.0,17,3,0,11,17,316.7083333333333,33.0,33.0,17.0,27.666666666666668,6,"Residential (evening peak, weekend >= weekday)",4
TEST-02227,Lideta,2025-11-13 17:00:00,19.3,3.6,82.0,15.5,1,0,0,32.3,2,0,0,0,0,0,0,0,0,0,0,48.0,48.0,17,3,0,11,17,316.7083333333333,74.0,68.0,44.0,62.0,7,Mixed hub (commute + busy midday),3
TEST-02380,Megenagna,2025-11-13 17:00:00,19.3,3.6,82.0,15.5,1,0,0,32.3,2,0,0,0,0,0,0,0,0,0,0,48.0,48.0,17,3,0,11,17,316.7083333333333,95.0,,86.0,90.5,8,Mixed hub (commute + busy midday),3
TEST-00509,Merkato,2025-11-13 17:00:00,19.3,3.6,82.0,15.5,1,0,0,32.3,2,0,0,0,0,0,0,0,0,0,0,48.0,48.0,17,3,0,11,17,316.7083333333333,54.0,65.0,80.0,66.33333333333333,9,Market (midday peak),2
TEST-02132,Piassa,2025-11-13 17:00:00,19.3,3.6,82.0,15.5,1,0,0,32.3,2,0,0,0,0,0,0,0,0,0,0,48.0,48.0,17,3,0,11,17,316.7083333333333,101.0,102.0,76.0,93.0,10,Business / office (weekday commute),0
TEST-00718,Sarbet,2025-11-13 17:00:00,19.3,3.6,82.0,15.5,1,0,0,32.3,2,0,0,0,0,0,0,0,0,0,0,48.0,48.0,17,3,0,11,17,316.7083333333333,36.0,46.0,30.0,37.333333333333336,11,"Residential (evening peak, weekend >= weekday)",4
TEST-02742,Arat Kilo,2025-11-13 18:00:00,19.5,3.6,82.0,9.1,1,0,0,10.2,2,0,0,0,0,0,0,0,0,0,0,48.0,48.0,18,3,0,11,17,316.75,60.0,66.0,59.0,61.66666666666666,0,Business / office (weekday commute),0
TEST-02894,Ayat,2025-11-13 18:00:00,19.5,3.6,82.0,9.1,1,0,0,10.2,2,0,0,0,0,0,0,0,0,0,0,48.0,48.0,18,3,0,11,17,316.75,36.0,32.0,30.0,32.666666666666664,1,"Residential (evening peak, weekend >= weekday)",4
TEST-02750,Bole,2025-11-13 18:00:00,19.5,3.6,82.0,9.1,1,0,0,10.2,2,0,0,0,0,0,0,0,0,0,0,48.0,48.0,18,3,0,11,17,316.75,47.0,41.0,69.0,52.333333333333336,2,"Leisure / nightlife (late, weekend-heavy)",1
TEST-03714,CMC,2025-11-13 18:00:00,19.5,3.6,82.0,9.1,1,0,0,10.2,2,0,0,0,0,0,0,0,0,0,0,48.0,48.0,18,3,0,11,17,316.75,40.0,45.0,44.0,43.0,3,"Residential (evening peak, weekend >= weekday)",4
TEST-03482,Gerji,2025-11-13 18:00:00,19.5,3.6,82.0,9.1,1,0,0,10.2,2,0,0,0,0,0,0,0,0,0,0,48.0,48.0,18,3,0,11,17,316.75,44.0,44.0,66.0,51.333333333333336,4,"Residential (evening peak, weekend >= weekday)",4
TEST-00283,Kazanchis,2025-11-13 18:00:00,19.5,3.6,82.0,9.1,1,0,0,10.2,2,0,0,0,0,0,0,0,0,0,0,48.0,48.0,18,3,0,11,17,316.75,88.0,85.0,108.0,93.66666666666669,5,Business / office (weekday commute),0
TEST-02739,Kolfe,2025-11-13 18:00:00,19.5,3.6,82.0,9.1,1,0,0,10.2,2,0,0,0,0,0,0,0,0,0,0,48.0,48.0,18,3,0,11,17,316.75,,57.0,37.0,47.0,6,"Residential (evening peak, weekend >= weekday)",4
TEST-00850,Lideta,2025-11-13 18:00:00,19.5,3.6,82.0,9.1,1,0,0,10.2,2,0,0,0,0,0,0,0,0,0,0,48.0,48.0,18,3,0,11,17,316.75,88.0,63.0,85.0,78.66666666666667,7,Mixed hub (commute + busy midday),3
TEST-03063,Megenagna,2025-11-13 18:00:00,19.5,3.6,82.0,9.1,1,0,0,10.2,2,0,0,0,0,0,0,0,0,0,0,48.0,48.0,18,3,0,11,17,316.75,94.0,93.0,84.0,90.33333333333331,8,Mixed hub (commute + busy midday),3
TEST-00604,Merkato,2025-11-13 18:00:00,19.5,3.6,82.0,9.1,1,0,0,10.2,2,0,0,0,0,0,0,0,0,0,0,48.0,48.0,18,3,0,11,17,316.75,48.0,37.0,48.0,44.333333333333336,9,Market (midday peak),2
TEST-00439,Piassa,2025-11-13 18:00:00,19.5,3.6,82.0,9.1,1,0,0,10.2,2,0,0,0,0,0,0,0,0,0,0,48.0,48.0,18,3,0,11,17,316.75,89.0,79.0,82.0,83.33333333333333,10,Business / office (weekday commute),0
TEST-03995,Sarbet,2025-11-13 18:00:00,19.5,3.6,82.0,9.1,1,0,0,10.2,2,0,0,0,0,0,0,0,0,0,0,48.0,48.0,18,3,0,11,17,316.75,43.0,31.0,41.0,38.333333333333336,11,"Residential (evening peak, weekend >= weekday)",4
TEST-01820,Arat Kilo,2025-11-13 19:00:00,20.5,0.3,68.0,12.0,1,0,0,7.5,1,0,0,0,0,0,0,0,0,0,0,48.0,48.0,19,3,0,11,17,316.7916666666667,53.0,54.0,59.0,55.333333333333336,0,Business / office (weekday commute),0
TEST-02091,Ayat,2025-11-13 19:00:00,20.5,0.3,68.0,12.0,1,0,0,7.5,1,0,0,0,0,0,0,0,0,0,0,48.0,48.0,19,3,0,11,17,316.7916666666667,33.0,36.0,45.0,38.0,1,"Residential (evening peak, weekend >= weekday)",4
TEST-01871,Bole,2025-11-13 19:00:00,20.5,0.3,68.0,12.0,1,0,0,7.5,1,0,0,0,0,0,0,0,0,0,0,48.0,48.0,19,3,0,11,17,316.7916666666667,50.0,41.0,49.0,46.66666666666666,2,"Leisure / nightlife (late, weekend-heavy)",1
TEST-00292,CMC,2025-11-13 19:00:00,20.5,0.3,68.0,12.0,1,0,0,7.5,1,0,0,0,0,0,0,0,0,0,0,48.0,48.0,19,3,0,11,17,316.7916666666667,66.0,41.0,60.0,55.66666666666666,3,"Residential (evening peak, weekend >= weekday)",4
TEST-03792,Gerji,2025-11-13 19:00:00,20.5,0.3,68.0,12.0,1,0,0,7.5,1,0,0,0,0,0,0,0,0,0,0,48.0,48.0,19,3,0,11,17,316.7916666666667,65.0,43.0,42.0,50.0,4,"Residential (evening peak, weekend >= weekday)",4
TEST-03816,Kazanchis,2025-11-13 19:00:00,20.5,0.3,68.0,12.0,1,0,0,7.5,1,0,0,0,0,0,0,0,0,0,0,48.0,48.0,19,3,0,11,17,316.7916666666667,122.0,77.0,89.0,96.0,5,Business / office (weekday commute),0
TEST-00449,Kolfe,2025-11-13 19:00:00,20.5,0.3,68.0,12.0,1,0,0,7.5,1,0,0,0,0,0,0,0,0,0,0,48.0,48.0,19,3,0,11,17,316.7916666666667,65.0,32.0,37.0,44.66666666666666,6,"Residential (evening peak, weekend >= weekday)",4
TEST-02142,Lideta,2025-11-13 19:00:00,20.5,0.3,68.0,12.0,1,0,0,7.5,1,0,0,0,0,0,0,0,0,0,0,48.0,48.0,19,3,0,11,17,316.7916666666667,59.0,55.0,55.0,56.333333333333336,7,Mixed hub (commute + busy midday),3
TEST-03100,Megenagna,2025-11-13 19:00:00,20.5,0.3,68.0,12.0,1,0,0,7.5,1,0,0,0,0,0,0,0,0,0,0,48.0,48.0,19,3,0,11,17,316.7916666666667,64.0,76.0,94.0,78.0,8,Mixed hub (commute + busy midday),3
TEST-01063,Merkato,2025-11-13 19:00:00,20.5,0.3,68.0,12.0,1,0,0,7.5,1,0,0,0,0,0,0,0,0,0,0,48.0,48.0,19,3,0,11,17,316.7916666666667,28.0,25.0,21.0,24.666666666666668,9,Market (midday peak),2
TEST-02808,Piassa,2025-11-13 19:00:00,20.5,0.3,68.0,12.0,1,0,0,7.5,1,0,0,0,0,0,0,0,0,0,0,48.0,48.0,19,3,0,11,17,316.7916666666667,73.0,72.0,63.0,69.33333333333333,10,Business / office (weekday commute),0
TEST-00560,Sarbet,2025-11-13 19:00:00,20.5,0.3,68.0,12.0,1,0,0,7.5,1,0,0,0,0,0,0,0,0,0,0,48.0,48.0,19,3,0,11,17,316.7916666666667,45.0,50.0,42.0,45.66666666666666,11,"Residential (evening peak, weekend >= weekday)",4
TEST-01040,Arat Kilo,2025-11-13 20:00:00,16.7,0.0,62.0,16.8,1,0,0,3.9,0,0,0,0,0,0,0,0,0,0,0,48.0,48.0,20,3,0,11,17,316.8333333333333,,32.0,31.0,31.5,0,Business / office (weekday commute),0
TEST-00593,Ayat,2025-11-13 20:00:00,16.7,0.0,62.0,16.8,1,0,0,3.9,0,0,0,0,0,0,0,0,0,0,0,48.0,48.0,20,3,0,11,17,316.8333333333333,32.0,31.0,27.0,30.0,1,"Residential (evening peak, weekend >= weekday)",4
TEST-02484,Bole,2025-11-13 20:00:00,16.7,0.0,62.0,16.8,1,0,0,3.9,0,0,0,0,0,0,0,0,0,0,0,48.0,48.0,20,3,0,11,17,316.8333333333333,43.0,47.0,,45.0,2,"Leisure / nightlife (late, weekend-heavy)",1
TEST-00213,CMC,2025-11-13 20:00:00,16.7,0.0,62.0,16.8,1,0,0,3.9,0,0,0,0,0,0,0,0,0,0,0,48.0,48.0,20,3,0,11,17,316.8333333333333,57.0,41.0,41.0,46.333333333333336,3,"Residential (evening peak, weekend >= weekday)",4
TEST-02193,Gerji,2025-11-13 20:00:00,16.7,0.0,62.0,16.8,1,0,0,3.9,0,0,0,0,0,0,0,0,0,0,0,48.0,48.0,20,3,0,11,17,316.8333333333333,53.0,49.0,44.0,48.66666666666666,4,"Residential (evening peak, weekend >= weekday)",4
TEST-01088,Kazanchis,2025-11-13 20:00:00,16.7,0.0,62.0,16.8,1,0,0,3.9,0,0,0,0,0,0,0,0,0,0,0,48.0,48.0,20,3,0,11,17,316.8333333333333,57.0,65.0,55.0,59.0,5,Business / office (weekday commute),0
TEST-01817,Kolfe,2025-11-13 20:00:00,16.7,0.0,62.0,16.8,1,0,0,3.9,0,0,0,0,0,0,0,0,0,0,0,48.0,48.0,20,3,0,11,17,316.8333333333333,44.0,58.0,39.0,47.0,6,"Residential (evening peak, weekend >= weekday)",4
TEST-03414,Lideta,2025-11-13 20:00:00,16.7,0.0,62.0,16.8,1,0,0,3.9,0,0,0,0,0,0,0,0,0,0,0,48.0,48.0,20,3,0,11,17,316.8333333333333,40.0,32.0,35.0,35.666666666666664,7,Mixed hub (commute + busy midday),3
TEST-00460,Megenagna,2025-11-13 20:00:00,16.7,0.0,62.0,16.8,1,0,0,3.9,0,0,0,0,0,0,0,0,0,0,0,48.0,48.0,20,3,0,11,17,316.8333333333333,41.0,37.0,49.0,42.333333333333336,8,Mixed hub (commute + busy midday),3
TEST-03082,Merkato,2025-11-13 20:00:00,16.7,0.0,62.0,16.8,1,0,0,3.9,0,0,0,0,0,0,0,0,0,0,0,48.0,48.0,20,3,0,11,17,316.8333333333333,9.0,12.0,13.0,11.333333333333334,9,Market (midday peak),2
TEST-03918,Piassa,2025-11-13 20:00:00,16.7,0.0,62.0,16.8,1,0,0,3.9,0,0,0,0,0,0,0,0,0,0,0,48.0,48.0,20,3,0,11,17,316.8333333333333,37.0,48.0,61.0,48.66666666666666,10,Business / office (weekday commute),0
TEST-00818,Sarbet,2025-11-13 20:00:00,16.7,0.0,62.0,16.8,1,0,0,3.9,0,0,0,0,0,0,0,0,0,0,0,48.0,48.0,20,3,0,11,17,316.8333333333333,52.0,34.0,38.0,41.333333333333336,11,"Residential (evening peak, weekend >= weekday)",4
TEST-00512,Arat Kilo,2025-11-13 21:00:00,15.2,0.0,81.0,15.7,1,0,0,0.3,0,0,0,0,0,0,0,0,0,0,0,48.0,48.0,21,3,0,11,17,316.875,27.0,14.0,23.0,21.33333333333333,0,Business / office (weekday commute),0
TEST-00440,Ayat,2025-11-13 21:00:00,15.2,0.0,81.0,15.7,1,0,0,0.3,0,0,0,0,0,0,0,0,0,0,0,48.0,48.0,21,3,0,11,17,316.875,26.0,21.0,19.0,22.0,1,"Residential (evening peak, weekend >= weekday)",4
TEST-00025,Bole,2025-11-13 21:00:00,15.2,0.0,81.0,15.7,1,0,0,0.3,0,0,0,0,0,0,0,0,0,0,0,48.0,48.0,21,3,0,11,17,316.875,43.0,39.0,46.0,42.66666666666666,2,"Leisure / nightlife (late, weekend-heavy)",1
TEST-02238,CMC,2025-11-13 21:00:00,15.2,0.0,81.0,15.7,1,0,0,0.3,0,0,0,0,0,0,0,0,0,0,0,48.0,48.0,21,3,0,11,17,316.875,30.0,29.0,34.0,31.0,3,"Residential (evening peak, weekend >= weekday)",4
TEST-02503,Gerji,2025-11-13 21:00:00,15.2,0.0,81.0,15.7,1,0,0,0.3,0,0,0,0,0,0,0,0,0,0,0,48.0,48.0,21,3,0,11,17,316.875,29.0,33.0,35.0,32.333333333333336,4,"Residential (evening peak, weekend >= weekday)",4
TEST-00150,Kazanchis,2025-11-13 21:00:00,15.2,0.0,81.0,15.7,1,0,0,0.3,0,0,0,0,0,0,0,0,0,0,0,48.0,48.0,21,3,0,11,17,316.875,29.0,34.0,37.0,33.333333333333336,5,Business / office (weekday commute),0
TEST-03371,Kolfe,2025-11-13 21:00:00,15.2,0.0,81.0,15.7,1,0,0,0.3,0,0,0,0,0,0,0,0,0,0,0,48.0,48.0,21,3,0,11,17,316.875,41.0,33.0,31.0,35.0,6,"Residential (evening peak, weekend >= weekday)",4
TEST-00831,Lideta,2025-11-13 21:00:00,15.2,0.0,81.0,15.7,1,0,0,0.3,0,0,0,0,0,0,0,0,0,0,0,48.0,48.0,21,3,0,11,17,316.875,14.0,20.0,26.0,20.0,7,Mixed hub (commute + busy midday),3
TEST-02720,Megenagna,2025-11-13 21:00:00,15.2,0.0,81.0,15.7,1,0,0,0.3,0,0,0,0,0,0,0,0,0,0,0,48.0,48.0,21,3,0,11,17,316.875,32.0,16.0,21.0,23.0,8,Mixed hub (commute + busy midday),3
TEST-03156,Merkato,2025-11-13 21:00:00,15.2,0.0,81.0,15.7,1,0,0,0.3,0,0,0,0,0,0,0,0,0,0,0,48.0,48.0,21,3,0,11,17,316.875,6.0,2.0,10.0,6.0,9,Market (midday peak),2
TEST-03346,Piassa,2025-11-13 21:00:00,15.2,0.0,81.0,15.7,1,0,0,0.3,0,0,0,0,0,0,0,0,0,0,0,48.0,48.0,21,3,0,11,17,316.875,28.0,51.0,18.0,32.333333333333336,10,Business / office (weekday commute),0
TEST-00277,Sarbet,2025-11-13 21:00:00,15.2,0.0,81.0,15.7,1,0,0,0.3,0,0,0,0,0,0,0,0,0,0,0,48.0,48.0,21,3,0,11,17,316.875,37.0,33.0,28.0,32.666666666666664,11,"Residential (evening peak, weekend >= weekday)",4
TEST-02538,Arat Kilo,2025-11-13 22:00:00,14.9,0.0,87.0,24.1,1,0,0,0.0,0,0,0,0,0,0,0,0,0,0,0,48.0,48.0,22,3,0,11,17,316.9166666666667,10.0,8.0,17.0,11.666666666666666,0,Business / office (weekday commute),0
TEST-02988,Ayat,2025-11-13 22:00:00,14.9,0.0,87.0,24.1,1,0,0,0.0,0,0,0,0,0,0,0,0,0,0,0,48.0,48.0,22,3,0,11,17,316.9166666666667,17.0,22.0,11.0,16.666666666666668,1,"Residential (evening peak, weekend >= weekday)",4
TEST-01544,Bole,2025-11-13 22:00:00,14.9,0.0,87.0,24.1,1,0,0,0.0,0,0,0,0,0,0,0,0,0,0,0,48.0,48.0,22,3,0,11,17,316.9166666666667,38.0,35.0,22.0,31.666666666666668,2,"Leisure / nightlife (late, weekend-heavy)",1
TEST-02185,CMC,2025-11-13 22:00:00,14.9,0.0,87.0,24.1,1,0,0,0.0,0,0,0,0,0,0,0,0,0,0,0,48.0,48.0,22,3,0,11,17,316.9166666666667,25.0,18.0,18.0,20.33333333333333,3,"Residential (evening peak, weekend >= weekday)",4
TEST-03198,Gerji,2025-11-13 22:00:00,14.9,0.0,87.0,24.1,1,0,0,0.0,0,0,0,0,0,0,0,0,0,0,0,48.0,48.0,22,3,0,11,17,316.9166666666667,25.0,23.0,18.0,22.0,4,"Residential (evening peak, weekend >= weekday)",4
TEST-03567,Kazanchis,2025-11-13 22:00:00,14.9,0.0,87.0,24.1,1,0,0,0.0,0,0,0,0,0,0,0,0,0,0,0,48.0,48.0,22,3,0,11,17,316.9166666666667,19.0,21.0,15.0,18.33333333333333,5,Business / office (weekday commute),0
TEST-01914,Kolfe,2025-11-13 22:00:00,14.9,0.0,87.0,24.1,1,0,0,0.0,0,0,0,0,0,0,0,0,0,0,0,48.0,48.0,22,3,0,11,17,316.9166666666667,24.0,22.0,20.0,22.0,6,"Residential (evening peak, weekend >= weekday)",4
TEST-02628,Lideta,2025-11-13 22:00:00,14.9,0.0,87.0,24.1,1,0,0,0.0,0,0,0,0,0,0,0,0,0,0,0,48.0,48.0,22,3,0,11,17,316.9166666666667,7.0,8.0,9.0,8.0,7,Mixed hub (commute + busy midday),3
TEST-03705,Megenagna,2025-11-13 22:00:00,14.9,0.0,87.0,24.1,1,0,0,0.0,0,0,0,0,0,0,0,0,0,0,0,48.0,48.0,22,3,0,11,17,316.9166666666667,17.0,14.0,3.0,11.333333333333334,8,Mixed hub (commute + busy midday),3
TEST-02080,Merkato,2025-11-13 22:00:00,14.9,0.0,87.0,24.1,1,0,0,0.0,0,0,0,0,0,0,0,0,0,0,0,48.0,48.0,22,3,0,11,17,316.9166666666667,10.0,5.0,5.0,6.666666666666667,9,Market (midday peak),2
TEST-00661,Piassa,2025-11-13 22:00:00,14.9,0.0,87.0,24.1,1,0,0,0.0,0,0,0,0,0,0,0,0,0,0,0,48.0,48.0,22,3,0,11,17,316.9166666666667,14.0,20.0,20.0,18.0,10,Business / office (weekday commute),0
TEST-00377,Sarbet,2025-11-13 22:00:00,14.9,0.0,87.0,24.1,1,0,0,0.0,0,0,0,0,0,0,0,0,0,0,0,48.0,48.0,22,3,0,11,17,316.9166666666667,32.0,29.0,22.0,27.666666666666668,11,"Residential (evening peak, weekend >= weekday)",4
TEST-03453,Arat Kilo,2025-11-13 23:00:00,11.9,1.0,91.0,6.9,1,0,0,1.0,1,0,0,0,0,0,0,0,0,0,0,48.0,48.0,23,3,0,11,17,316.9583333333333,3.0,5.0,3.0,3.6666666666666665,0,Business / office (weekday commute),0
TEST-01525,Ayat,2025-11-13 23:00:00,11.9,1.0,91.0,6.9,1,0,0,1.0,1,0,0,0,0,0,0,0,0,0,0,48.0,48.0,23,3,0,11,17,316.9583333333333,9.0,10.0,11.0,10.0,1,"Residential (evening peak, weekend >= weekday)",4
TEST-00112,Bole,2025-11-13 23:00:00,11.9,1.0,91.0,6.9,1,0,0,1.0,1,0,0,0,0,0,0,0,0,0,0,48.0,48.0,23,3,0,11,17,316.9583333333333,,24.0,25.0,24.5,2,"Leisure / nightlife (late, weekend-heavy)",1
TEST-00778,CMC,2025-11-13 23:00:00,11.9,1.0,91.0,6.9,1,0,0,1.0,1,0,0,0,0,0,0,0,0,0,0,48.0,48.0,23,3,0,11,17,316.9583333333333,19.0,10.0,16.0,15.0,3,"Residential (evening peak, weekend >= weekday)",4
TEST-02103,Gerji,2025-11-13 23:00:00,11.9,1.0,91.0,6.9,1,0,0,1.0,1,0,0,0,0,0,0,0,0,0,0,48.0,48.0,23,3,0,11,17,316.9583333333333,16.0,11.0,15.0,14.0,4,"Residential (evening peak, weekend >= weekday)",4
TEST-02301,Kazanchis,2025-11-13 23:00:00,11.9,1.0,91.0,6.9,1,0,0,1.0,1,0,0,0,0,0,0,0,0,0,0,48.0,48.0,23,3,0,11,17,316.9583333333333,14.0,7.0,12.0,11.0,5,Business / office (weekday commute),0
TEST-01873,Kolfe,2025-11-13 23:00:00,11.9,1.0,91.0,6.9,1,0,0,1.0,1,0,0,0,0,0,0,0,0,0,0,48.0,48.0,23,3,0,11,17,316.9583333333333,12.0,7.0,10.0,9.666666666666666,6,"Residential (evening peak, weekend >= weekday)",4
TEST-03937,Lideta,2025-11-13 23:00:00,11.9,1.0,91.0,6.9,1,0,0,1.0,1,0,0,0,0,0,0,0,0,0,0,48.0,48.0,23,3,0,11,17,316.9583333333333,8.0,5.0,9.0,7.333333333333333,7,Mixed hub (commute + busy midday),3
TEST-01347,Megenagna,2025-11-13 23:00:00,11.9,1.0,91.0,6.9,1,0,0,1.0,1,0,0,0,0,0,0,0,0,0,0,48.0,48.0,23,3,0,11,17,316.9583333333333,10.0,20.0,7.0,12.333333333333334,8,Mixed hub (commute + busy midday),3
TEST-00784,Merkato,2025-11-13 23:00:00,11.9,1.0,91.0,6.9,1,0,0,1.0,1,0,0,0,0,0,0,0,0,0,0,48.0,48.0,23,3,0,11,17,316.9583333333333,2.0,,5.0,3.5,9,Market (midday peak),2
TEST-01377,Piassa,2025-11-13 23:00:00,11.9,1.0,91.0,6.9,1,0,0,1.0,1,0,0,0,0,0,0,0,0,0,0,48.0,48.0,23,3,0,11,17,316.9583333333333,9.0,13.0,7.0,9.666666666666666,10,Business / office (weekday commute),0
TEST-00749,Sarbet,2025-11-13 23:00:00,11.9,1.0,91.0,6.9,1,0,0,1.0,1,0,0,0,0,0,0,0,0,0,0,48.0,48.0,23,3,0,11,17,316.9583333333333,10.0,11.0,10.0,10.333333333333334,11,"Residential (evening peak, weekend >= weekday)",4
TEST-03812,Arat Kilo,2025-11-14 00:00:00,12.3,0.0,82.0,8.6,1,0,0,1.0,0,0,0,0,0,0,0,0,0,0,0,48.0,48.0,0,4,0,11,16,317.0,2.0,5.0,3.0,3.333333333333333,0,Business / office (weekday commute),0
TEST-00719,Ayat,2025-11-14 00:00:00,12.3,0.0,82.0,8.6,1,0,0,1.0,0,0,0,0,0,0,0,0,0,0,0,48.0,48.0,0,4,0,11,16,317.0,7.0,,7.0,7.0,1,"Residential (evening peak, weekend >= weekday)",4
TEST-01756,Bole,2025-11-14 00:00:00,12.3,0.0,82.0,8.6,1,0,0,1.0,0,0,0,0,0,0,0,0,0,0,0,48.0,48.0,0,4,0,11,16,317.0,13.0,9.0,25.0,15.666666666666666,2,"Leisure / nightlife (late, weekend-heavy)",1
TEST-02057,CMC,2025-11-14 00:00:00,12.3,0.0,82.0,8.6,1,0,0,1.0,0,0,0,0,0,0,0,0,0,0,0,48.0,48.0,0,4,0,11,16,317.0,5.0,5.0,9.0,6.333333333333333,3,"Residential (evening peak, weekend >= weekday)",4
TEST-03415,Gerji,2025-11-14 00:00:00,12.3,0.0,82.0,8.6,1,0,0,1.0,0,0,0,0,0,0,0,0,0,0,0,48.0,48.0,0,4,0,11,16,317.0,8.0,9.0,7.0,8.0,4,"Residential (evening peak, weekend >= weekday)",4
TEST-02058,Kazanchis,2025-11-14 00:00:00,12.3,0.0,82.0,8.6,1,0,0,1.0,0,0,0,0,0,0,0,0,0,0,0,48.0,48.0,0,4,0,11,16,317.0,7.0,7.0,8.0,7.333333333333333,5,Business / office (weekday commute),0
TEST-01017,Kolfe,2025-11-14 00:00:00,12.3,0.0,82.0,8.6,1,0,0,1.0,0,0,0,0,0,0,0,0,0,0,0,48.0,48.0,0,4,0,11,16,317.0,4.0,6.0,5.0,5.0,6,"Residential (evening peak, weekend >= weekday)",4
TEST-01048,Lideta,2025-11-14 00:00:00,12.3,0.0,82.0,8.6,1,0,0,1.0,0,0,0,0,0,0,0,0,0,0,0,48.0,48.0,0,4,0,11,16,317.0,6.0,,8.0,7.0,7,Mixed hub (commute + busy midday),3
TEST-00574,Megenagna,2025-11-14 00:00:00,12.3,0.0,82.0,8.6,1,0,0,1.0,0,0,0,0,0,0,0,0,0,0,0,48.0,48.0,0,4,0,11,16,317.0,14.0,10.0,17.0,13.666666666666666,8,Mixed hub (commute + busy midday),3
TEST-01139,Merkato,2025-11-14 00:00:00,12.3,0.0,82.0,8.6,1,0,0,1.0,0,0,0,0,0,0,0,0,0,0,0,48.0,48.0,0,4,0,11,16,317.0,8.0,7.0,8.0,7.666666666666667,9,Market (midday peak),2
TEST-01643,Piassa,2025-11-14 00:00:00,12.3,0.0,82.0,8.6,1,0,0,1.0,0,0,0,0,0,0,0,0,0,0,0,48.0,48.0,0,4,0,11,16,317.0,4.0,8.0,7.0,6.333333333333333,10,Business / office (weekday commute),0
TEST-00903,Sarbet,2025-11-14 00:00:00,12.3,0.0,82.0,8.6,1,0,0,1.0,0,0,0,0,0,0,0,0,0,0,0,48.0,48.0,0,4,0,11,16,317.0,,3.0,2.0,2.5,11,"Residential (evening peak, weekend >= weekday)",4
TEST-03952,Arat Kilo,2025-11-14 01:00:00,10.9,0.0,90.0,13.8,1,0,0,1.0,0,0,0,0,0,0,0,0,0,0,0,48.0,48.0,1,4,0,11,16,317.0416666666667,,4.0,2.0,3.0,0,Business / office (weekday commute),0
TEST-02494,Ayat,2025-11-14 01:00:00,10.9,0.0,90.0,13.8,1,0,0,1.0,0,0,0,0,0,0,0,0,0,0,0,48.0,48.0,1,4,0,11,16,317.0416666666667,3.0,4.0,6.0,4.333333333333333,1,"Residential (evening peak, weekend >= weekday)",4
TEST-02453,Bole,2025-11-14 01:00:00,10.9,0.0,90.0,13.8,1,0,0,1.0,0,0,0,0,0,0,0,0,0,0,0,48.0,48.0,1,4,0,11,16,317.0416666666667,13.0,8.0,19.0,13.333333333333334,2,"Leisure / nightlife (late, weekend-heavy)",1
TEST-03877,CMC,2025-11-14 01:00:00,10.9,0.0,90.0,13.8,1,0,0,1.0,0,0,0,0,0,0,0,0,0,0,0,48.0,48.0,1,4,0,11,16,317.0416666666667,2.0,,,2.0,3,"Residential (evening peak, weekend >= weekday)",4
TEST-03204,Gerji,2025-11-14 01:00:00,10.9,0.0,90.0,13.8,1,0,0,1.0,0,0,0,0,0,0,0,0,0,0,0,48.0,48.0,1,4,0,11,16,317.0416666666667,1.0,7.0,4.0,4.0,4,"Residential (evening peak, weekend >= weekday)",4
TEST-00236,Kazanchis,2025-11-14 01:00:00,10.9,0.0,90.0,13.8,1,0,0,1.0,0,0,0,0,0,0,0,0,0,0,0,48.0,48.0,1,4,0,11,16,317.0416666666667,5.0,2.0,10.0,5.666666666666667,5,Business / office (weekday commute),0
TEST-03965,Kolfe,2025-11-14 01:00:00,10.9,0.0,90.0,13.8,1,0,0,1.0,0,0,0,0,0,0,0,0,0,0,0,48.0,48.0,1,4,0,11,16,317.0416666666667,4.0,5.0,5.0,4.666666666666667,6,"Residential (evening peak, weekend >= weekday)",4
TEST-00952,Lideta,2025-11-14 01:00:00,10.9,0.0,90.0,13.8,1,0,0,1.0,0,0,0,0,0,0,0,0,0,0,0,48.0,48.0,1,4,0,11,16,317.0416666666667,4.0,7.0,5.0,5.333333333333333,7,Mixed hub (commute + busy midday),3
TEST-02286,Megenagna,2025-11-14 01:00:00,10.9,0.0,90.0,13.8,1,0,0,1.0,0,0,0,0,0,0,0,0,0,0,0,48.0,48.0,1,4,0,11,16,317.0416666666667,9.0,19.0,13.0,13.666666666666666,8,Mixed hub (commute + busy midday),3
TEST-02823,Merkato,2025-11-14 01:00:00,10.9,0.0,90.0,13.8,1,0,0,1.0,0,0,0,0,0,0,0,0,0,0,0,48.0,48.0,1,4,0,11,16,317.0416666666667,3.0,4.0,4.0,3.6666666666666665,9,Market (midday peak),2
TEST-01201,Piassa,2025-11-14 01:00:00,10.9,0.0,90.0,13.8,1,0,0,1.0,0,0,0,0,0,0,0,0,0,0,0,48.0,48.0,1,4,0,11,16,317.0416666666667,7.0,5.0,6.0,6.0,10,Business / office (weekday commute),0
TEST-03430,Sarbet,2025-11-14 01:00:00,10.9,0.0,90.0,13.8,1,0,0,1.0,0,0,0,0,0,0,0,0,0,0,0,48.0,48.0,1,4,0,11,16,317.0416666666667,3.0,6.0,4.0,4.333333333333333,11,"Residential (evening peak, weekend >= weekday)",4
TEST-01853,Arat Kilo,2025-11-14 02:00:00,9.8,0.0,97.0,3.6,1,0,0,0.0,0,0,0,0,0,0,0,0,0,0,0,48.0,48.0,2,4,0,11,16,317.0833333333333,0.0,3.0,2.0,1.6666666666666667,0,Business / office (weekday commute),0
TEST-03344,Ayat,2025-11-14 02:00:00,9.8,0.0,97.0,3.6,1,0,0,0.0,0,0,0,0,0,0,0,0,0,0,0,48.0,48.0,2,4,0,11,16,317.0833333333333,5.0,3.0,5.0,4.333333333333333,1,"Residential (evening peak, weekend >= weekday)",4
TEST-03647,Bole,2025-11-14 02:00:00,9.8,0.0,97.0,3.6,1,0,0,0.0,0,0,0,0,0,0,0,0,0,0,0,48.0,48.0,2,4,0,11,16,317.0833333333333,8.0,8.0,6.0,7.333333333333333,2,"Leisure / nightlife (late, weekend-heavy)",1
TEST-01532,CMC,2025-11-14 02:00:00,9.8,0.0,97.0,3.6,1,0,0,0.0,0,0,0,0,0,0,0,0,0,0,0,48.0,48.0,2,4,0,11,16,317.0833333333333,2.0,2.0,8.0,4.0,3,"Residential (evening peak, weekend >= weekday)",4
TEST-01882,Gerji,2025-11-14 02:00:00,9.8,0.0,97.0,3.6,1,0,0,0.0,0,0,0,0,0,0,0,0,0,0,0,48.0,48.0,2,4,0,11,16,317.0833333333333,2.0,4.0,2.0,2.6666666666666665,4,"Residential (evening peak, weekend >= weekday)",4
TEST-03598,Kazanchis,2025-11-14 02:00:00,9.8,0.0,97.0,3.6,1,0,0,0.0,0,0,0,0,0,0,0,0,0,0,0,48.0,48.0,2,4,0,11,16,317.0833333333333,4.0,4.0,2.0,3.333333333333333,5,Business / office (weekday commute),0
TEST-02898,Kolfe,2025-11-14 02:00:00,9.8,0.0,97.0,3.6,1,0,0,0.0,0,0,0,0,0,0,0,0,0,0,0,48.0,48.0,2,4,0,11,16,317.0833333333333,2.0,3.0,5.0,3.333333333333333,6,"Residential (evening peak, weekend >= weekday)",4
TEST-01476,Lideta,2025-11-14 02:00:00,9.8,0.0,97.0,3.6,1,0,0,0.0,0,0,0,0,0,0,0,0,0,0,0,48.0,48.0,2,4,0,11,16,317.0833333333333,5.0,8.0,4.0,5.666666666666667,7,Mixed hub (commute + busy midday),3
TEST-01922,Megenagna,2025-11-14 02:00:00,9.8,0.0,97.0,3.6,1,0,0,0.0,0,0,0,0,0,0,0,0,0,0,0,48.0,48.0,2,4,0,11,16,317.0833333333333,13.0,3.0,9.0,8.333333333333334,8,Mixed hub (commute + busy midday),3
TEST-03034,Merkato,2025-11-14 02:00:00,9.8,0.0,97.0,3.6,1,0,0,0.0,0,0,0,0,0,0,0,0,0,0,0,48.0,48.0,2,4,0,11,16,317.0833333333333,6.0,4.0,2.0,4.0,9,Market (midday peak),2
TEST-03154,Piassa,2025-11-14 02:00:00,9.8,0.0,97.0,3.6,1,0,0,0.0,0,0,0,0,0,0,0,0,0,0,0,48.0,48.0,2,4,0,11,16,317.0833333333333,5.0,5.0,5.0,5.0,10,Business / office (weekday commute),0
TEST-00712,Sarbet,2025-11-14 02:00:00,9.8,0.0,97.0,3.6,1,0,0,0.0,0,0,0,0,0,0,0,0,0,0,0,48.0,48.0,2,4,0,11,16,317.0833333333333,6.0,6.0,2.0,4.666666666666667,11,"Residential (evening peak, weekend >= weekday)",4
TEST-00133,Arat Kilo,2025-11-14 03:00:00,8.9,0.0,82.0,11.6,1,0,0,0.0,0,0,0,0,0,0,0,0,0,0,0,48.0,48.0,3,4,0,11,16,317.125,1.0,3.0,2.0,2.0,0,Business / office (weekday commute),0
TEST-03070,Ayat,2025-11-14 03:00:00,8.9,0.0,82.0,11.6,1,0,0,0.0,0,0,0,0,0,0,0,0,0,0,0,48.0,48.0,3,4,0,11,16,317.125,4.0,2.0,2.0,2.6666666666666665,1,"Residential (evening peak, weekend >= weekday)",4
TEST-01184,Bole,2025-11-14 03:00:00,8.9,0.0,82.0,11.6,1,0,0,0.0,0,0,0,0,0,0,0,0,0,0,0,48.0,48.0,3,4,0,11,16,317.125,22.0,19.0,15.0,18.666666666666668,2,"Leisure / nightlife (late, weekend-heavy)",1
TEST-00923,CMC,2025-11-14 03:00:00,8.9,0.0,82.0,11.6,1,0,0,0.0,0,0,0,0,0,0,0,0,0,0,0,48.0,48.0,3,4,0,11,16,317.125,6.0,3.0,3.0,4.0,3,"Residential (evening peak, weekend >= weekday)",4
TEST-01797,Gerji,2025-11-14 03:00:00,8.9,0.0,82.0,11.6,1,0,0,0.0,0,0,0,0,0,0,0,0,0,0,0,48.0,48.0,3,4,0,11,16,317.125,6.0,5.0,4.0,5.0,4,"Residential (evening peak, weekend >= weekday)",4
TEST-01578,Kazanchis,2025-11-14 03:00:00,8.9,0.0,82.0,11.6,1,0,0,0.0,0,0,0,0,0,0,0,0,0,0,0,48.0,48.0,3,4,0,11,16,317.125,6.0,5.0,7.0,6.0,5,Business / office (weekday commute),0
TEST-03573,Kolfe,2025-11-14 03:00:00,8.9,0.0,82.0,11.6,1,0,0,0.0,0,0,0,0,0,0,0,0,0,0,0,48.0,48.0,3,4,0,11,16,317.125,3.0,4.0,7.0,4.666666666666667,6,"Residential (evening peak, weekend >= weekday)",4
TEST-01717,Lideta,2025-11-14 03:00:00,8.9,0.0,82.0,11.6,1,0,0,0.0,0,0,0,0,0,0,0,0,0,0,0,48.0,48.0,3,4,0,11,16,317.125,11.0,7.0,10.0,9.333333333333334,7,Mixed hub (commute + busy midday),3
TEST-02845,Megenagna,2025-11-14 03:00:00,8.9,0.0,82.0,11.6,1,0,0,0.0,0,0,0,0,0,0,0,0,0,0,0,48.0,48.0,3,4,0,11,16,317.125,5.0,7.0,10.0,7.333333333333333,8,Mixed hub (commute + busy midday),3
TEST-02482,Merkato,2025-11-14 03:00:00,8.9,0.0,82.0,11.6,1,0,0,0.0,0,0,0,0,0,0,0,0,0,0,0,48.0,48.0,3,4,0,11,16,317.125,5.0,8.0,8.0,7.0,9,Market (midday peak),2
TEST-01972,Piassa,2025-11-14 03:00:00,8.9,0.0,82.0,11.6,1,0,0,0.0,0,0,0,0,0,0,0,0,0,0,0,48.0,48.0,3,4,0,11,16,317.125,9.0,2.0,5.0,5.333333333333333,10,Business / office (weekday commute),0
TEST-00729,Sarbet,2025-11-14 03:00:00,8.9,0.0,82.0,11.6,1,0,0,0.0,0,0,0,0,0,0,0,0,0,0,0,48.0,48.0,3,4,0,11,16,317.125,3.0,5.0,5.0,4.333333333333333,11,"Residential (evening peak, weekend >= weekday)",4
TEST-01022,Arat Kilo,2025-11-14 04:00:00,9.3,0.0,92.0,15.9,1,0,0,0.0,0,0,0,0,0,0,0,0,0,0,0,48.0,48.0,4,4,0,11,16,317.1666666666667,2.0,2.0,3.0,2.333333333333333,0,Business / office (weekday commute),0
TEST-02311,Ayat,2025-11-14 04:00:00,9.3,0.0,92.0,15.9,1,0,0,0.0,0,0,0,0,0,0,0,0,0,0,0,48.0,48.0,4,4,0,11,16,317.1666666666667,9.0,5.0,9.0,7.666666666666667,1,"Residential (evening peak, weekend >= weekday)",4
TEST-00166,Bole,2025-11-14 04:00:00,9.3,0.0,92.0,15.9,1,0,0,0.0,0,0,0,0,0,0,0,0,0,0,0,48.0,48.0,4,4,0,11,16,317.1666666666667,24.0,36.0,23.0,27.666666666666668,2,"Leisure / nightlife (late, weekend-heavy)",1
TEST-01668,CMC,2025-11-14 04:00:00,9.3,0.0,92.0,15.9,1,0,0,0.0,0,0,0,0,0,0,0,0,0,0,0,48.0,48.0,4,4,0,11,16,317.1666666666667,5.0,6.0,9.0,6.666666666666667,3,"Residential (evening peak, weekend >= weekday)",4
TEST-00337,Gerji,2025-11-14 04:00:00,9.3,0.0,92.0,15.9,1,0,0,0.0,0,0,0,0,0,0,0,0,0,0,0,48.0,48.0,4,4,0,11,16,317.1666666666667,9.0,6.0,5.0,6.666666666666667,4,"Residential (evening peak, weekend >= weekday)",4
TEST-02543,Kazanchis,2025-11-14 04:00:00,9.3,0.0,92.0,15.9,1,0,0,0.0,0,0,0,0,0,0,0,0,0,0,0,48.0,48.0,4,4,0,11,16,317.1666666666667,8.0,3.0,4.0,5.0,5,Business / office (weekday commute),0
TEST-01538,Kolfe,2025-11-14 04:00:00,9.3,0.0,92.0,15.9,1,0,0,0.0,0,0,0,0,0,0,0,0,0,0,0,48.0,48.0,4,4,0,11,16,317.1666666666667,3.0,6.0,9.0,6.0,6,"Residential (evening peak, weekend >= weekday)",4
TEST-03459,Lideta,2025-11-14 04:00:00,9.3,0.0,92.0,15.9,1,0,0,0.0,0,0,0,0,0,0,0,0,0,0,0,48.0,48.0,4,4,0,11,16,317.1666666666667,8.0,7.0,,7.5,7,Mixed hub (commute + busy midday),3
TEST-01096,Megenagna,2025-11-14 04:00:00,9.3,0.0,92.0,15.9,1,0,0,0.0,0,0,0,0,0,0,0,0,0,0,0,48.0,48.0,4,4,0,11,16,317.1666666666667,15.0,13.0,14.0,14.0,8,Mixed hub (commute + busy midday),3
TEST-01124,Merkato,2025-11-14 04:00:00,9.3,0.0,92.0,15.9,1,0,0,0.0,0,0,0,0,0,0,0,0,0,0,0,48.0,48.0,4,4,0,11,16,317.1666666666667,14.0,5.0,7.0,8.666666666666666,9,Market (midday peak),2
TEST-02935,Piassa,2025-11-14 04:00:00,9.3,0.0,92.0,15.9,1,0,0,0.0,0,0,0,0,0,0,0,0,0,0,0,48.0,48.0,4,4,0,11,16,317.1666666666667,8.0,5.0,6.0,6.333333333333333,10,Business / office (weekday commute),0
TEST-00640,Sarbet,2025-11-14 04:00:00,9.3,0.0,92.0,15.9,1,0,0,0.0,0,0,0,0,0,0,0,0,0,0,0,48.0,48.0,4,4,0,11,16,317.1666666666667,8.0,13.0,10.0,10.333333333333334,11,"Residential (evening peak, weekend >= weekday)",4
TEST-02848,Arat Kilo,2025-11-14 05:00:00,8.8,0.0,90.0,15.5,1,0,0,0.0,0,0,0,0,0,0,0,0,0,0,0,48.0,48.0,5,4,0,11,16,317.2083333333333,7.0,6.0,2.0,5.0,0,Business / office (weekday commute),0
TEST-02730,Ayat,2025-11-14 05:00:00,8.8,0.0,90.0,15.5,1,0,0,0.0,0,0,0,0,0,0,0,0,0,0,0,48.0,48.0,5,4,0,11,16,317.2083333333333,19.0,21.0,14.0,18.0,1,"Residential (evening peak, weekend >= weekday)",4
TEST-01969,Bole,2025-11-14 05:00:00,8.8,0.0,90.0,15.5,1,0,0,0.0,0,0,0,0,0,0,0,0,0,0,0,48.0,48.0,5,4,0,11,16,317.2083333333333,73.0,57.0,65.0,65.0,2,"Leisure / nightlife (late, weekend-heavy)",1
TEST-03692,CMC,2025-11-14 05:00:00,8.8,0.0,90.0,15.5,1,0,0,0.0,0,0,0,0,0,0,0,0,0,0,0,48.0,48.0,5,4,0,11,16,317.2083333333333,19.0,28.0,18.0,21.666666666666668,3,"Residential (evening peak, weekend >= weekday)",4
TEST-01383,Gerji,2025-11-14 05:00:00,8.8,0.0,90.0,15.5,1,0,0,0.0,0,0,0,0,0,0,0,0,0,0,0,48.0,48.0,5,4,0,11,16,317.2083333333333,23.0,25.0,17.0,21.666666666666668,4,"Residential (evening peak, weekend >= weekday)",4
TEST-02783,Kazanchis,2025-11-14 05:00:00,8.8,0.0,90.0,15.5,1,0,0,0.0,0,0,0,0,0,0,0,0,0,0,0,48.0,48.0,5,4,0,11,16,317.2083333333333,13.0,8.0,8.0,9.666666666666666,5,Business / office (weekday commute),0
TEST-01644,Kolfe,2025-11-14 05:00:00,8.8,0.0,90.0,15.5,1,0,0,0.0,0,0,0,0,0,0,0,0,0,0,0,48.0,48.0,5,4,0,11,16,317.2083333333333,17.0,17.0,13.0,15.666666666666666,6,"Residential (evening peak, weekend >= weekday)",4
TEST-03330,Lideta,2025-11-14 05:00:00,8.8,0.0,90.0,15.5,1,0,0,0.0,0,0,0,0,0,0,0,0,0,0,0,48.0,48.0,5,4,0,11,16,317.2083333333333,11.0,18.0,12.0,13.666666666666666,7,Mixed hub (commute + busy midday),3
TEST-01277,Megenagna,2025-11-14 05:00:00,8.8,0.0,90.0,15.5,1,0,0,0.0,0,0,0,0,0,0,0,0,0,0,0,48.0,48.0,5,4,0,11,16,317.2083333333333,21.0,23.0,22.0,22.0,8,Mixed hub (commute + busy midday),3
TEST-02456,Merkato,2025-11-14 05:00:00,8.8,0.0,90.0,15.5,1,0,0,0.0,0,0,0,0,0,0,0,0,0,0,0,48.0,48.0,5,4,0,11,16,317.2083333333333,9.0,27.0,19.0,18.33333333333333,9,Market (midday peak),2
TEST-01785,Piassa,2025-11-14 05:00:00,8.8,0.0,90.0,15.5,1,0,0,0.0,0,0,0,0,0,0,0,0,0,0,0,48.0,48.0,5,4,0,11,16,317.2083333333333,8.0,8.0,4.0,6.666666666666667,10,Business / office (weekday commute),0
TEST-00769,Sarbet,2025-11-14 05:00:00,8.8,0.0,90.0,15.5,1,0,0,0.0,0,0,0,0,0,0,0,0,0,0,0,48.0,48.0,5,4,0,11,16,317.2083333333333,11.0,20.0,23.0,18.0,11,"Residential (evening peak, weekend >= weekday)",4
TEST-01810,Arat Kilo,2025-11-14 06:00:00,12.0,0.0,77.0,12.1,1,0,0,0.0,0,0,0,0,0,0,0,0,0,0,0,48.0,48.0,6,4,0,11,16,317.25,19.0,19.0,18.0,18.666666666666668,0,Business / office (weekday commute),0
TEST-00898,Ayat,2025-11-14 06:00:00,12.0,0.0,77.0,12.1,1,0,0,0.0,0,0,0,0,0,0,0,0,0,0,0,48.0,48.0,6,4,0,11,16,317.25,28.0,35.0,34.0,32.333333333333336,1,"Residential (evening peak, weekend >= weekday)",4
TEST-02180,Bole,2025-11-14 06:00:00,12.0,0.0,77.0,12.1,1,0,0,0.0,0,0,0,0,0,0,0,0,0,0,0,48.0,48.0,6,4,0,11,16,317.25,69.0,61.0,57.0,62.333333333333336,2,"Leisure / nightlife (late, weekend-heavy)",1
TEST-03121,CMC,2025-11-14 06:00:00,12.0,0.0,77.0,12.1,1,0,0,0.0,0,0,0,0,0,0,0,0,0,0,0,48.0,48.0,6,4,0,11,16,317.25,58.0,57.0,52.0,55.66666666666666,3,"Residential (evening peak, weekend >= weekday)",4
TEST-03807,Gerji,2025-11-14 06:00:00,12.0,0.0,77.0,12.1,1,0,0,0.0,0,0,0,0,0,0,0,0,0,0,0,48.0,48.0,6,4,0,11,16,317.25,63.0,43.0,44.0,50.0,4,"Residential (evening peak, weekend >= weekday)",4
TEST-02242,Kazanchis,2025-11-14 06:00:00,12.0,0.0,77.0,12.1,1,0,0,0.0,0,0,0,0,0,0,0,0,0,0,0,48.0,48.0,6,4,0,11,16,317.25,22.0,27.0,16.0,21.666666666666668,5,Business / office (weekday commute),0
TEST-02619,Kolfe,2025-11-14 06:00:00,12.0,0.0,77.0,12.1,1,0,0,0.0,0,0,0,0,0,0,0,0,0,0,0,48.0,48.0,6,4,0,11,16,317.25,48.0,45.0,32.0,41.66666666666666,6,"Residential (evening peak, weekend >= weekday)",4
TEST-01861,Lideta,2025-11-14 06:00:00,12.0,0.0,77.0,12.1,1,0,0,0.0,0,0,0,0,0,0,0,0,0,0,0,48.0,48.0,6,4,0,11,16,317.25,40.0,31.0,43.0,38.0,7,Mixed hub (commute + busy midday),3
TEST-01592,Megenagna,2025-11-14 06:00:00,12.0,0.0,77.0,12.1,1,0,0,0.0,0,0,0,0,0,0,0,0,0,0,0,48.0,48.0,6,4,0,11,16,317.25,65.0,59.0,45.0,56.333333333333336,8,Mixed hub (commute + busy midday),3
TEST-03936,Merkato,2025-11-14 06:00:00,12.0,0.0,77.0,12.1,1,0,0,0.0,0,0,0,0,0,0,0,0,0,0,0,48.0,48.0,6,4,0,11,16,317.25,47.0,64.0,51.0,54.0,9,Market (midday peak),2
TEST-03219,Piassa,2025-11-14 06:00:00,12.0,0.0,77.0,12.1,1,0,0,0.0,0,0,0,0,0,0,0,0,0,0,0,48.0,48.0,6,4,0,11,16,317.25,21.0,27.0,21.0,23.0,10,Business / office (weekday commute),0
TEST-01862,Sarbet,2025-11-14 06:00:00,12.0,0.0,77.0,12.1,1,0,0,0.0,0,0,0,0,0,0,0,0,0,0,0,48.0,48.0,6,4,0,11,16,317.25,45.0,45.0,37.0,42.333333333333336,11,"Residential (evening peak, weekend >= weekday)",4
TEST-01235,Arat Kilo,2025-11-14 07:00:00,13.5,0.0,89.0,3.7,1,0,0,0.0,0,0,0,0,0,0,0,0,0,0,0,48.0,48.0,7,4,0,11,16,317.2916666666667,50.0,43.0,42.0,45.0,0,Business / office (weekday commute),0
TEST-03387,Ayat,2025-11-14 07:00:00,13.5,0.0,89.0,3.7,1,0,0,0.0,0,0,0,0,0,0,0,0,0,0,0,48.0,48.0,7,4,0,11,16,317.2916666666667,42.0,38.0,55.0,45.0,1,"Residential (evening peak, weekend >= weekday)",4
TEST-00037,Bole,2025-11-14 07:00:00,13.5,0.0,89.0,3.7,1,0,0,0.0,0,0,0,0,0,0,0,0,0,0,0,48.0,48.0,7,4,0,11,16,317.2916666666667,74.0,80.0,83.0,79.0,2,"Leisure / nightlife (late, weekend-heavy)",1
TEST-03768,CMC,2025-11-14 07:00:00,13.5,0.0,89.0,3.7,1,0,0,0.0,0,0,0,0,0,0,0,0,0,0,0,48.0,48.0,7,4,0,11,16,317.2916666666667,74.0,69.0,57.0,66.66666666666667,3,"Residential (evening peak, weekend >= weekday)",4
TEST-03005,Gerji,2025-11-14 07:00:00,13.5,0.0,89.0,3.7,1,0,0,0.0,0,0,0,0,0,0,0,0,0,0,0,48.0,48.0,7,4,0,11,16,317.2916666666667,65.0,69.0,45.0,59.66666666666666,4,"Residential (evening peak, weekend >= weekday)",4
TEST-01636,Kazanchis,2025-11-14 07:00:00,13.5,0.0,89.0,3.7,1,0,0,0.0,0,0,0,0,0,0,0,0,0,0,0,48.0,48.0,7,4,0,11,16,317.2916666666667,68.0,70.0,65.0,67.66666666666667,5,Business / office (weekday commute),0
TEST-01463,Kolfe,2025-11-14 07:00:00,13.5,0.0,89.0,3.7,1,0,0,0.0,0,0,0,0,0,0,0,0,0,0,0,48.0,48.0,7,4,0,11,16,317.2916666666667,58.0,67.0,70.0,65.0,6,"Residential (evening peak, weekend >= weekday)",4
TEST-02197,Lideta,2025-11-14 07:00:00,13.5,0.0,89.0,3.7,1,0,0,0.0,0,0,0,0,0,0,0,0,0,0,0,48.0,48.0,7,4,0,11,16,317.2916666666667,71.0,86.0,65.0,74.0,7,Mixed hub (commute + busy midday),3
TEST-02122,Megenagna,2025-11-14 07:00:00,13.5,0.0,89.0,3.7,1,0,0,0.0,0,0,0,0,0,0,0,0,0,0,0,48.0,48.0,7,4,0,11,16,317.2916666666667,101.0,79.0,86.0,88.66666666666667,8,Mixed hub (commute + busy midday),3
TEST-00888,Merkato,2025-11-14 07:00:00,13.5,0.0,89.0,3.7,1,0,0,0.0,0,0,0,0,0,0,0,0,0,0,0,48.0,48.0,7,4,0,11,16,317.2916666666667,86.0,111.0,103.0,100.0,9,Market (midday peak),2
TEST-01924,Piassa,2025-11-14 07:00:00,13.5,0.0,89.0,3.7,1,0,0,0.0,0,0,0,0,0,0,0,0,0,0,0,48.0,48.0,7,4,0,11,16,317.2916666666667,51.0,60.0,,55.5,10,Business / office (weekday commute),0
TEST-03257,Sarbet,2025-11-14 07:00:00,13.5,0.0,89.0,3.7,1,0,0,0.0,0,0,0,0,0,0,0,0,0,0,0,48.0,48.0,7,4,0,11,16,317.2916666666667,45.0,65.0,60.0,56.66666666666666,11,"Residential (evening peak, weekend >= weekday)",4
TEST-02618,Arat Kilo,2025-11-14 08:00:00,14.9,0.0,78.0,22.1,1,0,0,0.0,0,0,0,0,0,0,0,0,0,0,0,48.0,48.0,8,4,0,11,16,317.3333333333333,76.0,50.0,44.0,56.66666666666666,0,Business / office (weekday commute),0
TEST-01667,Ayat,2025-11-14 08:00:00,14.9,0.0,78.0,22.1,1,0,0,0.0,0,0,0,0,0,0,0,0,0,0,0,48.0,48.0,8,4,0,11,16,317.3333333333333,28.0,40.0,44.0,37.333333333333336,1,"Residential (evening peak, weekend >= weekday)",4
TEST-02939,Bole,2025-11-14 08:00:00,14.9,0.0,78.0,22.1,1,0,0,0.0,0,0,0,0,0,0,0,0,0,0,0,48.0,48.0,8,4,0,11,16,317.3333333333333,,53.0,66.0,59.5,2,"Leisure / nightlife (late, weekend-heavy)",1
TEST-02810,CMC,2025-11-14 08:00:00,14.9,0.0,78.0,22.1,1,0,0,0.0,0,0,0,0,0,0,0,0,0,0,0,48.0,48.0,8,4,0,11,16,317.3333333333333,66.0,38.0,62.0,55.333333333333336,3,"Residential (evening peak, weekend >= weekday)",4
TEST-00395,Gerji,2025-11-14 08:00:00,14.9,0.0,78.0,22.1,1,0,0,0.0,0,0,0,0,0,0,0,0,0,0,0,48.0,48.0,8,4,0,11,16,317.3333333333333,67.0,49.0,38.0,51.333333333333336,4,"Residential (evening peak, weekend >= weekday)",4
TEST-01146,Kazanchis,2025-11-14 08:00:00,14.9,0.0,78.0,22.1,1,0,0,0.0,0,0,0,0,0,0,0,0,0,0,0,48.0,48.0,8,4,0,11,16,317.3333333333333,97.0,83.0,80.0,86.66666666666667,5,Business / office (weekday commute),0
TEST-03285,Kolfe,2025-11-14 08:00:00,14.9,0.0,78.0,22.1,1,0,0,0.0,0,0,0,0,0,0,0,0,0,0,0,48.0,48.0,8,4,0,11,16,317.3333333333333,53.0,42.0,57.0,50.66666666666666,6,"Residential (evening peak, weekend >= weekday)",4
TEST-02243,Lideta,2025-11-14 08:00:00,14.9,0.0,78.0,22.1,1,0,0,0.0,0,0,0,0,0,0,0,0,0,0,0,48.0,48.0,8,4,0,11,16,317.3333333333333,96.0,54.0,80.0,76.66666666666667,7,Mixed hub (commute + busy midday),3
TEST-00271,Megenagna,2025-11-14 08:00:00,14.9,0.0,78.0,22.1,1,0,0,0.0,0,0,0,0,0,0,0,0,0,0,0,48.0,48.0,8,4,0,11,16,317.3333333333333,81.0,94.0,60.0,78.33333333333333,8,Mixed hub (commute + busy midday),3
TEST-02358,Merkato,2025-11-14 08:00:00,14.9,0.0,78.0,22.1,1,0,0,0.0,0,0,0,0,0,0,0,0,0,0,0,48.0,48.0,8,4,0,11,16,317.3333333333333,80.0,79.0,69.0,76.0,9,Market (midday peak),2
TEST-02510,Piassa,2025-11-14 08:00:00,14.9,0.0,78.0,22.1,1,0,0,0.0,0,0,0,0,0,0,0,0,0,0,0,48.0,48.0,8,4,0,11,16,317.3333333333333,,74.0,94.0,84.0,10,Business / office (weekday commute),0
TEST-00924,Sarbet,2025-11-14 08:00:00,14.9,0.0,78.0,22.1,1,0,0,0.0,0,0,0,0,0,0,0,0,0,0,0,48.0,48.0,8,4,0,11,16,317.3333333333333,54.0,46.0,53.0,51.0,11,"Residential (evening peak, weekend >= weekday)",4
TEST-02390,Arat Kilo,2025-11-14 09:00:00,16.7,0.0,73.0,13.2,1,0,0,0.0,0,0,0,0,0,0,0,0,0,0,0,48.0,48.0,9,4,0,11,16,317.375,40.0,43.0,37.0,40.0,0,Business / office (weekday commute),0
TEST-00006,Ayat,2025-11-14 09:00:00,16.7,0.0,73.0,13.2,1,0,0,0.0,0,0,0,0,0,0,0,0,0,0,0,48.0,48.0,9,4,0,11,16,317.375,25.0,17.0,22.0,21.33333333333333,1,"Residential (evening peak, weekend >= weekday)",4
TEST-01921,Bole,2025-11-14 09:00:00,16.7,0.0,73.0,13.2,1,0,0,0.0,0,0,0,0,0,0,0,0,0,0,0,48.0,48.0,9,4,0,11,16,317.375,51.0,38.0,51.0,46.66666666666666,2,"Leisure / nightlife (late, weekend-heavy)",1
TEST-03170,CMC,2025-11-14 09:00:00,16.7,0.0,73.0,13.2,1,0,0,0.0,0,0,0,0,0,0,0,0,0,0,0,48.0,48.0,9,4,0,11,16,317.375,32.0,20.0,29.0,27.0,3,"Residential (evening peak, weekend >= weekday)",4
TEST-00911,Gerji,2025-11-14 09:00:00,16.7,0.0,73.0,13.2,1,0,0,0.0,0,0,0,0,0,0,0,0,0,0,0,48.0,48.0,9,4,0,11,16,317.375,38.0,24.0,24.0,28.666666666666668,4,"Residential (evening peak, weekend >= weekday)",4
TEST-03631,Kazanchis,2025-11-14 09:00:00,16.7,0.0,73.0,13.2,1,0,0,0.0,0,0,0,0,0,0,0,0,0,0,0,48.0,48.0,9,4,0,11,16,317.375,76.0,45.0,59.0,60.0,5,Business / office (weekday commute),0
TEST-01406,Kolfe,2025-11-14 09:00:00,16.7,0.0,73.0,13.2,1,0,0,0.0,0,0,0,0,0,0,0,0,0,0,0,48.0,48.0,9,4,0,11,16,317.375,32.0,22.0,27.0,27.0,6,"Residential (evening peak, weekend >= weekday)",4
TEST-00410,Lideta,2025-11-14 09:00:00,16.7,0.0,73.0,13.2,1,0,0,0.0,0,0,0,0,0,0,0,0,0,0,0,48.0,48.0,9,4,0,11,16,317.375,51.0,44.0,51.0,48.66666666666666,7,Mixed hub (commute + busy midday),3
TEST-02061,Megenagna,2025-11-14 09:00:00,16.7,0.0,73.0,13.2,1,0,0,0.0,0,0,0,0,0,0,0,0,0,0,0,48.0,48.0,9,4,0,11,16,317.375,80.0,56.0,68.0,68.0,8,Mixed hub (commute + busy midday),3
TEST-02247,Merkato,2025-11-14 09:00:00,16.7,0.0,73.0,13.2,1,0,0,0.0,0,0,0,0,0,0,0,0,0,0,0,48.0,48.0,9,4,0,11,16,317.375,101.0,90.0,79.0,90.0,9,Market (midday peak),2
TEST-00668,Piassa,2025-11-14 09:00:00,16.7,0.0,73.0,13.2,1,0,0,0.0,0,0,0,0,0,0,0,0,0,0,0,48.0,48.0,9,4,0,11,16,317.375,76.0,43.0,49.0,56.0,10,Business / office (weekday commute),0
TEST-00589,Sarbet,2025-11-14 09:00:00,16.7,0.0,73.0,13.2,1,0,0,0.0,0,0,0,0,0,0,0,0,0,0,0,48.0,48.0,9,4,0,11,16,317.375,26.0,27.0,28.0,27.0,11,"Residential (evening peak, weekend >= weekday)",4
TEST-00878,Arat Kilo,2025-11-14 10:00:00,18.15,0.0,69.5,13.7,0,1,1,0.0,0,0,0,0,0,0,0,0,0,0,0,48.0,48.0,10,4,0,11,16,317.4166666666667,28.0,21.0,22.0,23.666666666666668,0,Business / office (weekday commute),0
TEST-02130,Ayat,2025-11-14 10:00:00,18.15,0.0,69.5,13.7,0,1,1,0.0,0,0,0,0,0,0,0,0,0,0,0,48.0,48.0,10,4,0,11,16,317.4166666666667,19.0,20.0,22.0,20.33333333333333,1,"Residential (evening peak, weekend >= weekday)",4
TEST-02245,Bole,2025-11-14 10:00:00,18.15,0.0,69.5,13.7,0,1,1,0.0,0,0,0,0,0,0,0,0,0,0,0,48.0,48.0,10,4,0,11,16,317.4166666666667,,37.0,45.0,41.0,2,"Leisure / nightlife (late, weekend-heavy)",1
TEST-02829,CMC,2025-11-14 10:00:00,18.15,0.0,69.5,13.7,0,1,1,0.0,0,0,0,0,0,0,0,0,0,0,0,48.0,48.0,10,4,0,11,16,317.4166666666667,34.0,28.0,10.0,24.0,3,"Residential (evening peak, weekend >= weekday)",4
TEST-01815,Gerji,2025-11-14 10:00:00,18.15,0.0,69.5,13.7,0,1,1,0.0,0,0,0,0,0,0,0,0,0,0,0,48.0,48.0,10,4,0,11,16,317.4166666666667,20.0,27.0,17.0,21.33333333333333,4,"Residential (evening peak, weekend >= weekday)",4
TEST-03301,Kazanchis,2025-11-14 10:00:00,18.15,0.0,69.5,13.7,0,1,1,0.0,0,0,0,0,0,0,0,0,0,0,0,48.0,48.0,10,4,0,11,16,317.4166666666667,34.0,31.0,30.0,31.666666666666668,5,Business / office (weekday commute),0
TEST-02473,Kolfe,2025-11-14 10:00:00,18.15,0.0,69.5,13.7,0,1,1,0.0,0,0,0,0,0,0,0,0,0,0,0,48.0,48.0,10,4,0,11,16,317.4166666666667,24.0,25.0,20.0,23.0,6,"Residential (evening peak, weekend >= weekday)",4
TEST-02309,Lideta,2025-11-14 10:00:00,18.15,0.0,69.5,13.7,0,1,1,0.0,0,0,0,0,0,0,0,0,0,0,0,48.0,48.0,10,4,0,11,16,317.4166666666667,40.0,49.0,29.0,39.333333333333336,7,Mixed hub (commute + busy midday),3
TEST-02606,Megenagna,2025-11-14 10:00:00,18.15,0.0,69.5,13.7,0,1,1,0.0,0,0,0,0,0,0,0,0,0,0,0,48.0,48.0,10,4,0,11,16,317.4166666666667,51.0,48.0,44.0,47.66666666666666,8,Mixed hub (commute + busy midday),3
TEST-01892,Merkato,2025-11-14 10:00:00,18.15,0.0,69.5,13.7,0,1,1,0.0,0,0,0,0,0,0,0,0,0,0,0,48.0,48.0,10,4,0,11,16,317.4166666666667,68.0,73.0,111.0,84.0,9,Market (midday peak),2
TEST-00976,Piassa,2025-11-14 10:00:00,18.15,0.0,69.5,13.7,0,1,1,0.0,0,0,0,0,0,0,0,0,0,0,0,48.0,48.0,10,4,0,11,16,317.4166666666667,,29.0,19.0,24.0,10,Business / office (weekday commute),0
TEST-00393,Sarbet,2025-11-14 10:00:00,18.15,0.0,69.5,13.7,0,1,1,0.0,0,0,0,0,0,0,0,0,0,0,0,48.0,48.0,10,4,0,11,16,317.4166666666667,8.0,22.0,14.0,14.666666666666666,11,"Residential (evening peak, weekend >= weekday)",4
TEST-03797,Arat Kilo,2025-11-14 11:00:00,19.6,0.0,66.0,14.2,1,0,0,0.0,0,0,0,0,0,0,0,0,0,0,0,48.0,48.0,11,4,0,11,16,317.4583333333333,15.0,19.0,23.0,19.0,0,Business / office (weekday commute),0
TEST-00966,Ayat,2025-11-14 11:00:00,19.6,0.0,66.0,14.2,1,0,0,0.0,0,0,0,0,0,0,0,0,0,0,0,48.0,48.0,11,4,0,11,16,317.4583333333333,20.0,27.0,20.0,22.33333333333333,1,"Residential (evening peak, weekend >= weekday)",4
TEST-02329,Bole,2025-11-14 11:00:00,19.6,0.0,66.0,14.2,1,0,0,0.0,0,0,0,0,0,0,0,0,0,0,0,48.0,48.0,11,4,0,11,16,317.4583333333333,,32.0,29.0,30.5,2,"Leisure / nightlife (late, weekend-heavy)",1
TEST-01253,CMC,2025-11-14 11:00:00,19.6,0.0,66.0,14.2,1,0,0,0.0,0,0,0,0,0,0,0,0,0,0,0,48.0,48.0,11,4,0,11,16,317.4583333333333,23.0,23.0,19.0,21.666666666666668,3,"Residential (evening peak, weekend >= weekday)",4
TEST-02726,Gerji,2025-11-14 11:00:00,19.6,0.0,66.0,14.2,1,0,0,0.0,0,0,0,0,0,0,0,0,0,0,0,48.0,48.0,11,4,0,11,16,317.4583333333333,12.0,15.0,9.0,12.0,4,"Residential (evening peak, weekend >= weekday)",4
TEST-01291,Kazanchis,2025-11-14 11:00:00,19.6,0.0,66.0,14.2,1,0,0,0.0,0,0,0,0,0,0,0,0,0,0,0,48.0,48.0,11,4,0,11,16,317.4583333333333,23.0,31.0,20.0,24.666666666666668,5,Business / office (weekday commute),0
TEST-02602,Kolfe,2025-11-14 11:00:00,19.6,0.0,66.0,14.2,1,0,0,0.0,0,0,0,0,0,0,0,0,0,0,0,48.0,48.0,11,4,0,11,16,317.4583333333333,17.0,19.0,20.0,18.666666666666668,6,"Residential (evening peak, weekend >= weekday)",4
TEST-01163,Lideta,2025-11-14 11:00:00,19.6,0.0,66.0,14.2,1,0,0,0.0,0,0,0,0,0,0,0,0,0,0,0,48.0,48.0,11,4,0,11,16,317.4583333333333,39.0,36.0,,37.5,7,Mixed hub (commute + busy midday),3
TEST-03804,Megenagna,2025-11-14 11:00:00,19.6,0.0,66.0,14.2,1,0,0,0.0,0,0,0,0,0,0,0,0,0,0,0,48.0,48.0,11,4,0,11,16,317.4583333333333,33.0,64.0,54.0,50.333333333333336,8,Mixed hub (commute + busy midday),3
TEST-02460,Merkato,2025-11-14 11:00:00,19.6,0.0,66.0,14.2,1,0,0,0.0,0,0,0,0,0,0,0,0,0,0,0,48.0,48.0,11,4,0,11,16,317.4583333333333,,75.0,106.0,90.5,9,Market (midday peak),2
TEST-01999,Piassa,2025-11-14 11:00:00,19.6,0.0,66.0,14.2,1,0,0,0.0,0,0,0,0,0,0,0,0,0,0,0,48.0,48.0,11,4,0,11,16,317.4583333333333,18.0,14.0,19.0,17.0,10,Business / office (weekday commute),0
TEST-01940,Sarbet,2025-11-14 11:00:00,19.6,0.0,66.0,14.2,1,0,0,0.0,0,0,0,0,0,0,0,0,0,0,0,48.0,48.0,11,4,0,11,16,317.4583333333333,17.0,17.0,19.0,17.666666666666668,11,"Residential (evening peak, weekend >= weekday)",4
TEST-03684,Arat Kilo,2025-11-14 12:00:00,21.2,0.0,60.5,7.9,1,0,1,0.0,0,0,0,0,0,0,0,0,0,0,0,48.0,48.0,12,4,0,11,16,317.5,32.0,31.0,39.0,34.0,0,Business / office (weekday commute),0
TEST-03793,Ayat,2025-11-14 12:00:00,21.2,0.0,60.5,7.9,1,0,1,0.0,0,0,0,0,0,0,0,0,0,0,0,48.0,48.0,12,4,0,11,16,317.5,21.0,7.0,15.0,14.333333333333334,1,"Residential (evening peak, weekend >= weekday)",4
TEST-00090,Bole,2025-11-14 12:00:00,21.2,0.0,60.5,7.9,1,0,1,0.0,0,0,0,0,0,0,0,0,0,0,0,48.0,48.0,12,4,0,11,16,317.5,32.0,,46.0,39.0,2,"Leisure / nightlife (late, weekend-heavy)",1
TEST-01844,CMC,2025-11-14 12:00:00,21.2,0.0,60.5,7.9,1,0,1,0.0,0,0,0,0,0,0,0,0,0,0,0,48.0,48.0,12,4,0,11,16,317.5,29.0,29.0,13.0,23.666666666666668,3,"Residential (evening peak, weekend >= weekday)",4
TEST-00216,Gerji,2025-11-14 12:00:00,21.2,0.0,60.5,7.9,1,0,1,0.0,0,0,0,0,0,0,0,0,0,0,0,48.0,48.0,12,4,0,11,16,317.5,31.0,13.0,13.0,19.0,4,"Residential (evening peak, weekend >= weekday)",4
TEST-02968,Kazanchis,2025-11-14 12:00:00,21.2,0.0,60.5,7.9,1,0,1,0.0,0,0,0,0,0,0,0,0,0,0,0,48.0,48.0,12,4,0,11,16,317.5,52.0,58.0,49.0,53.0,5,Business / office (weekday commute),0
TEST-02120,Kolfe,2025-11-14 12:00:00,21.2,0.0,60.5,7.9,1,0,1,0.0,0,0,0,0,0,0,0,0,0,0,0,48.0,48.0,12,4,0,11,16,317.5,25.0,27.0,16.0,22.666666666666668,6,"Residential (evening peak, weekend >= weekday)",4
TEST-03320,Lideta,2025-11-14 12:00:00,21.2,0.0,60.5,7.9,1,0,1,0.0,0,0,0,0,0,0,0,0,0,0,0,48.0,48.0,12,4,0,11,16,317.5,,36.0,29.0,32.5,7,Mixed hub (commute + busy midday),3
TEST-00646,Megenagna,2025-11-14 12:00:00,21.2,0.0,60.5,7.9,1,0,1,0.0,0,0,0,0,0,0,0,0,0,0,0,48.0,48.0,12,4,0,11,16,317.5,52.0,48.0,54.0,51.333333333333336,8,Mixed hub (commute + busy midday),3
TEST-01179,Merkato,2025-11-14 12:00:00,21.2,0.0,60.5,7.9,1,0,1,0.0,0,0,0,0,0,0,0,0,0,0,0,48.0,48.0,12,4,0,11,16,317.5,114.0,85.0,105.0,101.33333333333331,9,Market (midday peak),2
TEST-01579,Piassa,2025-11-14 12:00:00,21.2,0.0,60.5,7.9,1,0,1,0.0,0,0,0,0,0,0,0,0,0,0,0,48.0,48.0,12,4,0,11,16,317.5,35.0,40.0,32.0,35.666666666666664,10,Business / office (weekday commute),0
TEST-01308,Sarbet,2025-11-14 12:00:00,21.2,0.0,60.5,7.9,1,0,1,0.0,0,0,0,0,0,0,0,0,0,0,0,48.0,48.0,12,4,0,11,16,317.5,15.0,19.0,26.0,20.0,11,"Residential (evening peak, weekend >= weekday)",4
TEST-02941,Arat Kilo,2025-11-14 13:00:00,21.5,0.0,55.0,16.1,1,0,0,0.0,0,0,0,0,0,0,0,0,0,0,0,48.0,48.0,13,4,0,11,16,317.5416666666667,44.0,48.0,42.0,44.66666666666666,0,Business / office (weekday commute),0
TEST-03240,Ayat,2025-11-14 13:00:00,21.5,0.0,55.0,16.1,1,0,0,0.0,0,0,0,0,0,0,0,0,0,0,0,48.0,48.0,13,4,0,11,16,317.5416666666667,18.0,16.0,9.0,14.333333333333334,1,"Residential (evening peak, weekend >= weekday)",4
TEST-02354,Bole,2025-11-14 13:00:00,21.5,0.0,55.0,16.1,1,0,0,0.0,0,0,0,0,0,0,0,0,0,0,0,48.0,48.0,13,4,0,11,16,317.5416666666667,48.0,39.0,52.0,46.333333333333336,2,"Leisure / nightlife (late, weekend-heavy)",1
TEST-01026,CMC,2025-11-14 13:00:00,21.5,0.0,55.0,16.1,1,0,0,0.0,0,0,0,0,0,0,0,0,0,0,0,48.0,48.0,13,4,0,11,16,317.5416666666667,36.0,25.0,19.0,26.666666666666668,3,"Residential (evening peak, weekend >= weekday)",4
TEST-03308,Gerji,2025-11-14 13:00:00,21.5,0.0,55.0,16.1,1,0,0,0.0,0,0,0,0,0,0,0,0,0,0,0,48.0,48.0,13,4,0,11,16,317.5416666666667,26.0,,13.0,19.5,4,"Residential (evening peak, weekend >= weekday)",4
TEST-00667,Kazanchis,2025-11-14 13:00:00,21.5,0.0,55.0,16.1,1,0,0,0.0,0,0,0,0,0,0,0,0,0,0,0,48.0,48.0,13,4,0,11,16,317.5416666666667,57.0,64.0,44.0,55.0,5,Business / office (weekday commute),0
TEST-02330,Kolfe,2025-11-14 13:00:00,21.5,0.0,55.0,16.1,1,0,0,0.0,0,0,0,0,0,0,0,0,0,0,0,48.0,48.0,13,4,0,11,16,317.5416666666667,20.0,23.0,12.0,18.33333333333333,6,"Residential (evening peak, weekend >= weekday)",4
TEST-00204,Lideta,2025-11-14 13:00:00,21.5,0.0,55.0,16.1,1,0,0,0.0,0,0,0,0,0,0,0,0,0,0,0,48.0,48.0,13,4,0,11,16,317.5416666666667,41.0,28.0,46.0,38.333333333333336,7,Mixed hub (commute + busy midday),3
TEST-03998,Megenagna,2025-11-14 13:00:00,21.5,0.0,55.0,16.1,1,0,0,0.0,0,0,0,0,0,0,0,0,0,0,0,48.0,48.0,13,4,0,11,16,317.5416666666667,67.0,60.0,56.0,61.0,8,Mixed hub (commute + busy midday),3
TEST-01242,Merkato,2025-11-14 13:00:00,21.5,0.0,55.0,16.1,1,0,0,0.0,0,0,0,0,0,0,0,0,0,0,0,48.0,48.0,13,4,0,11,16,317.5416666666667,149.0,105.0,120.0,124.66666666666669,9,Market (midday peak),2
TEST-02432,Piassa,2025-11-14 13:00:00,21.5,0.0,55.0,16.1,1,0,0,0.0,0,0,0,0,0,0,0,0,0,0,0,48.0,48.0,13,4,0,11,16,317.5416666666667,64.0,66.0,57.0,62.333333333333336,10,Business / office (weekday commute),0
TEST-02223,Sarbet,2025-11-14 13:00:00,21.5,0.0,55.0,16.1,1,0,0,0.0,0,0,0,0,0,0,0,0,0,0,0,48.0,48.0,13,4,0,11,16,317.5416666666667,18.0,23.0,23.0,21.33333333333333,11,"Residential (evening peak, weekend >= weekday)",4
TEST-00414,Arat Kilo,2025-11-14 14:00:00,22.8,0.0,62.0,15.1,1,0,0,0.0,0,0,0,0,0,0,0,0,0,0,0,48.0,48.0,14,4,0,11,16,317.5833333333333,40.0,35.0,34.0,36.333333333333336,0,Business / office (weekday commute),0
TEST-02569,Ayat,2025-11-14 14:00:00,22.8,0.0,62.0,15.1,1,0,0,0.0,0,0,0,0,0,0,0,0,0,0,0,48.0,48.0,14,4,0,11,16,317.5833333333333,16.0,21.0,15.0,17.333333333333332,1,"Residential (evening peak, weekend >= weekday)",4
TEST-03106,Bole,2025-11-14 14:00:00,22.8,0.0,62.0,15.1,1,0,0,0.0,0,0,0,0,0,0,0,0,0,0,0,48.0,48.0,14,4,0,11,16,317.5833333333333,42.0,,41.0,41.5,2,"Leisure / nightlife (late, weekend-heavy)",1
TEST-00274,CMC,2025-11-14 14:00:00,22.8,0.0,62.0,15.1,1,0,0,0.0,0,0,0,0,0,0,0,0,0,0,0,48.0,48.0,14,4,0,11,16,317.5833333333333,26.0,18.0,11.0,18.33333333333333,3,"Residential (evening peak, weekend >= weekday)",4
TEST-00691,Gerji,2025-11-14 14:00:00,22.8,0.0,62.0,15.1,1,0,0,0.0,0,0,0,0,0,0,0,0,0,0,0,48.0,48.0,14,4,0,11,16,317.5833333333333,16.0,9.0,16.0,13.666666666666666,4,"Residential (evening peak, weekend >= weekday)",4
TEST-03741,Kazanchis,2025-11-14 14:00:00,22.8,0.0,62.0,15.1,1,0,0,0.0,0,0,0,0,0,0,0,0,0,0,0,48.0,48.0,14,4,0,11,16,317.5833333333333,58.0,48.0,37.0,47.66666666666666,5,Business / office (weekday commute),0
TEST-00302,Kolfe,2025-11-14 14:00:00,22.8,0.0,62.0,15.1,1,0,0,0.0,0,0,0,0,0,0,0,0,0,0,0,48.0,48.0,14,4,0,11,16,317.5833333333333,31.0,19.0,15.0,21.666666666666668,6,"Residential (evening peak, weekend >= weekday)",4
TEST-02355,Lideta,2025-11-14 14:00:00,22.8,0.0,62.0,15.1,1,0,0,0.0,0,0,0,0,0,0,0,0,0,0,0,48.0,48.0,14,4,0,11,16,317.5833333333333,35.0,37.0,32.0,34.666666666666664,7,Mixed hub (commute + busy midday),3
TEST-01062,Megenagna,2025-11-14 14:00:00,22.8,0.0,62.0,15.1,1,0,0,0.0,0,0,0,0,0,0,0,0,0,0,0,48.0,48.0,14,4,0,11,16,317.5833333333333,64.0,24.0,64.0,50.66666666666666,8,Mixed hub (commute + busy midday),3
TEST-04006,Merkato,2025-11-14 14:00:00,22.8,0.0,62.0,15.1,1,0,0,0.0,0,0,0,0,0,0,0,0,0,0,0,48.0,48.0,14,4,0,11,16,317.5833333333333,129.0,,107.0,118.0,9,Market (midday peak),2
TEST-00596,Piassa,2025-11-14 14:00:00,22.8,0.0,62.0,15.1,1,0,0,0.0,0,0,0,0,0,0,0,0,0,0,0,48.0,48.0,14,4,0,11,16,317.5833333333333,44.0,56.0,48.0,49.333333333333336,10,Business / office (weekday commute),0
TEST-03666,Sarbet,2025-11-14 14:00:00,22.8,0.0,62.0,15.1,1,0,0,0.0,0,0,0,0,0,0,0,0,0,0,0,48.0,48.0,14,4,0,11,16,317.5833333333333,14.0,22.0,23.0,19.666666666666668,11,"Residential (evening peak, weekend >= weekday)",4
TEST-03353,Arat Kilo,2025-11-14 15:00:00,21.7,0.0,61.0,18.0,1,0,0,0.0,0,0,0,0,0,0,0,0,0,0,0,48.0,48.0,15,4,0,11,16,317.625,29.0,30.0,43.0,34.0,0,Business / office (weekday commute),0
TEST-03749,Ayat,2025-11-14 15:00:00,21.7,0.0,61.0,18.0,1,0,0,0.0,0,0,0,0,0,0,0,0,0,0,0,48.0,48.0,15,4,0,11,16,317.625,14.0,21.0,8.0,14.333333333333334,1,"Residential (evening peak, weekend >= weekday)",4
TEST-03695,Bole,2025-11-14 15:00:00,21.7,0.0,61.0,18.0,1,0,0,0.0,0,0,0,0,0,0,0,0,0,0,0,48.0,48.0,15,4,0,11,16,317.625,35.0,37.0,34.0,35.333333333333336,2,"Leisure / nightlife (late, weekend-heavy)",1
TEST-03434,CMC,2025-11-14 15:00:00,21.7,0.0,61.0,18.0,1,0,0,0.0,0,0,0,0,0,0,0,0,0,0,0,48.0,48.0,15,4,0,11,16,317.625,27.0,26.0,16.0,23.0,3,"Residential (evening peak, weekend >= weekday)",4
TEST-01186,Gerji,2025-11-14 15:00:00,21.7,0.0,61.0,18.0,1,0,0,0.0,0,0,0,0,0,0,0,0,0,0,0,48.0,48.0,15,4,0,11,16,317.625,25.0,14.0,10.0,16.333333333333332,4,"Residential (evening peak, weekend >= weekday)",4
TEST-02642,Kazanchis,2025-11-14 15:00:00,21.7,0.0,61.0,18.0,1,0,0,0.0,0,0,0,0,0,0,0,0,0,0,0,48.0,48.0,15,4,0,11,16,317.625,38.0,51.0,36.0,41.66666666666666,5,Business / office (weekday commute),0
TEST-01507,Kolfe,2025-11-14 15:00:00,21.7,0.0,61.0,18.0,1,0,0,0.0,0,0,0,0,0,0,0,0,0,0,0,48.0,48.0,15,4,0,11,16,317.625,25.0,20.0,16.0,20.33333333333333,6,"Residential (evening peak, weekend >= weekday)",4
TEST-00487,Lideta,2025-11-14 15:00:00,21.7,0.0,61.0,18.0,1,0,0,0.0,0,0,0,0,0,0,0,0,0,0,0,48.0,48.0,15,4,0,11,16,317.625,38.0,47.0,28.0,37.66666666666666,7,Mixed hub (commute + busy midday),3
TEST-01613,Megenagna,2025-11-14 15:00:00,21.7,0.0,61.0,18.0,1,0,0,0.0,0,0,0,0,0,0,0,0,0,0,0,48.0,48.0,15,4,0,11,16,317.625,62.0,24.0,66.0,50.66666666666666,8,Mixed hub (commute + busy midday),3
TEST-03693,Merkato,2025-11-14 15:00:00,21.7,0.0,61.0,18.0,1,0,0,0.0,0,0,0,0,0,0,0,0,0,0,0,48.0,48.0,15,4,0,11,16,317.625,86.0,93.0,,89.5,9,Market (midday peak),2
TEST-01974,Piassa,2025-11-14 15:00:00,21.7,0.0,61.0,18.0,1,0,0,0.0,0,0,0,0,0,0,0,0,0,0,0,48.0,48.0,15,4,0,11,16,317.625,44.0,58.0,48.0,50.0,10,Business / office (weekday commute),0
TEST-03728,Sarbet,2025-11-14 15:00:00,21.7,0.0,61.0,18.0,1,0,0,0.0,0,0,0,0,0,0,0,0,0,0,0,48.0,48.0,15,4,0,11,16,317.625,18.0,19.0,15.0,17.333333333333332,11,"Residential (evening peak, weekend >= weekday)",4
TEST-01438,Arat Kilo,2025-11-14 16:00:00,22.5,0.0,66.0,18.3,1,0,0,0.0,0,0,0,0,0,0,0,0,0,0,0,48.0,48.0,16,4,0,11,16,317.6666666666667,35.0,37.0,38.0,36.66666666666666,0,Business / office (weekday commute),0
TEST-01350,Ayat,2025-11-14 16:00:00,22.5,0.0,66.0,18.3,1,0,0,0.0,0,0,0,0,0,0,0,0,0,0,0,48.0,48.0,16,4,0,11,16,317.6666666666667,16.0,10.0,17.0,14.333333333333334,1,"Residential (evening peak, weekend >= weekday)",4
TEST-00089,Bole,2025-11-14 16:00:00,22.5,0.0,66.0,18.3,1,0,0,0.0,0,0,0,0,0,0,0,0,0,0,0,48.0,48.0,16,4,0,11,16,317.6666666666667,60.0,30.0,31.0,40.333333333333336,2,"Leisure / nightlife (late, weekend-heavy)",1
TEST-02641,CMC,2025-11-14 16:00:00,22.5,0.0,66.0,18.3,1,0,0,0.0,0,0,0,0,0,0,0,0,0,0,0,48.0,48.0,16,4,0,11,16,317.6666666666667,33.0,30.0,,31.5,3,"Residential (evening peak, weekend >= weekday)",4
TEST-03581,Gerji,2025-11-14 16:00:00,22.5,0.0,66.0,18.3,1,0,0,0.0,0,0,0,0,0,0,0,0,0,0,0,48.0,48.0,16,4,0,11,16,317.6666666666667,29.0,30.0,16.0,25.0,4,"Residential (evening peak, weekend >= weekday)",4
TEST-02240,Kazanchis,2025-11-14 16:00:00,22.5,0.0,66.0,18.3,1,0,0,0.0,0,0,0,0,0,0,0,0,0,0,0,48.0,48.0,16,4,0,11,16,317.6666666666667,67.0,71.0,62.0,66.66666666666667,5,Business / office (weekday commute),0
TEST-00936,Kolfe,2025-11-14 16:00:00,22.5,0.0,66.0,18.3,1,0,0,0.0,0,0,0,0,0,0,0,0,0,0,0,48.0,48.0,16,4,0,11,16,317.6666666666667,20.0,24.0,23.0,22.33333333333333,6,"Residential (evening peak, weekend >= weekday)",4
TEST-00919,Lideta,2025-11-14 16:00:00,22.5,0.0,66.0,18.3,1,0,0,0.0,0,0,0,0,0,0,0,0,0,0,0,48.0,48.0,16,4,0,11,16,317.6666666666667,47.0,67.0,54.0,56.0,7,Mixed hub (commute + busy midday),3
TEST-03530,Megenagna,2025-11-14 16:00:00,22.5,0.0,66.0,18.3,1,0,0,0.0,0,0,0,0,0,0,0,0,0,0,0,48.0,48.0,16,4,0,11,16,317.6666666666667,,58.0,50.0,54.0,8,Mixed hub (commute + busy midday),3
TEST-01803,Merkato,2025-11-14 16:00:00,22.5,0.0,66.0,18.3,1,0,0,0.0,0,0,0,0,0,0,0,0,0,0,0,48.0,48.0,16,4,0,11,16,317.6666666666667,85.0,92.0,81.0,86.0,9,Market (midday peak),2
TEST-00628,Piassa,2025-11-14 16:00:00,22.5,0.0,66.0,18.3,1,0,0,0.0,0,0,0,0,0,0,0,0,0,0,0,48.0,48.0,16,4,0,11,16,317.6666666666667,65.0,75.0,67.0,69.0,10,Business / office (weekday commute),0
TEST-02377,Sarbet,2025-11-14 16:00:00,22.5,0.0,66.0,18.3,1,0,0,0.0,0,0,0,0,0,0,0,0,0,0,0,48.0,48.0,16,4,0,11,16,317.6666666666667,32.0,23.0,23.0,26.0,11,"Residential (evening peak, weekend >= weekday)",4
TEST-03857,Arat Kilo,2025-11-14 17:00:00,22.4,0.0,66.0,6.5,1,0,0,0.0,0,0,0,0,0,0,0,0,0,0,0,48.0,48.0,17,4,0,11,16,317.7083333333333,47.0,59.0,63.0,56.333333333333336,0,Business / office (weekday commute),0
TEST-03030,Ayat,2025-11-14 17:00:00,22.4,0.0,66.0,6.5,1,0,0,0.0,0,0,0,0,0,0,0,0,0,0,0,48.0,48.0,17,4,0,11,16,317.7083333333333,37.0,24.0,19.0,26.666666666666668,1,"Residential (evening peak, weekend >= weekday)",4
TEST-02989,Bole,2025-11-14 17:00:00,22.4,0.0,66.0,6.5,1,0,0,0.0,0,0,0,0,0,0,0,0,0,0,0,48.0,48.0,17,4,0,11,16,317.7083333333333,39.0,52.0,49.0,46.66666666666666,2,"Leisure / nightlife (late, weekend-heavy)",1
TEST-02987,CMC,2025-11-14 17:00:00,22.4,0.0,66.0,6.5,1,0,0,0.0,0,0,0,0,0,0,0,0,0,0,0,48.0,48.0,17,4,0,11,16,317.7083333333333,75.0,45.0,31.0,50.333333333333336,3,"Residential (evening peak, weekend >= weekday)",4
TEST-03023,Gerji,2025-11-14 17:00:00,22.4,0.0,66.0,6.5,1,0,0,0.0,0,0,0,0,0,0,0,0,0,0,0,48.0,48.0,17,4,0,11,16,317.7083333333333,46.0,36.0,24.0,35.333333333333336,4,"Residential (evening peak, weekend >= weekday)",4
TEST-01902,Kazanchis,2025-11-14 17:00:00,22.4,0.0,66.0,6.5,1,0,0,0.0,0,0,0,0,0,0,0,0,0,0,0,48.0,48.0,17,4,0,11,16,317.7083333333333,128.0,94.0,96.0,106.0,5,Business / office (weekday commute),0
TEST-04032,Kolfe,2025-11-14 17:00:00,22.4,0.0,66.0,6.5,1,0,0,0.0,0,0,0,0,0,0,0,0,0,0,0,48.0,48.0,17,4,0,11,16,317.7083333333333,30.0,43.0,30.0,34.333333333333336,6,"Residential (evening peak, weekend >= weekday)",4
TEST-02402,Lideta,2025-11-14 17:00:00,22.4,0.0,66.0,6.5,1,0,0,0.0,0,0,0,0,0,0,0,0,0,0,0,48.0,48.0,17,4,0,11,16,317.7083333333333,87.0,106.0,83.0,92.0,7,Mixed hub (commute + busy midday),3
TEST-01117,Megenagna,2025-11-14 17:00:00,22.4,0.0,66.0,6.5,1,0,0,0.0,0,0,0,0,0,0,0,0,0,0,0,48.0,48.0,17,4,0,11,16,317.7083333333333,87.0,98.0,109.0,98.0,8,Mixed hub (commute + busy midday),3
TEST-01782,Merkato,2025-11-14 17:00:00,22.4,0.0,66.0,6.5,1,0,0,0.0,0,0,0,0,0,0,0,0,0,0,0,48.0,48.0,17,4,0,11,16,317.7083333333333,66.0,65.0,59.0,63.333333333333336,9,Market (midday peak),2
TEST-00621,Piassa,2025-11-14 17:00:00,22.4,0.0,66.0,6.5,1,0,0,0.0,0,0,0,0,0,0,0,0,0,0,0,48.0,48.0,17,4,0,11,16,317.7083333333333,107.0,100.0,97.0,101.33333333333331,10,Business / office (weekday commute),0
TEST-03865,Sarbet,2025-11-14 17:00:00,22.4,0.0,66.0,6.5,1,0,0,0.0,0,0,0,0,0,0,0,0,0,0,0,48.0,48.0,17,4,0,11,16,317.7083333333333,49.0,39.0,23.0,37.0,11,"Residential (evening peak, weekend >= weekday)",4
TEST-03984,Arat Kilo,2025-11-14 18:00:00,20.4,0.0,61.0,10.6,1,0,0,0.0,0,0,0,0,0,0,0,0,0,0,0,48.0,48.0,18,4,0,11,16,317.75,84.0,64.0,80.0,76.0,0,Business / office (weekday commute),0
TEST-00183,Ayat,2025-11-14 18:00:00,20.4,0.0,61.0,10.6,1,0,0,0.0,0,0,0,0,0,0,0,0,0,0,0,48.0,48.0,18,4,0,11,16,317.75,30.0,54.0,42.0,42.0,1,"Residential (evening peak, weekend >= weekday)",4
TEST-03349,Bole,2025-11-14 18:00:00,20.4,0.0,61.0,10.6,1,0,0,0.0,0,0,0,0,0,0,0,0,0,0,0,48.0,48.0,18,4,0,11,16,317.75,45.0,37.0,52.0,44.66666666666666,2,"Leisure / nightlife (late, weekend-heavy)",1
TEST-00629,CMC,2025-11-14 18:00:00,20.4,0.0,61.0,10.6,1,0,0,0.0,0,0,0,0,0,0,0,0,0,0,0,48.0,48.0,18,4,0,11,16,317.75,64.0,51.0,58.0,57.66666666666666,3,"Residential (evening peak, weekend >= weekday)",4
TEST-02464,Gerji,2025-11-14 18:00:00,20.4,0.0,61.0,10.6,1,0,0,0.0,0,0,0,0,0,0,0,0,0,0,0,48.0,48.0,18,4,0,11,16,317.75,58.0,61.0,31.0,50.0,4,"Residential (evening peak, weekend >= weekday)",4
TEST-03336,Kazanchis,2025-11-14 18:00:00,20.4,0.0,61.0,10.6,1,0,0,0.0,0,0,0,0,0,0,0,0,0,0,0,48.0,48.0,18,4,0,11,16,317.75,,114.0,133.0,123.5,5,Business / office (weekday commute),0
TEST-02213,Kolfe,2025-11-14 18:00:00,20.4,0.0,61.0,10.6,1,0,0,0.0,0,0,0,0,0,0,0,0,0,0,0,48.0,48.0,18,4,0,11,16,317.75,52.0,40.0,51.0,47.66666666666666,6,"Residential (evening peak, weekend >= weekday)",4
TEST-03488,Lideta,2025-11-14 18:00:00,20.4,0.0,61.0,10.6,1,0,0,0.0,0,0,0,0,0,0,0,0,0,0,0,48.0,48.0,18,4,0,11,16,317.75,78.0,90.0,91.0,86.33333333333333,7,Mixed hub (commute + busy midday),3
TEST-03536,Megenagna,2025-11-14 18:00:00,20.4,0.0,61.0,10.6,1,0,0,0.0,0,0,0,0,0,0,0,0,0,0,0,48.0,48.0,18,4,0,11,16,317.75,125.0,120.0,107.0,117.33333333333331,8,Mixed hub (commute + busy midday),3
TEST-00402,Merkato,2025-11-14 18:00:00,20.4,0.0,61.0,10.6,1,0,0,0.0,0,0,0,0,0,0,0,0,0,0,0,48.0,48.0,18,4,0,11,16,317.75,28.0,51.0,39.0,39.333333333333336,9,Market (midday peak),2
TEST-01571,Piassa,2025-11-14 18:00:00,20.4,0.0,61.0,10.6,1,0,0,0.0,0,0,0,0,0,0,0,0,0,0,0,48.0,48.0,18,4,0,11,16,317.75,136.0,116.0,92.0,114.66666666666669,10,Business / office (weekday commute),0
TEST-00521,Sarbet,2025-11-14 18:00:00,20.4,0.0,61.0,10.6,1,0,0,0.0,0,0,0,0,0,0,0,0,0,0,0,48.0,48.0,18,4,0,11,16,317.75,50.0,55.0,24.0,43.0,11,"Residential (evening peak, weekend >= weekday)",4
TEST-01374,Arat Kilo,2025-11-14 19:00:00,20.1,0.0,68.0,8.1,1,0,0,0.0,0,0,0,0,0,0,0,0,0,0,0,48.0,48.0,19,4,0,11,16,317.7916666666667,63.0,53.0,63.0,59.66666666666666,0,Business / office (weekday commute),0
TEST-03044,Ayat,2025-11-14 19:00:00,20.1,0.0,68.0,8.1,1,0,0,0.0,0,0,0,0,0,0,0,0,0,0,0,48.0,48.0,19,4,0,11,16,317.7916666666667,60.0,49.0,44.0,51.0,1,"Residential (evening peak, weekend >= weekday)",4
TEST-03438,Bole,2025-11-14 19:00:00,20.1,0.0,68.0,8.1,1,0,0,0.0,0,0,0,0,0,0,0,0,0,0,0,48.0,48.0,19,4,0,11,16,317.7916666666667,67.0,70.0,68.0,68.33333333333333,2,"Leisure / nightlife (late, weekend-heavy)",1
TEST-01927,CMC,2025-11-14 19:00:00,20.1,0.0,68.0,8.1,1,0,0,0.0,0,0,0,0,0,0,0,0,0,0,0,48.0,48.0,19,4,0,11,16,317.7916666666667,79.0,81.0,64.0,74.66666666666667,3,"Residential (evening peak, weekend >= weekday)",4
TEST-00246,Gerji,2025-11-14 19:00:00,20.1,0.0,68.0,8.1,1,0,0,0.0,0,0,0,0,0,0,0,0,0,0,0,48.0,48.0,19,4,0,11,16,317.7916666666667,64.0,57.0,38.0,53.0,4,"Residential (evening peak, weekend >= weekday)",4
TEST-01410,Kazanchis,2025-11-14 19:00:00,20.1,0.0,68.0,8.1,1,0,0,0.0,0,0,0,0,0,0,0,0,0,0,0,48.0,48.0,19,4,0,11,16,317.7916666666667,135.0,106.0,100.0,113.66666666666669,5,Business / office (weekday commute),0
TEST-01790,Kolfe,2025-11-14 19:00:00,20.1,0.0,68.0,8.1,1,0,0,0.0,0,0,0,0,0,0,0,0,0,0,0,48.0,48.0,19,4,0,11,16,317.7916666666667,63.0,48.0,61.0,57.333333333333336,6,"Residential (evening peak, weekend >= weekday)",4
TEST-01991,Lideta,2025-11-14 19:00:00,20.1,0.0,68.0,8.1,1,0,0,0.0,0,0,0,0,0,0,0,0,0,0,0,48.0,48.0,19,4,0,11,16,317.7916666666667,,63.0,58.0,60.5,7,Mixed hub (commute + busy midday),3
TEST-03033,Megenagna,2025-11-14 19:00:00,20.1,0.0,68.0,8.1,1,0,0,0.0,0,0,0,0,0,0,0,0,0,0,0,48.0,48.0,19,4,0,11,16,317.7916666666667,83.0,92.0,120.0,98.33333333333331,8,Mixed hub (commute + busy midday),3
TEST-02105,Merkato,2025-11-14 19:00:00,20.1,0.0,68.0,8.1,1,0,0,0.0,0,0,0,0,0,0,0,0,0,0,0,48.0,48.0,19,4,0,11,16,317.7916666666667,33.0,27.0,24.0,28.0,9,Market (midday peak),2
TEST-03129,Piassa,2025-11-14 19:00:00,20.1,0.0,68.0,8.1,1,0,0,0.0,0,0,0,0,0,0,0,0,0,0,0,48.0,48.0,19,4,0,11,16,317.7916666666667,83.0,99.0,93.0,91.66666666666669,10,Business / office (weekday commute),0
TEST-03822,Sarbet,2025-11-14 19:00:00,20.1,0.0,68.0,8.1,1,0,0,0.0,0,0,0,0,0,0,0,0,0,0,0,48.0,48.0,19,4,0,11,16,317.7916666666667,35.0,48.0,41.0,41.333333333333336,11,"Residential (evening peak, weekend >= weekday)",4
TEST-00562,Arat Kilo,2025-11-14 20:00:00,17.6,0.0,71.0,6.0,1,0,0,0.0,0,0,0,0,0,0,0,0,0,0,0,48.0,48.0,20,4,0,11,16,317.8333333333333,40.0,43.0,49.0,44.0,0,Business / office (weekday commute),0
TEST-02342,Ayat,2025-11-14 20:00:00,17.6,0.0,71.0,6.0,1,0,0,0.0,0,0,0,0,0,0,0,0,0,0,0,48.0,48.0,20,4,0,11,16,317.8333333333333,45.0,36.0,19.0,33.333333333333336,1,"Residential (evening peak, weekend >= weekday)",4
TEST-00124,Bole,2025-11-14 20:00:00,17.6,0.0,71.0,6.0,1,0,0,0.0,0,0,0,0,0,0,0,0,0,0,0,48.0,48.0,20,4,0,11,16,317.8333333333333,85.0,76.0,60.0,73.66666666666667,2,"Leisure / nightlife (late, weekend-heavy)",1
TEST-03086,CMC,2025-11-14 20:00:00,17.6,0.0,71.0,6.0,1,0,0,0.0,0,0,0,0,0,0,0,0,0,0,0,48.0,48.0,20,4,0,11,16,317.8333333333333,76.0,59.0,52.0,62.333333333333336,3,"Residential (evening peak, weekend >= weekday)",4
TEST-03268,Gerji,2025-11-14 20:00:00,17.6,0.0,71.0,6.0,1,0,0,0.0,0,0,0,0,0,0,0,0,0,0,0,48.0,48.0,20,4,0,11,16,317.8333333333333,55.0,60.0,32.0,49.0,4,"Residential (evening peak, weekend >= weekday)",4
TEST-02424,Kazanchis,2025-11-14 20:00:00,17.6,0.0,71.0,6.0,1,0,0,0.0,0,0,0,0,0,0,0,0,0,0,0,48.0,48.0,20,4,0,11,16,317.8333333333333,61.0,68.0,77.0,68.66666666666667,5,Business / office (weekday commute),0
TEST-03958,Kolfe,2025-11-14 20:00:00,17.6,0.0,71.0,6.0,1,0,0,0.0,0,0,0,0,0,0,0,0,0,0,0,48.0,48.0,20,4,0,11,16,317.8333333333333,48.0,49.0,44.0,47.0,6,"Residential (evening peak, weekend >= weekday)",4
TEST-03683,Lideta,2025-11-14 20:00:00,17.6,0.0,71.0,6.0,1,0,0,0.0,0,0,0,0,0,0,0,0,0,0,0,48.0,48.0,20,4,0,11,16,317.8333333333333,42.0,40.0,39.0,40.333333333333336,7,Mixed hub (commute + busy midday),3
TEST-03582,Megenagna,2025-11-14 20:00:00,17.6,0.0,71.0,6.0,1,0,0,0.0,0,0,0,0,0,0,0,0,0,0,0,48.0,48.0,20,4,0,11,16,317.8333333333333,59.0,44.0,53.0,52.0,8,Mixed hub (commute + busy midday),3
TEST-03731,Merkato,2025-11-14 20:00:00,17.6,0.0,71.0,6.0,1,0,0,0.0,0,0,0,0,0,0,0,0,0,0,0,48.0,48.0,20,4,0,11,16,317.8333333333333,8.0,10.0,15.0,11.0,9,Market (midday peak),2
TEST-01234,Piassa,2025-11-14 20:00:00,17.6,0.0,71.0,6.0,1,0,0,0.0,0,0,0,0,0,0,0,0,0,0,0,48.0,48.0,20,4,0,11,16,317.8333333333333,58.0,59.0,50.0,55.66666666666666,10,Business / office (weekday commute),0
TEST-01769,Sarbet,2025-11-14 20:00:00,17.6,0.0,71.0,6.0,1,0,0,0.0,0,0,0,0,0,0,0,0,0,0,0,48.0,48.0,20,4,0,11,16,317.8333333333333,47.0,50.0,40.0,45.66666666666666,11,"Residential (evening peak, weekend >= weekday)",4
TEST-00813,Arat Kilo,2025-11-14 21:00:00,16.1,0.0,84.0,4.4,1,0,0,0.0,0,0,0,0,0,0,0,0,0,0,0,48.0,48.0,21,4,0,11,16,317.875,24.0,24.0,21.0,23.0,0,Business / office (weekday commute),0
TEST-02360,Ayat,2025-11-14 21:00:00,16.1,0.0,84.0,4.4,1,0,0,0.0,0,0,0,0,0,0,0,0,0,0,0,48.0,48.0,21,4,0,11,16,317.875,39.0,33.0,20.0,30.666666666666668,1,"Residential (evening peak, weekend >= weekday)",4
TEST-00032,Bole,2025-11-14 21:00:00,16.1,0.0,84.0,4.4,1,0,0,0.0,0,0,0,0,0,0,0,0,0,0,0,48.0,48.0,21,4,0,11,16,317.875,81.0,103.0,82.0,88.66666666666667,2,"Leisure / nightlife (late, weekend-heavy)",1
TEST-00269,CMC,2025-11-14 21:00:00,16.1,0.0,84.0,4.4,1,0,0,0.0,0,0,0,0,0,0,0,0,0,0,0,48.0,48.0,21,4,0,11,16,317.875,47.0,35.0,44.0,42.0,3,"Residential (evening peak, weekend >= weekday)",4
TEST-02722,Gerji,2025-11-14 21:00:00,16.1,0.0,84.0,4.4,1,0,0,0.0,0,0,0,0,0,0,0,0,0,0,0,48.0,48.0,21,4,0,11,16,317.875,43.0,34.0,31.0,36.0,4,"Residential (evening peak, weekend >= weekday)",4
TEST-03236,Kazanchis,2025-11-14 21:00:00,16.1,0.0,84.0,4.4,1,0,0,0.0,0,0,0,0,0,0,0,0,0,0,0,48.0,48.0,21,4,0,11,16,317.875,58.0,40.0,35.0,44.333333333333336,5,Business / office (weekday commute),0
TEST-02870,Kolfe,2025-11-14 21:00:00,16.1,0.0,84.0,4.4,1,0,0,0.0,0,0,0,0,0,0,0,0,0,0,0,48.0,48.0,21,4,0,11,16,317.875,40.0,31.0,36.0,35.666666666666664,6,"Residential (evening peak, weekend >= weekday)",4
TEST-02099,Lideta,2025-11-14 21:00:00,16.1,0.0,84.0,4.4,1,0,0,0.0,0,0,0,0,0,0,0,0,0,0,0,48.0,48.0,21,4,0,11,16,317.875,25.0,17.0,15.0,19.0,7,Mixed hub (commute + busy midday),3
TEST-03110,Megenagna,2025-11-14 21:00:00,16.1,0.0,84.0,4.4,1,0,0,0.0,0,0,0,0,0,0,0,0,0,0,0,48.0,48.0,21,4,0,11,16,317.875,15.0,27.0,19.0,20.33333333333333,8,Mixed hub (commute + busy midday),3
TEST-00239,Merkato,2025-11-14 21:00:00,16.1,0.0,84.0,4.4,1,0,0,0.0,0,0,0,0,0,0,0,0,0,0,0,48.0,48.0,21,4,0,11,16,317.875,7.0,5.0,10.0,7.333333333333333,9,Market (midday peak),2
TEST-00875,Piassa,2025-11-14 21:00:00,16.1,0.0,84.0,4.4,1,0,0,0.0,0,0,0,0,0,0,0,0,0,0,0,48.0,48.0,21,4,0,11,16,317.875,49.0,36.0,15.0,33.333333333333336,10,Business / office (weekday commute),0
TEST-00997,Sarbet,2025-11-14 21:00:00,16.1,0.0,84.0,4.4,1,0,0,0.0,0,0,0,0,0,0,0,0,0,0,0,48.0,48.0,21,4,0,11,16,317.875,52.0,26.0,19.0,32.333333333333336,11,"Residential (evening peak, weekend >= weekday)",4
TEST-00736,Arat Kilo,2025-11-14 22:00:00,14.9,0.0,78.0,3.7,1,0,0,0.0,0,0,0,0,0,0,0,0,0,0,0,48.0,48.0,22,4,0,11,16,317.9166666666667,14.0,17.0,,15.5,0,Business / office (weekday commute),0
TEST-02191,Ayat,2025-11-14 22:00:00,14.9,0.0,78.0,3.7,1,0,0,0.0,0,0,0,0,0,0,0,0,0,0,0,48.0,48.0,22,4,0,11,16,317.9166666666667,15.0,21.0,15.0,17.0,1,"Residential (evening peak, weekend >= weekday)",4
TEST-02740,Bole,2025-11-14 22:00:00,14.9,0.0,78.0,3.7,1,0,0,0.0,0,0,0,0,0,0,0,0,0,0,0,48.0,48.0,22,4,0,11,16,317.9166666666667,87.0,83.0,73.0,81.0,2,"Leisure / nightlife (late, weekend-heavy)",1
TEST-00177,CMC,2025-11-14 22:00:00,14.9,0.0,78.0,3.7,1,0,0,0.0,0,0,0,0,0,0,0,0,0,0,0,48.0,48.0,22,4,0,11,16,317.9166666666667,26.0,33.0,35.0,31.33333333333333,3,"Residential (evening peak, weekend >= weekday)",4
TEST-02632,Gerji,2025-11-14 22:00:00,14.9,0.0,78.0,3.7,1,0,0,0.0,0,0,0,0,0,0,0,0,0,0,0,48.0,48.0,22,4,0,11,16,317.9166666666667,24.0,23.0,19.0,22.0,4,"Residential (evening peak, weekend >= weekday)",4
TEST-01278,Kazanchis,2025-11-14 22:00:00,14.9,0.0,78.0,3.7,1,0,0,0.0,0,0,0,0,0,0,0,0,0,0,0,48.0,48.0,22,4,0,11,16,317.9166666666667,24.0,28.0,20.0,24.0,5,Business / office (weekday commute),0
TEST-03845,Kolfe,2025-11-14 22:00:00,14.9,0.0,78.0,3.7,1,0,0,0.0,0,0,0,0,0,0,0,0,0,0,0,48.0,48.0,22,4,0,11,16,317.9166666666667,39.0,27.0,22.0,29.33333333333333,6,"Residential (evening peak, weekend >= weekday)",4
TEST-03933,Lideta,2025-11-14 22:00:00,14.9,0.0,78.0,3.7,1,0,0,0.0,0,0,0,0,0,0,0,0,0,0,0,48.0,48.0,22,4,0,11,16,317.9166666666667,13.0,10.0,12.0,11.666666666666666,7,Mixed hub (commute + busy midday),3
TEST-00506,Megenagna,2025-11-14 22:00:00,14.9,0.0,78.0,3.7,1,0,0,0.0,0,0,0,0,0,0,0,0,0,0,0,48.0,48.0,22,4,0,11,16,317.9166666666667,24.0,17.0,21.0,20.666666666666668,8,Mixed hub (commute + busy midday),3
TEST-01256,Merkato,2025-11-14 22:00:00,14.9,0.0,78.0,3.7,1,0,0,0.0,0,0,0,0,0,0,0,0,0,0,0,48.0,48.0,22,4,0,11,16,317.9166666666667,9.0,5.0,9.0,7.666666666666667,9,Market (midday peak),2
TEST-03265,Piassa,2025-11-14 22:00:00,14.9,0.0,78.0,3.7,1,0,0,0.0,0,0,0,0,0,0,0,0,0,0,0,48.0,48.0,22,4,0,11,16,317.9166666666667,19.0,23.0,12.0,18.0,10,Business / office (weekday commute),0
TEST-00196,Sarbet,2025-11-14 22:00:00,14.9,0.0,78.0,3.7,1,0,0,0.0,0,0,0,0,0,0,0,0,0,0,0,48.0,48.0,22,4,0,11,16,317.9166666666667,23.0,17.0,28.0,22.666666666666668,11,"Residential (evening peak, weekend >= weekday)",4
TEST-03471,Arat Kilo,2025-11-14 23:00:00,11.5,0.0,86.0,8.4,1,0,0,0.0,0,0,0,0,0,0,0,0,0,0,0,48.0,48.0,23,4,0,11,16,317.9583333333333,10.0,5.0,4.0,6.333333333333333,0,Business / office (weekday commute),0
TEST-01789,Ayat,2025-11-14 23:00:00,11.5,0.0,86.0,8.4,1,0,0,0.0,0,0,0,0,0,0,0,0,0,0,0,48.0,48.0,23,4,0,11,16,317.9583333333333,6.0,8.0,6.0,6.666666666666667,1,"Residential (evening peak, weekend >= weekday)",4
TEST-00058,Bole,2025-11-14 23:00:00,11.5,0.0,86.0,8.4,1,0,0,0.0,0,0,0,0,0,0,0,0,0,0,0,48.0,48.0,23,4,0,11,16,317.9583333333333,79.0,80.0,84.0,81.0,2,"Leisure / nightlife (late, weekend-heavy)",1
TEST-01150,CMC,2025-11-14 23:00:00,11.5,0.0,86.0,8.4,1,0,0,0.0,0,0,0,0,0,0,0,0,0,0,0,48.0,48.0,23,4,0,11,16,317.9583333333333,11.0,10.0,10.0,10.333333333333334,3,"Residential (evening peak, weekend >= weekday)",4
TEST-01095,Gerji,2025-11-14 23:00:00,11.5,0.0,86.0,8.4,1,0,0,0.0,0,0,0,0,0,0,0,0,0,0,0,48.0,48.0,23,4,0,11,16,317.9583333333333,6.0,12.0,,9.0,4,"Residential (evening peak, weekend >= weekday)",4
TEST-00042,Kazanchis,2025-11-14 23:00:00,11.5,0.0,86.0,8.4,1,0,0,0.0,0,0,0,0,0,0,0,0,0,0,0,48.0,48.0,23,4,0,11,16,317.9583333333333,12.0,5.0,8.0,8.333333333333334,5,Business / office (weekday commute),0
TEST-03148,Kolfe,2025-11-14 23:00:00,11.5,0.0,86.0,8.4,1,0,0,0.0,0,0,0,0,0,0,0,0,0,0,0,48.0,48.0,23,4,0,11,16,317.9583333333333,6.0,14.0,11.0,10.333333333333334,6,"Residential (evening peak, weekend >= weekday)",4
TEST-03057,Lideta,2025-11-14 23:00:00,11.5,0.0,86.0,8.4,1,0,0,0.0,0,0,0,0,0,0,0,0,0,0,0,48.0,48.0,23,4,0,11,16,317.9583333333333,13.0,10.0,5.0,9.333333333333334,7,Mixed hub (commute + busy midday),3
TEST-01674,Megenagna,2025-11-14 23:00:00,11.5,0.0,86.0,8.4,1,0,0,0.0,0,0,0,0,0,0,0,0,0,0,0,48.0,48.0,23,4,0,11,16,317.9583333333333,7.0,7.0,9.0,7.666666666666667,8,Mixed hub (commute + busy midday),3
TEST-00294,Merkato,2025-11-14 23:00:00,11.5,0.0,86.0,8.4,1,0,0,0.0,0,0,0,0,0,0,0,0,0,0,0,48.0,48.0,23,4,0,11,16,317.9583333333333,7.0,8.0,5.0,6.666666666666667,9,Market (midday peak),2
TEST-02269,Piassa,2025-11-14 23:00:00,11.5,0.0,86.0,8.4,1,0,0,0.0,0,0,0,0,0,0,0,0,0,0,0,48.0,48.0,23,4,0,11,16,317.9583333333333,9.0,5.0,9.0,7.666666666666667,10,Business / office (weekday commute),0
TEST-03437,Sarbet,2025-11-14 23:00:00,11.5,0.0,86.0,8.4,1,0,0,0.0,0,0,0,0,0,0,0,0,0,0,0,48.0,48.0,23,4,0,11,16,317.9583333333333,9.0,10.0,16.0,11.666666666666666,11,"Residential (evening peak, weekend >= weekday)",4
